fault_id,fault_type,table,record_id,detail
FAULT-00001,duplicate_keys,trans,3475388,duplicated trans_id with amount changed to 181.5
FAULT-00002,duplicate_keys,trans,3555310,duplicated trans_id with amount changed to 74.9
FAULT-00003,duplicate_keys,trans,530701,duplicated trans_id with amount changed to 9008.0
FAULT-00004,duplicate_keys,trans,3680671,duplicated trans_id with amount changed to 331.7
FAULT-00005,duplicate_keys,trans,1092120,duplicated trans_id with amount changed to 28.2
FAULT-00006,duplicate_keys,trans,283333,duplicated trans_id with amount changed to 8150.9
FAULT-00007,duplicate_keys,trans,405100,duplicated trans_id with amount changed to 23478.8
FAULT-00008,duplicate_keys,trans,2135572,duplicated trans_id with amount changed to 73636.7
FAULT-00009,duplicate_keys,trans,81017,duplicated trans_id with amount changed to 588.4
FAULT-00010,duplicate_keys,trans,2797105,duplicated trans_id with amount changed to 121.8
FAULT-00011,duplicate_keys,trans,47415,duplicated trans_id with amount changed to 16.1
FAULT-00012,duplicate_keys,trans,3242465,duplicated trans_id with amount changed to 27506.5
FAULT-00013,duplicate_keys,trans,746604,duplicated trans_id with amount changed to 13162.4
FAULT-00014,duplicate_keys,trans,3618,duplicated trans_id with amount changed to 3379.5
FAULT-00015,duplicate_keys,trans,3650326,duplicated trans_id with amount changed to 422.2
FAULT-00016,duplicate_keys,trans,342319,duplicated trans_id with amount changed to 2123.0
FAULT-00017,duplicate_keys,trans,430856,duplicated trans_id with amount changed to 1982.1
FAULT-00018,duplicate_keys,trans,1165731,duplicated trans_id with amount changed to 18671.6
FAULT-00019,duplicate_keys,trans,119778,duplicated trans_id with amount changed to 26.0
FAULT-00020,duplicate_keys,trans,1063574,duplicated trans_id with amount changed to 6919.6
FAULT-00021,duplicate_keys,trans,1563008,duplicated trans_id with amount changed to 1261.5
FAULT-00022,duplicate_keys,trans,304614,duplicated trans_id with amount changed to 18.0
FAULT-00023,duplicate_keys,trans,489664,duplicated trans_id with amount changed to 727.0
FAULT-00024,duplicate_keys,trans,254573,duplicated trans_id with amount changed to 16442.2
FAULT-00025,duplicate_keys,trans,907059,duplicated trans_id with amount changed to 2934.2
FAULT-00026,duplicate_keys,trans,473378,duplicated trans_id with amount changed to 6360.2
FAULT-00027,duplicate_keys,trans,823552,duplicated trans_id with amount changed to 2319.5
FAULT-00028,duplicate_keys,trans,3534589,duplicated trans_id with amount changed to 217.6
FAULT-00029,duplicate_keys,trans,3558725,duplicated trans_id with amount changed to 459.4
FAULT-00030,duplicate_keys,trans,2847320,duplicated trans_id with amount changed to 16660.1
FAULT-00031,duplicate_keys,trans,225187,duplicated trans_id with amount changed to 5869.9
FAULT-00032,duplicate_keys,trans,1633819,duplicated trans_id with amount changed to 24.0
FAULT-00033,duplicate_keys,trans,20858,duplicated trans_id with amount changed to 1709.3
FAULT-00034,duplicate_keys,trans,3512155,duplicated trans_id with amount changed to 112.4
FAULT-00035,duplicate_keys,trans,1301592,duplicated trans_id with amount changed to 7398.9
FAULT-00036,duplicate_keys,trans,7310,duplicated trans_id with amount changed to 13938.7
FAULT-00037,duplicate_keys,trans,3488386,duplicated trans_id with amount changed to 96.9
FAULT-00038,duplicate_keys,trans,764996,duplicated trans_id with amount changed to 1910.0
FAULT-00039,duplicate_keys,trans,3558332,duplicated trans_id with amount changed to 320.9
FAULT-00040,duplicate_keys,trans,3583168,duplicated trans_id with amount changed to 343.4
FAULT-00041,duplicate_keys,trans,207521,duplicated trans_id with amount changed to 1292.1
FAULT-00042,duplicate_keys,trans,1097901,duplicated trans_id with amount changed to 4310.2
FAULT-00043,duplicate_keys,trans,170973,duplicated trans_id with amount changed to 11103.3
FAULT-00044,duplicate_keys,trans,1115474,duplicated trans_id with amount changed to 1.5
FAULT-00045,duplicate_keys,trans,2371592,duplicated trans_id with amount changed to 879.9
FAULT-00046,duplicate_keys,trans,108268,duplicated trans_id with amount changed to 4338.1
FAULT-00047,duplicate_keys,trans,1183199,duplicated trans_id with amount changed to 34402.0
FAULT-00048,duplicate_keys,trans,176502,duplicated trans_id with amount changed to 44608.3
FAULT-00049,duplicate_keys,trans,3439132,duplicated trans_id with amount changed to 249.0
FAULT-00050,duplicate_keys,trans,292282,duplicated trans_id with amount changed to 4738.6
FAULT-00051,duplicate_keys,trans,682701,duplicated trans_id with amount changed to 404.8
FAULT-00052,duplicate_keys,trans,51556,duplicated trans_id with amount changed to 18786.2
FAULT-00053,duplicate_keys,trans,1057240,duplicated trans_id with amount changed to 5766.0
FAULT-00054,duplicate_keys,trans,1295529,duplicated trans_id with amount changed to 11.5
FAULT-00055,duplicate_keys,trans,1635573,duplicated trans_id with amount changed to 4166.4
FAULT-00056,duplicate_keys,trans,516775,duplicated trans_id with amount changed to 16.6
FAULT-00057,duplicate_keys,trans,1401642,duplicated trans_id with amount changed to 32592.7
FAULT-00058,duplicate_keys,trans,565696,duplicated trans_id with amount changed to 12840.6
FAULT-00059,duplicate_keys,trans,521130,duplicated trans_id with amount changed to 120.2
FAULT-00060,duplicate_keys,trans,1050437,duplicated trans_id with amount changed to 596.0
FAULT-00061,duplicate_keys,trans,860721,duplicated trans_id with amount changed to 4.9
FAULT-00062,duplicate_keys,trans,121876,duplicated trans_id with amount changed to 17223.6
FAULT-00063,duplicate_keys,trans,535409,duplicated trans_id with amount changed to 21804.4
FAULT-00064,duplicate_keys,trans,1024180,duplicated trans_id with amount changed to 53360.0
FAULT-00065,duplicate_keys,trans,754457,duplicated trans_id with amount changed to 1345.7
FAULT-00066,duplicate_keys,trans,441277,duplicated trans_id with amount changed to 9.7
FAULT-00067,duplicate_keys,trans,819229,duplicated trans_id with amount changed to 1332.6
FAULT-00068,duplicate_keys,trans,591549,duplicated trans_id with amount changed to 15611.8
FAULT-00069,duplicate_keys,trans,681881,duplicated trans_id with amount changed to 9536.0
FAULT-00070,duplicate_keys,trans,456160,duplicated trans_id with amount changed to 10626.2
FAULT-00071,duplicate_keys,trans,3577948,duplicated trans_id with amount changed to 131.9
FAULT-00072,duplicate_keys,trans,3027140,duplicated trans_id with amount changed to 5352.4
FAULT-00073,duplicate_keys,trans,973571,duplicated trans_id with amount changed to 3203.6
FAULT-00074,duplicate_keys,trans,115765,duplicated trans_id with amount changed to 795.2
FAULT-00075,duplicate_keys,trans,706363,duplicated trans_id with amount changed to 5399.7
FAULT-00076,duplicate_keys,trans,289816,duplicated trans_id with amount changed to 6883.3
FAULT-00077,duplicate_keys,trans,2402563,duplicated trans_id with amount changed to 8284.4
FAULT-00078,duplicate_keys,trans,3535333,duplicated trans_id with amount changed to 117.3
FAULT-00079,duplicate_keys,trans,86737,duplicated trans_id with amount changed to 5213.1
FAULT-00080,duplicate_keys,trans,274921,duplicated trans_id with amount changed to 782.0
FAULT-00081,duplicate_keys,trans,132875,duplicated trans_id with amount changed to 9653.7
FAULT-00082,duplicate_keys,trans,3662806,duplicated trans_id with amount changed to 127.6
FAULT-00083,duplicate_keys,trans,1068360,duplicated trans_id with amount changed to 4535.1
FAULT-00084,duplicate_keys,trans,2466035,duplicated trans_id with amount changed to 70593.0
FAULT-00085,duplicate_keys,trans,3555095,duplicated trans_id with amount changed to 102.2
FAULT-00086,duplicate_keys,trans,2548831,duplicated trans_id with amount changed to 13617.7
FAULT-00087,duplicate_keys,trans,3609024,duplicated trans_id with amount changed to 198.8
FAULT-00088,duplicate_keys,trans,178395,duplicated trans_id with amount changed to 21270.5
FAULT-00089,duplicate_keys,trans,1344937,duplicated trans_id with amount changed to 24111.0
FAULT-00090,duplicate_keys,trans,998194,duplicated trans_id with amount changed to 3457.8
FAULT-00091,duplicate_keys,trans,994002,duplicated trans_id with amount changed to 41343.7
FAULT-00092,duplicate_keys,trans,3680320,duplicated trans_id with amount changed to 397.8
FAULT-00093,duplicate_keys,trans,1192485,duplicated trans_id with amount changed to 18.1
FAULT-00094,duplicate_keys,trans,838435,duplicated trans_id with amount changed to 7700.3
FAULT-00095,duplicate_keys,trans,1549039,duplicated trans_id with amount changed to 10.5
FAULT-00096,duplicate_keys,trans,249576,duplicated trans_id with amount changed to 8236.5
FAULT-00097,duplicate_keys,trans,764881,duplicated trans_id with amount changed to 3211.1
FAULT-00098,duplicate_keys,trans,73435,duplicated trans_id with amount changed to 20667.2
FAULT-00099,duplicate_keys,trans,1160582,duplicated trans_id with amount changed to 7414.3
FAULT-00100,duplicate_keys,trans,3640411,duplicated trans_id with amount changed to 74.3
FAULT-00101,duplicate_keys,trans,3021195,duplicated trans_id with amount changed to 17529.2
FAULT-00102,duplicate_keys,trans,2906767,duplicated trans_id with amount changed to 5258.2
FAULT-00103,duplicate_keys,trans,3561048,duplicated trans_id with amount changed to 302.9
FAULT-00104,duplicate_keys,trans,152097,duplicated trans_id with amount changed to 2659.1
FAULT-00105,duplicate_keys,trans,986856,duplicated trans_id with amount changed to 2189.1
FAULT-00106,duplicate_keys,trans,807759,duplicated trans_id with amount changed to 739.2
FAULT-00107,duplicate_keys,trans,1100632,duplicated trans_id with amount changed to 25.3
FAULT-00108,duplicate_keys,trans,555019,duplicated trans_id with amount changed to 2857.6
FAULT-00109,duplicate_keys,trans,661258,duplicated trans_id with amount changed to 2430.3
FAULT-00110,duplicate_keys,trans,590540,duplicated trans_id with amount changed to 10415.8
FAULT-00111,duplicate_keys,trans,398016,duplicated trans_id with amount changed to 13183.6
FAULT-00112,duplicate_keys,trans,3460998,duplicated trans_id with amount changed to 264.2
FAULT-00113,duplicate_keys,trans,62254,duplicated trans_id with amount changed to 8877.4
FAULT-00114,duplicate_keys,trans,827426,duplicated trans_id with amount changed to 13263.3
FAULT-00115,duplicate_keys,trans,88208,duplicated trans_id with amount changed to 15.9
FAULT-00116,duplicate_keys,trans,1302494,duplicated trans_id with amount changed to 4820.1
FAULT-00117,duplicate_keys,trans,243901,duplicated trans_id with amount changed to 8197.1
FAULT-00118,duplicate_keys,trans,221573,duplicated trans_id with amount changed to 9067.5
FAULT-00119,duplicate_keys,trans,137931,duplicated trans_id with amount changed to 39148.4
FAULT-00120,duplicate_keys,trans,165353,duplicated trans_id with amount changed to 1300.3
FAULT-00121,duplicate_keys,trans,103129,duplicated trans_id with amount changed to 2384.5
FAULT-00122,duplicate_keys,trans,1982572,duplicated trans_id with amount changed to 210.4
FAULT-00123,duplicate_keys,trans,877411,duplicated trans_id with amount changed to 4221.0
FAULT-00124,duplicate_keys,trans,132033,duplicated trans_id with amount changed to 1225.4
FAULT-00125,duplicate_keys,trans,3478781,duplicated trans_id with amount changed to 518.6
FAULT-00126,duplicate_keys,trans,741363,duplicated trans_id with amount changed to 8140.4
FAULT-00127,duplicate_keys,trans,3499978,duplicated trans_id with amount changed to 69.9
FAULT-00128,duplicate_keys,trans,522069,duplicated trans_id with amount changed to 6421.3
FAULT-00129,duplicate_keys,trans,712117,duplicated trans_id with amount changed to 11.1
FAULT-00130,duplicate_keys,trans,610689,duplicated trans_id with amount changed to 1214.3
FAULT-00131,duplicate_keys,trans,847136,duplicated trans_id with amount changed to 5379.0
FAULT-00132,duplicate_keys,trans,3608629,duplicated trans_id with amount changed to 334.0
FAULT-00133,duplicate_keys,trans,842420,duplicated trans_id with amount changed to 5309.9
FAULT-00134,duplicate_keys,trans,2586416,duplicated trans_id with amount changed to 7115.1
FAULT-00135,duplicate_keys,trans,1296495,duplicated trans_id with amount changed to 6452.0
FAULT-00136,duplicate_keys,trans,815236,duplicated trans_id with amount changed to 1307.3
FAULT-00137,duplicate_keys,trans,578452,duplicated trans_id with amount changed to 26.5
FAULT-00138,duplicate_keys,trans,418335,duplicated trans_id with amount changed to 11880.5
FAULT-00139,duplicate_keys,trans,633384,duplicated trans_id with amount changed to 4347.7
FAULT-00140,duplicate_keys,trans,3532105,duplicated trans_id with amount changed to 53.0
FAULT-00141,duplicate_keys,trans,408794,duplicated trans_id with amount changed to 3504.3
FAULT-00142,duplicate_keys,trans,392018,duplicated trans_id with amount changed to 9658.6
FAULT-00143,duplicate_keys,trans,64273,duplicated trans_id with amount changed to 9149.5
FAULT-00144,duplicate_keys,trans,265502,duplicated trans_id with amount changed to 3393.2
FAULT-00145,duplicate_keys,trans,1730807,duplicated trans_id with amount changed to 22943.7
FAULT-00146,duplicate_keys,trans,389696,duplicated trans_id with amount changed to 1273.3
FAULT-00147,duplicate_keys,trans,108667,duplicated trans_id with amount changed to 1293.2
FAULT-00148,duplicate_keys,trans,1040194,duplicated trans_id with amount changed to 5312.8
FAULT-00149,duplicate_keys,trans,3627497,duplicated trans_id with amount changed to 114.5
FAULT-00150,duplicate_keys,trans,3653248,duplicated trans_id with amount changed to 73.5
FAULT-00151,duplicate_keys,trans,1857932,duplicated trans_id with amount changed to 20.5
FAULT-00152,duplicate_keys,trans,200977,duplicated trans_id with amount changed to 660.1
FAULT-00153,duplicate_keys,trans,130762,duplicated trans_id with amount changed to 1246.4
FAULT-00154,duplicate_keys,trans,227830,duplicated trans_id with amount changed to 1353.6
FAULT-00155,duplicate_keys,trans,1643785,duplicated trans_id with amount changed to 10312.3
FAULT-00156,duplicate_keys,trans,386673,duplicated trans_id with amount changed to 25.4
FAULT-00157,duplicate_keys,trans,3619275,duplicated trans_id with amount changed to 125.2
FAULT-00158,duplicate_keys,trans,471039,duplicated trans_id with amount changed to 15.7
FAULT-00159,duplicate_keys,trans,3560457,duplicated trans_id with amount changed to 66.1
FAULT-00160,duplicate_keys,trans,24576,duplicated trans_id with amount changed to 2565.8
FAULT-00161,duplicate_keys,trans,1016553,duplicated trans_id with amount changed to 1312.4
FAULT-00162,duplicate_keys,trans,7312,duplicated trans_id with amount changed to 4173.0
FAULT-00163,duplicate_keys,trans,649502,duplicated trans_id with amount changed to 77263.9
FAULT-00164,duplicate_keys,trans,822231,duplicated trans_id with amount changed to 5236.3
FAULT-00165,duplicate_keys,trans,3466111,duplicated trans_id with amount changed to 135.0
FAULT-00166,duplicate_keys,trans,911871,duplicated trans_id with amount changed to 11.9
FAULT-00167,duplicate_keys,trans,471376,duplicated trans_id with amount changed to 4862.3
FAULT-00168,duplicate_keys,trans,449490,duplicated trans_id with amount changed to 5849.8
FAULT-00169,duplicate_keys,trans,18049,duplicated trans_id with amount changed to 1246.8
FAULT-00170,duplicate_keys,trans,992444,duplicated trans_id with amount changed to 6612.9
FAULT-00171,duplicate_keys,trans,442555,duplicated trans_id with amount changed to 3976.3
FAULT-00172,duplicate_keys,trans,795424,duplicated trans_id with amount changed to 27318.1
FAULT-00173,duplicate_keys,trans,3552676,duplicated trans_id with amount changed to 145.6
FAULT-00174,duplicate_keys,trans,3459719,duplicated trans_id with amount changed to 130.4
FAULT-00175,duplicate_keys,trans,1309261,duplicated trans_id with amount changed to 3208.8
FAULT-00176,duplicate_keys,trans,659096,duplicated trans_id with amount changed to 29810.7
FAULT-00177,duplicate_keys,trans,1002513,duplicated trans_id with amount changed to 11.6
FAULT-00178,duplicate_keys,trans,3583072,duplicated trans_id with amount changed to 182.0
FAULT-00179,duplicate_keys,trans,51449,duplicated trans_id with amount changed to 10510.6
FAULT-00180,duplicate_keys,trans,3453846,duplicated trans_id with amount changed to 2.7
FAULT-00181,duplicate_keys,trans,258052,duplicated trans_id with amount changed to 11.8
FAULT-00182,duplicate_keys,trans,366909,duplicated trans_id with amount changed to 16.6
FAULT-00183,duplicate_keys,trans,2715596,duplicated trans_id with amount changed to 25443.5
FAULT-00184,duplicate_keys,trans,496847,duplicated trans_id with amount changed to 17687.8
FAULT-00185,duplicate_keys,trans,1339460,duplicated trans_id with amount changed to 19515.6
FAULT-00186,duplicate_keys,trans,390254,duplicated trans_id with amount changed to 14.3
FAULT-00187,duplicate_keys,trans,860541,duplicated trans_id with amount changed to 5122.4
FAULT-00188,duplicate_keys,trans,3574231,duplicated trans_id with amount changed to 115.2
FAULT-00189,duplicate_keys,trans,46377,duplicated trans_id with amount changed to 15.1
FAULT-00190,duplicate_keys,trans,872588,duplicated trans_id with amount changed to 7804.8
FAULT-00191,duplicate_keys,trans,3394183,duplicated trans_id with amount changed to 1698.9
FAULT-00192,duplicate_keys,trans,1096122,duplicated trans_id with amount changed to 9858.6
FAULT-00193,duplicate_keys,trans,1427280,duplicated trans_id with amount changed to 15393.4
FAULT-00194,duplicate_keys,trans,329966,duplicated trans_id with amount changed to 62897.4
FAULT-00195,duplicate_keys,trans,539165,duplicated trans_id with amount changed to 9.5
FAULT-00196,duplicate_keys,trans,983159,duplicated trans_id with amount changed to 1256.1
FAULT-00197,duplicate_keys,trans,935953,duplicated trans_id with amount changed to 843.3
FAULT-00198,duplicate_keys,trans,3235416,duplicated trans_id with amount changed to 5002.7
FAULT-00199,duplicate_keys,trans,363700,duplicated trans_id with amount changed to 751.2
FAULT-00200,duplicate_keys,trans,3525540,duplicated trans_id with amount changed to 190.7
FAULT-00201,duplicate_keys,trans,3661187,duplicated trans_id with amount changed to 149.3
FAULT-00202,duplicate_keys,trans,211371,duplicated trans_id with amount changed to 59372.4
FAULT-00203,duplicate_keys,trans,1034618,duplicated trans_id with amount changed to 6445.5
FAULT-00204,duplicate_keys,trans,235621,duplicated trans_id with amount changed to 4069.8
FAULT-00205,duplicate_keys,trans,604396,duplicated trans_id with amount changed to 57.8
FAULT-00206,duplicate_keys,trans,1029483,duplicated trans_id with amount changed to 1652.8
FAULT-00207,duplicate_keys,trans,235430,duplicated trans_id with amount changed to 17154.7
FAULT-00208,duplicate_keys,trans,411507,duplicated trans_id with amount changed to 6768.8
FAULT-00209,duplicate_keys,trans,433835,duplicated trans_id with amount changed to 28058.1
FAULT-00210,duplicate_keys,trans,1293001,duplicated trans_id with amount changed to 10172.0
FAULT-00211,duplicate_keys,trans,3533213,duplicated trans_id with amount changed to 55.8
FAULT-00212,duplicate_keys,trans,3584473,duplicated trans_id with amount changed to 112.6
FAULT-00213,duplicate_keys,trans,591402,duplicated trans_id with amount changed to 4797.2
FAULT-00214,duplicate_keys,trans,1028767,duplicated trans_id with amount changed to 2381.8
FAULT-00215,duplicate_keys,trans,339491,duplicated trans_id with amount changed to 4276.5
FAULT-00216,duplicate_keys,trans,886046,duplicated trans_id with amount changed to 15.6
FAULT-00217,duplicate_keys,trans,163071,duplicated trans_id with amount changed to 4714.0
FAULT-00218,duplicate_keys,trans,572928,duplicated trans_id with amount changed to 59.2
FAULT-00219,duplicate_keys,trans,1176603,duplicated trans_id with amount changed to 10.1
FAULT-00220,duplicate_keys,trans,3571540,duplicated trans_id with amount changed to 118.6
FAULT-00221,duplicate_keys,trans,655912,duplicated trans_id with amount changed to 51527.4
FAULT-00222,duplicate_keys,trans,761954,duplicated trans_id with amount changed to 9.6
FAULT-00223,duplicate_keys,trans,3594288,duplicated trans_id with amount changed to 208.2
FAULT-00224,duplicate_keys,trans,257312,duplicated trans_id with amount changed to 22728.0
FAULT-00225,duplicate_keys,trans,486745,duplicated trans_id with amount changed to 2912.7
FAULT-00226,duplicate_keys,trans,54892,duplicated trans_id with amount changed to 16.2
FAULT-00227,duplicate_keys,trans,3303053,duplicated trans_id with amount changed to 43137.7
FAULT-00228,duplicate_keys,trans,523724,duplicated trans_id with amount changed to 11162.9
FAULT-00229,duplicate_keys,trans,869048,duplicated trans_id with amount changed to 118512.7
FAULT-00230,duplicate_keys,trans,3657280,duplicated trans_id with amount changed to 319.8
FAULT-00231,duplicate_keys,trans,226441,duplicated trans_id with amount changed to 232.7
FAULT-00232,duplicate_keys,trans,374953,duplicated trans_id with amount changed to 1908.3
FAULT-00233,duplicate_keys,trans,1113151,duplicated trans_id with amount changed to 847.1
FAULT-00234,duplicate_keys,trans,3575903,duplicated trans_id with amount changed to 312.6
FAULT-00235,duplicate_keys,trans,3573259,duplicated trans_id with amount changed to 197.0
FAULT-00236,duplicate_keys,trans,3658391,duplicated trans_id with amount changed to 274.1
FAULT-00237,duplicate_keys,trans,599852,duplicated trans_id with amount changed to 6391.7
FAULT-00238,duplicate_keys,trans,279190,duplicated trans_id with amount changed to 1079.2
FAULT-00239,duplicate_keys,trans,1001042,duplicated trans_id with amount changed to 814.9
FAULT-00240,duplicate_keys,trans,457197,duplicated trans_id with amount changed to 1922.2
FAULT-00241,duplicate_keys,trans,805292,duplicated trans_id with amount changed to 9.4
FAULT-00242,duplicate_keys,trans,3333338,duplicated trans_id with amount changed to 3296.0
FAULT-00243,duplicate_keys,trans,1263146,duplicated trans_id with amount changed to 950.8
FAULT-00244,duplicate_keys,trans,986142,duplicated trans_id with amount changed to 28168.3
FAULT-00245,duplicate_keys,trans,2378550,duplicated trans_id with amount changed to 26246.1
FAULT-00246,duplicate_keys,trans,1122049,duplicated trans_id with amount changed to 4185.2
FAULT-00247,duplicate_keys,trans,3600534,duplicated trans_id with amount changed to 119.2
FAULT-00248,duplicate_keys,trans,118762,duplicated trans_id with amount changed to 177.2
FAULT-00249,duplicate_keys,trans,1951212,duplicated trans_id with amount changed to 6753.7
FAULT-00250,duplicate_keys,trans,67334,duplicated trans_id with amount changed to 3479.9
FAULT-00251,duplicate_keys,trans,2301525,duplicated trans_id with amount changed to 3490.2
FAULT-00252,duplicate_keys,trans,3613529,duplicated trans_id with amount changed to 455.8
FAULT-00253,duplicate_keys,trans,448511,duplicated trans_id with amount changed to 555.7
FAULT-00254,duplicate_keys,trans,3465982,duplicated trans_id with amount changed to 316.5
FAULT-00255,duplicate_keys,trans,156128,duplicated trans_id with amount changed to 2787.1
FAULT-00256,duplicate_keys,trans,1012984,duplicated trans_id with amount changed to 14185.4
FAULT-00257,duplicate_keys,trans,779695,duplicated trans_id with amount changed to 3777.0
FAULT-00258,duplicate_keys,trans,3569544,duplicated trans_id with amount changed to 42.3
FAULT-00259,duplicate_keys,trans,67549,duplicated trans_id with amount changed to 1887.1
FAULT-00260,duplicate_keys,trans,331474,duplicated trans_id with amount changed to 37390.7
FAULT-00261,duplicate_keys,trans,932621,duplicated trans_id with amount changed to 1008.0
FAULT-00262,duplicate_keys,trans,3608881,duplicated trans_id with amount changed to 119.8
FAULT-00263,duplicate_keys,trans,65258,duplicated trans_id with amount changed to 23.6
FAULT-00264,duplicate_keys,trans,36423,duplicated trans_id with amount changed to 1138.1
FAULT-00265,duplicate_keys,trans,479940,duplicated trans_id with amount changed to 18.2
FAULT-00266,duplicate_keys,trans,910136,duplicated trans_id with amount changed to 17.5
FAULT-00267,duplicate_keys,trans,776050,duplicated trans_id with amount changed to 2695.0
FAULT-00268,duplicate_keys,trans,131576,duplicated trans_id with amount changed to 50.4
FAULT-00269,duplicate_keys,trans,430912,duplicated trans_id with amount changed to 31937.1
FAULT-00270,duplicate_keys,trans,3104327,duplicated trans_id with amount changed to 5999.9
FAULT-00271,duplicate_keys,trans,3644597,duplicated trans_id with amount changed to 282.1
FAULT-00272,duplicate_keys,trans,1170304,duplicated trans_id with amount changed to 9450.8
FAULT-00273,duplicate_keys,trans,544463,duplicated trans_id with amount changed to 13.2
FAULT-00274,duplicate_keys,trans,374486,duplicated trans_id with amount changed to 2926.5
FAULT-00275,duplicate_keys,trans,29435,duplicated trans_id with amount changed to 76.5
FAULT-00276,duplicate_keys,trans,285816,duplicated trans_id with amount changed to 1330.8
FAULT-00277,duplicate_keys,trans,1022335,duplicated trans_id with amount changed to 1826.6
FAULT-00278,duplicate_keys,trans,402470,duplicated trans_id with amount changed to 8982.8
FAULT-00279,duplicate_keys,trans,883983,duplicated trans_id with amount changed to 875.4
FAULT-00280,duplicate_keys,trans,443113,duplicated trans_id with amount changed to 2568.2
FAULT-00281,duplicate_keys,trans,90076,duplicated trans_id with amount changed to 25924.2
FAULT-00282,duplicate_keys,trans,3134893,duplicated trans_id with amount changed to 139.1
FAULT-00283,duplicate_keys,trans,952227,duplicated trans_id with amount changed to 26.5
FAULT-00284,duplicate_keys,trans,548834,duplicated trans_id with amount changed to 20596.9
FAULT-00285,duplicate_keys,trans,3614371,duplicated trans_id with amount changed to 61.4
FAULT-00286,duplicate_keys,trans,3592812,duplicated trans_id with amount changed to 239.6
FAULT-00287,duplicate_keys,trans,1414929,duplicated trans_id with amount changed to 13081.1
FAULT-00288,duplicate_keys,trans,3612335,duplicated trans_id with amount changed to 54.4
FAULT-00289,duplicate_keys,trans,1020576,duplicated trans_id with amount changed to 33939.3
FAULT-00290,duplicate_keys,trans,2393305,duplicated trans_id with amount changed to 74773.3
FAULT-00291,duplicate_keys,trans,526942,duplicated trans_id with amount changed to 4909.3
FAULT-00292,duplicate_keys,trans,764873,duplicated trans_id with amount changed to 5259.1
FAULT-00293,duplicate_keys,trans,295510,duplicated trans_id with amount changed to 3942.5
FAULT-00294,duplicate_keys,trans,3547050,duplicated trans_id with amount changed to 103.2
FAULT-00295,duplicate_keys,trans,3600156,duplicated trans_id with amount changed to 179.9
FAULT-00296,duplicate_keys,trans,3469041,duplicated trans_id with amount changed to 239.2
FAULT-00297,duplicate_keys,trans,356665,duplicated trans_id with amount changed to 15603.9
FAULT-00298,duplicate_keys,trans,994532,duplicated trans_id with amount changed to 9027.5
FAULT-00299,duplicate_keys,trans,947447,duplicated trans_id with amount changed to 11613.5
FAULT-00300,duplicate_keys,trans,748745,duplicated trans_id with amount changed to 514.5
FAULT-00301,duplicate_keys,trans,547107,duplicated trans_id with amount changed to 8454.7
FAULT-00302,duplicate_keys,trans,886351,duplicated trans_id with amount changed to 23253.9
FAULT-00303,duplicate_keys,trans,630595,duplicated trans_id with amount changed to 2666.6
FAULT-00304,duplicate_keys,trans,3651728,duplicated trans_id with amount changed to 47.1
FAULT-00305,duplicate_keys,trans,358856,duplicated trans_id with amount changed to 12170.2
FAULT-00306,duplicate_keys,trans,892553,duplicated trans_id with amount changed to 3684.2
FAULT-00307,duplicate_keys,trans,502592,duplicated trans_id with amount changed to 20.8
FAULT-00308,duplicate_keys,trans,981038,duplicated trans_id with amount changed to 10114.5
FAULT-00309,duplicate_keys,trans,3606297,duplicated trans_id with amount changed to 97.8
FAULT-00310,duplicate_keys,trans,3604394,duplicated trans_id with amount changed to 540.0
FAULT-00311,duplicate_keys,trans,991946,duplicated trans_id with amount changed to 12.0
FAULT-00312,duplicate_keys,trans,576115,duplicated trans_id with amount changed to 845.6
FAULT-00313,duplicate_keys,trans,106014,duplicated trans_id with amount changed to 2661.2
FAULT-00314,duplicate_keys,trans,289796,duplicated trans_id with amount changed to 14.8
FAULT-00315,duplicate_keys,trans,1243580,duplicated trans_id with amount changed to 1225.9
FAULT-00316,duplicate_keys,trans,1069356,duplicated trans_id with amount changed to 4610.4
FAULT-00317,duplicate_keys,trans,184204,duplicated trans_id with amount changed to 47289.9
FAULT-00318,duplicate_keys,trans,3536418,duplicated trans_id with amount changed to 279.6
FAULT-00319,duplicate_keys,trans,2434650,duplicated trans_id with amount changed to 76146.4
FAULT-00320,duplicate_keys,trans,10265,duplicated trans_id with amount changed to 634.8
FAULT-00321,duplicate_keys,trans,23129,duplicated trans_id with amount changed to 17316.3
FAULT-00322,duplicate_keys,trans,709943,duplicated trans_id with amount changed to 31263.1
FAULT-00323,duplicate_keys,trans,3333254,duplicated trans_id with amount changed to 9143.5
FAULT-00324,duplicate_keys,trans,1050854,duplicated trans_id with amount changed to 3982.9
FAULT-00325,duplicate_keys,trans,342049,duplicated trans_id with amount changed to 6789.1
FAULT-00326,duplicate_keys,trans,1100496,duplicated trans_id with amount changed to 909.4
FAULT-00327,duplicate_keys,trans,756156,duplicated trans_id with amount changed to 11456.7
FAULT-00328,duplicate_keys,trans,163091,duplicated trans_id with amount changed to 10150.6
FAULT-00329,duplicate_keys,trans,1139246,duplicated trans_id with amount changed to 28.3
FAULT-00330,duplicate_keys,trans,40813,duplicated trans_id with amount changed to 2690.9
FAULT-00331,duplicate_keys,trans,308683,duplicated trans_id with amount changed to 11534.3
FAULT-00332,duplicate_keys,trans,2729713,duplicated trans_id with amount changed to 791.6
FAULT-00333,duplicate_keys,trans,124120,duplicated trans_id with amount changed to 85120.8
FAULT-00334,duplicate_keys,trans,601823,duplicated trans_id with amount changed to 2023.2
FAULT-00335,duplicate_keys,trans,970960,duplicated trans_id with amount changed to 29134.0
FAULT-00336,duplicate_keys,trans,3535893,duplicated trans_id with amount changed to 202.5
FAULT-00337,duplicate_keys,trans,962337,duplicated trans_id with amount changed to 7751.3
FAULT-00338,duplicate_keys,trans,840703,duplicated trans_id with amount changed to 808.5
FAULT-00339,duplicate_keys,trans,483677,duplicated trans_id with amount changed to 11425.2
FAULT-00340,duplicate_keys,trans,856522,duplicated trans_id with amount changed to 10243.8
FAULT-00341,duplicate_keys,trans,3582721,duplicated trans_id with amount changed to 73.3
FAULT-00342,duplicate_keys,trans,839801,duplicated trans_id with amount changed to 19673.0
FAULT-00343,duplicate_keys,trans,9448,duplicated trans_id with amount changed to 19.7
FAULT-00344,duplicate_keys,trans,1110695,duplicated trans_id with amount changed to 712.3
FAULT-00345,duplicate_keys,trans,513564,duplicated trans_id with amount changed to 17.0
FAULT-00346,duplicate_keys,trans,424023,duplicated trans_id with amount changed to 392.5
FAULT-00347,duplicate_keys,trans,568197,duplicated trans_id with amount changed to 1406.3
FAULT-00348,duplicate_keys,trans,3464446,duplicated trans_id with amount changed to 116.9
FAULT-00349,duplicate_keys,trans,753862,duplicated trans_id with amount changed to 18183.6
FAULT-00350,duplicate_keys,trans,3492635,duplicated trans_id with amount changed to 146.7
FAULT-00351,duplicate_keys,trans,929659,duplicated trans_id with amount changed to 12269.2
FAULT-00352,duplicate_keys,trans,540195,duplicated trans_id with amount changed to 8082.0
FAULT-00353,duplicate_keys,trans,3538494,duplicated trans_id with amount changed to 128.8
FAULT-00354,duplicate_keys,trans,3499121,duplicated trans_id with amount changed to 178.5
FAULT-00355,duplicate_keys,trans,3621680,duplicated trans_id with amount changed to 195.4
FAULT-00356,duplicate_keys,trans,358154,duplicated trans_id with amount changed to 28.7
FAULT-00357,duplicate_keys,trans,25070,duplicated trans_id with amount changed to 16267.6
FAULT-00358,duplicate_keys,trans,617723,duplicated trans_id with amount changed to 5515.4
FAULT-00359,duplicate_keys,trans,1097968,duplicated trans_id with amount changed to 10.1
FAULT-00360,duplicate_keys,trans,3616331,duplicated trans_id with amount changed to 153.8
FAULT-00361,duplicate_keys,trans,105834,duplicated trans_id with amount changed to 2559.2
FAULT-00362,duplicate_keys,trans,337707,duplicated trans_id with amount changed to 1578.3
FAULT-00363,duplicate_keys,trans,1079842,duplicated trans_id with amount changed to 14232.5
FAULT-00364,duplicate_keys,trans,352311,duplicated trans_id with amount changed to 5054.8
FAULT-00365,duplicate_keys,trans,464354,duplicated trans_id with amount changed to 56894.4
FAULT-00366,duplicate_keys,trans,678295,duplicated trans_id with amount changed to 3772.4
FAULT-00367,duplicate_keys,trans,422918,duplicated trans_id with amount changed to 1184.6
FAULT-00368,duplicate_keys,trans,349331,duplicated trans_id with amount changed to 268.8
FAULT-00369,duplicate_keys,trans,829579,duplicated trans_id with amount changed to 15.2
FAULT-00370,duplicate_keys,trans,203026,duplicated trans_id with amount changed to 7956.6
FAULT-00371,duplicate_keys,trans,664149,duplicated trans_id with amount changed to 15006.5
FAULT-00372,duplicate_keys,trans,236547,duplicated trans_id with amount changed to 6654.5
FAULT-00373,duplicate_keys,trans,1053780,duplicated trans_id with amount changed to 41239.2
FAULT-00374,duplicate_keys,trans,775818,duplicated trans_id with amount changed to 617.3
FAULT-00375,duplicate_keys,trans,3462071,duplicated trans_id with amount changed to 216.3
FAULT-00376,duplicate_keys,trans,3671325,duplicated trans_id with amount changed to 118.6
FAULT-00377,duplicate_keys,trans,233751,duplicated trans_id with amount changed to 2100.5
FAULT-00378,duplicate_keys,trans,66526,duplicated trans_id with amount changed to 10.7
FAULT-00379,duplicate_keys,trans,683313,duplicated trans_id with amount changed to 9381.3
FAULT-00380,duplicate_keys,trans,266806,duplicated trans_id with amount changed to 8834.3
FAULT-00381,duplicate_keys,trans,3664579,duplicated trans_id with amount changed to 148.8
FAULT-00382,duplicate_keys,trans,673053,duplicated trans_id with amount changed to 27637.8
FAULT-00383,duplicate_keys,trans,1599040,duplicated trans_id with amount changed to 6956.3
FAULT-00384,duplicate_keys,trans,132647,duplicated trans_id with amount changed to 37279.2
FAULT-00385,duplicate_keys,trans,735013,duplicated trans_id with amount changed to 2614.0
FAULT-00386,duplicate_keys,trans,690530,duplicated trans_id with amount changed to 286.8
FAULT-00387,duplicate_keys,trans,970080,duplicated trans_id with amount changed to 43.1
FAULT-00388,duplicate_keys,trans,3207473,duplicated trans_id with amount changed to 8.7
FAULT-00389,duplicate_keys,trans,1096764,duplicated trans_id with amount changed to 2530.3
FAULT-00390,duplicate_keys,trans,363621,duplicated trans_id with amount changed to 2164.6
FAULT-00391,duplicate_keys,trans,3571989,duplicated trans_id with amount changed to 684.9
FAULT-00392,duplicate_keys,trans,1100000,duplicated trans_id with amount changed to 5135.8
FAULT-00393,duplicate_keys,trans,3442735,duplicated trans_id with amount changed to 263.5
FAULT-00394,duplicate_keys,trans,2477486,duplicated trans_id with amount changed to 11.7
FAULT-00395,duplicate_keys,trans,3507850,duplicated trans_id with amount changed to 206.7
FAULT-00396,duplicate_keys,trans,439293,duplicated trans_id with amount changed to 2967.5
FAULT-00397,duplicate_keys,trans,511784,duplicated trans_id with amount changed to 1257.3
FAULT-00398,duplicate_keys,trans,3617591,duplicated trans_id with amount changed to 159.2
FAULT-00399,duplicate_keys,trans,2423604,duplicated trans_id with amount changed to 3269.9
FAULT-00400,duplicate_keys,trans,1523978,duplicated trans_id with amount changed to 3510.6
FAULT-00401,duplicate_keys,trans,760851,duplicated trans_id with amount changed to 12.2
FAULT-00402,duplicate_keys,trans,102942,duplicated trans_id with amount changed to 404.9
FAULT-00403,duplicate_keys,trans,540435,duplicated trans_id with amount changed to 1611.6
FAULT-00404,duplicate_keys,trans,925217,duplicated trans_id with amount changed to 44654.2
FAULT-00405,duplicate_keys,trans,12906,duplicated trans_id with amount changed to 10912.4
FAULT-00406,duplicate_keys,trans,1147570,duplicated trans_id with amount changed to 3538.9
FAULT-00407,duplicate_keys,trans,732782,duplicated trans_id with amount changed to 12619.7
FAULT-00408,duplicate_keys,trans,125741,duplicated trans_id with amount changed to 14.3
FAULT-00409,duplicate_keys,trans,1244696,duplicated trans_id with amount changed to 28263.9
FAULT-00410,duplicate_keys,trans,366681,duplicated trans_id with amount changed to 2113.0
FAULT-00411,duplicate_keys,trans,721577,duplicated trans_id with amount changed to 3775.6
FAULT-00412,duplicate_keys,trans,1583839,duplicated trans_id with amount changed to 13083.7
FAULT-00413,duplicate_keys,trans,3613260,duplicated trans_id with amount changed to 455.9
FAULT-00414,duplicate_keys,trans,2857679,duplicated trans_id with amount changed to 6026.5
FAULT-00415,duplicate_keys,trans,781483,duplicated trans_id with amount changed to 1333.5
FAULT-00416,duplicate_keys,trans,1047666,duplicated trans_id with amount changed to 4172.0
FAULT-00417,duplicate_keys,trans,1020957,duplicated trans_id with amount changed to 1377.5
FAULT-00418,duplicate_keys,trans,218635,duplicated trans_id with amount changed to 3354.3
FAULT-00419,duplicate_keys,trans,854628,duplicated trans_id with amount changed to 27761.3
FAULT-00420,duplicate_keys,trans,663665,duplicated trans_id with amount changed to 18.4
FAULT-00421,duplicate_keys,trans,986188,duplicated trans_id with amount changed to 9654.7
FAULT-00422,duplicate_keys,trans,371531,duplicated trans_id with amount changed to 7769.7
FAULT-00423,duplicate_keys,trans,582496,duplicated trans_id with amount changed to 1348.7
FAULT-00424,duplicate_keys,trans,3575048,duplicated trans_id with amount changed to 141.8
FAULT-00425,duplicate_keys,trans,678971,duplicated trans_id with amount changed to 5323.5
FAULT-00426,duplicate_keys,trans,1016482,duplicated trans_id with amount changed to 144.1
FAULT-00427,duplicate_keys,trans,3586413,duplicated trans_id with amount changed to 126.0
FAULT-00428,duplicate_keys,trans,539874,duplicated trans_id with amount changed to 12.3
FAULT-00429,duplicate_keys,trans,1730788,duplicated trans_id with amount changed to 6116.9
FAULT-00430,duplicate_keys,trans,3465883,duplicated trans_id with amount changed to 143.9
FAULT-00431,duplicate_keys,trans,2721726,duplicated trans_id with amount changed to 34308.3
FAULT-00432,duplicate_keys,trans,2648773,duplicated trans_id with amount changed to 76663.4
FAULT-00433,duplicate_keys,trans,787720,duplicated trans_id with amount changed to 8487.6
FAULT-00434,duplicate_keys,trans,3662317,duplicated trans_id with amount changed to 189.5
FAULT-00435,duplicate_keys,trans,3590857,duplicated trans_id with amount changed to 79.2
FAULT-00436,duplicate_keys,trans,958505,duplicated trans_id with amount changed to 173.3
FAULT-00437,duplicate_keys,trans,34044,duplicated trans_id with amount changed to 4122.4
FAULT-00438,duplicate_keys,trans,2448657,duplicated trans_id with amount changed to 12501.3
FAULT-00439,duplicate_keys,trans,2356955,duplicated trans_id with amount changed to 8264.2
FAULT-00440,duplicate_keys,trans,303,duplicated trans_id with amount changed to 29481.9
FAULT-00441,duplicate_keys,trans,3537880,duplicated trans_id with amount changed to 716.4
FAULT-00442,duplicate_keys,trans,813496,duplicated trans_id with amount changed to 714.6
FAULT-00443,duplicate_keys,trans,983455,duplicated trans_id with amount changed to 2630.4
FAULT-00444,duplicate_keys,trans,749677,duplicated trans_id with amount changed to 21.8
FAULT-00445,duplicate_keys,trans,3642840,duplicated trans_id with amount changed to 206.6
FAULT-00446,duplicate_keys,trans,516262,duplicated trans_id with amount changed to 28.3
FAULT-00447,duplicate_keys,trans,3457519,duplicated trans_id with amount changed to 16.7
FAULT-00448,duplicate_keys,trans,327365,duplicated trans_id with amount changed to 8575.4
FAULT-00449,duplicate_keys,trans,837902,duplicated trans_id with amount changed to 515.5
FAULT-00450,duplicate_keys,trans,1015485,duplicated trans_id with amount changed to 24110.6
FAULT-00451,duplicate_keys,trans,3558818,duplicated trans_id with amount changed to 240.7
FAULT-00452,duplicate_keys,trans,289282,duplicated trans_id with amount changed to 17.4
FAULT-00453,duplicate_keys,trans,887719,duplicated trans_id with amount changed to 12.0
FAULT-00454,duplicate_keys,trans,57440,duplicated trans_id with amount changed to 9478.7
FAULT-00455,duplicate_keys,trans,633397,duplicated trans_id with amount changed to 1944.6
FAULT-00456,duplicate_keys,trans,23616,duplicated trans_id with amount changed to 7212.0
FAULT-00457,duplicate_keys,trans,2384069,duplicated trans_id with amount changed to 576.1
FAULT-00458,duplicate_keys,trans,171302,duplicated trans_id with amount changed to 30959.3
FAULT-00459,duplicate_keys,trans,380310,duplicated trans_id with amount changed to 5084.0
FAULT-00460,duplicate_keys,trans,3035641,duplicated trans_id with amount changed to 1205.2
FAULT-00461,duplicate_keys,trans,911232,duplicated trans_id with amount changed to 1759.8
FAULT-00462,duplicate_keys,trans,356016,duplicated trans_id with amount changed to 11217.6
FAULT-00463,duplicate_keys,trans,948184,duplicated trans_id with amount changed to 2560.7
FAULT-00464,duplicate_keys,trans,712911,duplicated trans_id with amount changed to 2931.1
FAULT-00465,duplicate_keys,trans,1150403,duplicated trans_id with amount changed to 1002.6
FAULT-00466,duplicate_keys,trans,758716,duplicated trans_id with amount changed to 11388.0
FAULT-00467,duplicate_keys,trans,3585411,duplicated trans_id with amount changed to 102.5
FAULT-00468,duplicate_keys,trans,1096227,duplicated trans_id with amount changed to 14068.4
FAULT-00469,duplicate_keys,trans,1252415,duplicated trans_id with amount changed to 22.8
FAULT-00470,duplicate_keys,trans,57471,duplicated trans_id with amount changed to 4469.1
FAULT-00471,duplicate_keys,trans,479596,duplicated trans_id with amount changed to 2280.4
FAULT-00472,duplicate_keys,trans,2397114,duplicated trans_id with amount changed to 7703.8
FAULT-00473,duplicate_keys,trans,2938667,duplicated trans_id with amount changed to 6634.5
FAULT-00474,duplicate_keys,trans,296970,duplicated trans_id with amount changed to 19295.1
FAULT-00475,duplicate_keys,trans,852746,duplicated trans_id with amount changed to 6605.6
FAULT-00476,duplicate_keys,trans,2036750,duplicated trans_id with amount changed to 571.4
FAULT-00477,duplicate_keys,trans,2350023,duplicated trans_id with amount changed to 19.4
FAULT-00478,duplicate_keys,trans,177685,duplicated trans_id with amount changed to 21805.6
FAULT-00479,duplicate_keys,trans,1034021,duplicated trans_id with amount changed to 8.8
FAULT-00480,duplicate_keys,trans,335633,duplicated trans_id with amount changed to 219.9
FAULT-00481,duplicate_keys,trans,3527816,duplicated trans_id with amount changed to 143.6
FAULT-00482,duplicate_keys,trans,374209,duplicated trans_id with amount changed to 68366.7
FAULT-00483,duplicate_keys,trans,284984,duplicated trans_id with amount changed to 7924.0
FAULT-00484,duplicate_keys,trans,386164,duplicated trans_id with amount changed to 3376.4
FAULT-00485,duplicate_keys,trans,3583002,duplicated trans_id with amount changed to 140.7
FAULT-00486,duplicate_keys,trans,1017856,duplicated trans_id with amount changed to 6337.9
FAULT-00487,duplicate_keys,trans,64091,duplicated trans_id with amount changed to 25197.4
FAULT-00488,duplicate_keys,trans,3643303,duplicated trans_id with amount changed to 10.6
FAULT-00489,duplicate_keys,trans,264426,duplicated trans_id with amount changed to 3099.2
FAULT-00490,duplicate_keys,trans,557137,duplicated trans_id with amount changed to 10296.6
FAULT-00491,duplicate_keys,trans,513795,duplicated trans_id with amount changed to 305.8
FAULT-00492,duplicate_keys,trans,1074516,duplicated trans_id with amount changed to 32140.0
FAULT-00493,duplicate_keys,trans,3036251,duplicated trans_id with amount changed to 9998.9
FAULT-00494,duplicate_keys,trans,3254910,duplicated trans_id with amount changed to 3818.7
FAULT-00495,duplicate_keys,trans,3573827,duplicated trans_id with amount changed to 113.0
FAULT-00496,duplicate_keys,trans,486506,duplicated trans_id with amount changed to 243.2
FAULT-00497,duplicate_keys,trans,4130,duplicated trans_id with amount changed to 5249.5
FAULT-00498,duplicate_keys,trans,1166008,duplicated trans_id with amount changed to 3056.3
FAULT-00499,duplicate_keys,trans,1736915,duplicated trans_id with amount changed to 12.5
FAULT-00500,duplicate_keys,trans,164056,duplicated trans_id with amount changed to 24.0
FAULT-00501,duplicate_keys,trans,3554682,duplicated trans_id with amount changed to 166.9
FAULT-00502,duplicate_keys,trans,638002,duplicated trans_id with amount changed to 18.2
FAULT-00503,duplicate_keys,trans,603576,duplicated trans_id with amount changed to 4103.5
FAULT-00504,duplicate_keys,trans,336807,duplicated trans_id with amount changed to 756.3
FAULT-00505,duplicate_keys,trans,1563039,duplicated trans_id with amount changed to 24160.8
FAULT-00506,duplicate_keys,trans,998891,duplicated trans_id with amount changed to 7839.9
FAULT-00507,duplicate_keys,trans,1945894,duplicated trans_id with amount changed to 72091.5
FAULT-00508,duplicate_keys,trans,3595789,duplicated trans_id with amount changed to 177.2
FAULT-00509,duplicate_keys,trans,3449803,duplicated trans_id with amount changed to 402.1
FAULT-00510,duplicate_keys,trans,3624341,duplicated trans_id with amount changed to 273.3
FAULT-00511,duplicate_keys,trans,458189,duplicated trans_id with amount changed to 1802.4
FAULT-00512,duplicate_keys,trans,117411,duplicated trans_id with amount changed to 2388.1
FAULT-00513,duplicate_keys,trans,666984,duplicated trans_id with amount changed to 17.8
FAULT-00514,duplicate_keys,trans,881449,duplicated trans_id with amount changed to 45410.6
FAULT-00515,duplicate_keys,trans,266688,duplicated trans_id with amount changed to 14972.4
FAULT-00516,duplicate_keys,trans,255549,duplicated trans_id with amount changed to 18738.1
FAULT-00517,duplicate_keys,trans,888453,duplicated trans_id with amount changed to 389.2
FAULT-00518,duplicate_keys,trans,3530289,duplicated trans_id with amount changed to 118.8
FAULT-00519,duplicate_keys,trans,340859,duplicated trans_id with amount changed to 9.7
FAULT-00520,duplicate_keys,trans,585420,duplicated trans_id with amount changed to 4775.5
FAULT-00521,duplicate_keys,trans,696925,duplicated trans_id with amount changed to 18738.3
FAULT-00522,duplicate_keys,trans,47704,duplicated trans_id with amount changed to 5102.7
FAULT-00523,duplicate_keys,trans,1730816,duplicated trans_id with amount changed to 51399.7
FAULT-00524,duplicate_keys,trans,839166,duplicated trans_id with amount changed to 26.4
FAULT-00525,duplicate_keys,trans,573401,duplicated trans_id with amount changed to 37445.6
FAULT-00526,duplicate_keys,trans,451051,duplicated trans_id with amount changed to 7238.8
FAULT-00527,duplicate_keys,trans,544659,duplicated trans_id with amount changed to 3637.1
FAULT-00528,duplicate_keys,trans,216285,duplicated trans_id with amount changed to 1253.1
FAULT-00529,duplicate_keys,trans,56804,duplicated trans_id with amount changed to 20.6
FAULT-00530,duplicate_keys,trans,718346,duplicated trans_id with amount changed to 27.9
FAULT-00531,duplicate_keys,trans,80486,duplicated trans_id with amount changed to 24160.0
FAULT-00532,duplicate_keys,trans,3314838,duplicated trans_id with amount changed to 1009.6
FAULT-00533,duplicate_keys,trans,145731,duplicated trans_id with amount changed to 3872.2
FAULT-00534,duplicate_keys,trans,3558609,duplicated trans_id with amount changed to 73.0
FAULT-00535,duplicate_keys,trans,1037127,duplicated trans_id with amount changed to 11.6
FAULT-00536,duplicate_keys,trans,3599971,duplicated trans_id with amount changed to 59.8
FAULT-00537,duplicate_keys,trans,241428,duplicated trans_id with amount changed to 17767.6
FAULT-00538,duplicate_keys,trans,1033320,duplicated trans_id with amount changed to 662.6
FAULT-00539,duplicate_keys,trans,3623622,duplicated trans_id with amount changed to 82.7
FAULT-00540,duplicate_keys,trans,44673,duplicated trans_id with amount changed to 22.2
FAULT-00541,duplicate_keys,trans,766807,duplicated trans_id with amount changed to 11.5
FAULT-00542,duplicate_keys,trans,1283229,duplicated trans_id with amount changed to 10935.8
FAULT-00543,duplicate_keys,trans,3610770,duplicated trans_id with amount changed to 180.6
FAULT-00544,duplicate_keys,trans,308372,duplicated trans_id with amount changed to 2798.9
FAULT-00545,duplicate_keys,trans,286257,duplicated trans_id with amount changed to 351.5
FAULT-00546,duplicate_keys,trans,736616,duplicated trans_id with amount changed to 6902.7
FAULT-00547,duplicate_keys,trans,867383,duplicated trans_id with amount changed to 11697.2
FAULT-00548,duplicate_keys,trans,866816,duplicated trans_id with amount changed to 3116.3
FAULT-00549,duplicate_keys,trans,543071,duplicated trans_id with amount changed to 12.5
FAULT-00550,duplicate_keys,trans,1293168,duplicated trans_id with amount changed to 1312.0
FAULT-00551,duplicate_keys,trans,574861,duplicated trans_id with amount changed to 6035.0
FAULT-00552,duplicate_keys,trans,1013117,duplicated trans_id with amount changed to 2726.6
FAULT-00553,duplicate_keys,trans,1587215,duplicated trans_id with amount changed to 10418.9
FAULT-00554,duplicate_keys,trans,1598875,duplicated trans_id with amount changed to 8364.6
FAULT-00555,duplicate_keys,trans,3591721,duplicated trans_id with amount changed to 93.7
FAULT-00556,duplicate_keys,trans,111269,duplicated trans_id with amount changed to 9782.5
FAULT-00557,duplicate_keys,trans,3464557,duplicated trans_id with amount changed to 193.0
FAULT-00558,duplicate_keys,trans,324953,duplicated trans_id with amount changed to 15.6
FAULT-00559,duplicate_keys,trans,1028248,duplicated trans_id with amount changed to 438.2
FAULT-00560,duplicate_keys,trans,860755,duplicated trans_id with amount changed to 5.7
FAULT-00561,duplicate_keys,trans,3584467,duplicated trans_id with amount changed to 38.6
FAULT-00562,duplicate_keys,trans,1911129,duplicated trans_id with amount changed to 19.8
FAULT-00563,duplicate_keys,trans,876875,duplicated trans_id with amount changed to 11088.5
FAULT-00564,duplicate_keys,trans,1299510,duplicated trans_id with amount changed to 334.8
FAULT-00565,duplicate_keys,trans,343987,duplicated trans_id with amount changed to 8769.6
FAULT-00566,duplicate_keys,trans,16597,duplicated trans_id with amount changed to 18.7
FAULT-00567,duplicate_keys,trans,197542,duplicated trans_id with amount changed to 25.0
FAULT-00568,duplicate_keys,trans,1110483,duplicated trans_id with amount changed to 19.0
FAULT-00569,duplicate_keys,trans,2893353,duplicated trans_id with amount changed to 13730.6
FAULT-00570,duplicate_keys,trans,35481,duplicated trans_id with amount changed to 6861.7
FAULT-00571,duplicate_keys,trans,1005885,duplicated trans_id with amount changed to 253.8
FAULT-00572,duplicate_keys,trans,968625,duplicated trans_id with amount changed to 2356.0
FAULT-00573,duplicate_keys,trans,233152,duplicated trans_id with amount changed to 161.8
FAULT-00574,duplicate_keys,trans,185858,duplicated trans_id with amount changed to 1226.6
FAULT-00575,duplicate_keys,trans,1201092,duplicated trans_id with amount changed to 8655.8
FAULT-00576,duplicate_keys,trans,1208611,duplicated trans_id with amount changed to 10634.4
FAULT-00577,duplicate_keys,trans,231712,duplicated trans_id with amount changed to 8329.6
FAULT-00578,duplicate_keys,trans,209837,duplicated trans_id with amount changed to 4703.6
FAULT-00579,duplicate_keys,trans,3661726,duplicated trans_id with amount changed to 459.7
FAULT-00580,duplicate_keys,trans,716095,duplicated trans_id with amount changed to 3671.9
FAULT-00581,duplicate_keys,trans,2726098,duplicated trans_id with amount changed to 12265.9
FAULT-00582,duplicate_keys,trans,409405,duplicated trans_id with amount changed to 1217.7
FAULT-00583,duplicate_keys,trans,3638372,duplicated trans_id with amount changed to 82.5
FAULT-00584,duplicate_keys,trans,406301,duplicated trans_id with amount changed to 23.3
FAULT-00585,duplicate_keys,trans,345928,duplicated trans_id with amount changed to 14603.5
FAULT-00586,duplicate_keys,trans,938140,duplicated trans_id with amount changed to 2167.7
FAULT-00587,duplicate_keys,trans,73612,duplicated trans_id with amount changed to 2633.1
FAULT-00588,duplicate_keys,trans,1267947,duplicated trans_id with amount changed to 2002.1
FAULT-00589,duplicate_keys,trans,1603581,duplicated trans_id with amount changed to 533.0
FAULT-00590,duplicate_keys,trans,3555523,duplicated trans_id with amount changed to 310.9
FAULT-00591,duplicate_keys,trans,3215742,duplicated trans_id with amount changed to 14852.9
FAULT-00592,duplicate_keys,trans,810417,duplicated trans_id with amount changed to 1241.8
FAULT-00593,duplicate_keys,trans,3424091,duplicated trans_id with amount changed to 104.2
FAULT-00594,duplicate_keys,trans,504422,duplicated trans_id with amount changed to 35874.3
FAULT-00595,duplicate_keys,trans,409807,duplicated trans_id with amount changed to 12316.9
FAULT-00596,duplicate_keys,trans,519290,duplicated trans_id with amount changed to 2621.5
FAULT-00597,duplicate_keys,trans,2592217,duplicated trans_id with amount changed to 6324.6
FAULT-00598,duplicate_keys,trans,3642525,duplicated trans_id with amount changed to 104.2
FAULT-00599,duplicate_keys,trans,3648508,duplicated trans_id with amount changed to 130.3
FAULT-00600,duplicate_keys,trans,1029094,duplicated trans_id with amount changed to 2499.6
FAULT-00601,duplicate_keys,trans,849733,duplicated trans_id with amount changed to 15188.8
FAULT-00602,duplicate_keys,trans,1147655,duplicated trans_id with amount changed to 30444.1
FAULT-00603,duplicate_keys,trans,1003720,duplicated trans_id with amount changed to 4362.2
FAULT-00604,duplicate_keys,trans,1026345,duplicated trans_id with amount changed to 13054.7
FAULT-00605,duplicate_keys,trans,995313,duplicated trans_id with amount changed to 668.6
FAULT-00606,duplicate_keys,trans,3563708,duplicated trans_id with amount changed to 99.3
FAULT-00607,duplicate_keys,trans,2392068,duplicated trans_id with amount changed to 3683.6
FAULT-00608,duplicate_keys,trans,45566,duplicated trans_id with amount changed to 2351.2
FAULT-00609,duplicate_keys,trans,2308963,duplicated trans_id with amount changed to 5033.6
FAULT-00610,duplicate_keys,trans,2248621,duplicated trans_id with amount changed to 72873.6
FAULT-00611,duplicate_keys,trans,1074396,duplicated trans_id with amount changed to 7973.0
FAULT-00612,duplicate_keys,trans,804252,duplicated trans_id with amount changed to 12.3
FAULT-00613,duplicate_keys,trans,787983,duplicated trans_id with amount changed to 3394.9
FAULT-00614,duplicate_keys,trans,535644,duplicated trans_id with amount changed to 26.3
FAULT-00615,duplicate_keys,trans,306191,duplicated trans_id with amount changed to 180.2
FAULT-00616,duplicate_keys,trans,3492565,duplicated trans_id with amount changed to 540.9
FAULT-00617,duplicate_keys,trans,1733171,duplicated trans_id with amount changed to 17722.9
FAULT-00618,duplicate_keys,trans,161923,duplicated trans_id with amount changed to 5747.3
FAULT-00619,duplicate_keys,trans,393344,duplicated trans_id with amount changed to 24.4
FAULT-00620,duplicate_keys,trans,371367,duplicated trans_id with amount changed to 8203.4
FAULT-00621,duplicate_keys,trans,1007223,duplicated trans_id with amount changed to 41317.4
FAULT-00622,duplicate_keys,trans,2653598,duplicated trans_id with amount changed to 1626.6
FAULT-00623,duplicate_keys,trans,3618404,duplicated trans_id with amount changed to 455.6
FAULT-00624,duplicate_keys,trans,471470,duplicated trans_id with amount changed to 18.9
FAULT-00625,duplicate_keys,trans,232982,duplicated trans_id with amount changed to 5499.9
FAULT-00626,duplicate_keys,trans,3569873,duplicated trans_id with amount changed to 206.1
FAULT-00627,duplicate_keys,trans,805790,duplicated trans_id with amount changed to 649.6
FAULT-00628,duplicate_keys,trans,697012,duplicated trans_id with amount changed to 129.5
FAULT-00629,duplicate_keys,trans,1978000,duplicated trans_id with amount changed to 1894.9
FAULT-00630,duplicate_keys,trans,899937,duplicated trans_id with amount changed to 2779.2
FAULT-00631,duplicate_keys,trans,3626011,duplicated trans_id with amount changed to 134.6
FAULT-00632,duplicate_keys,trans,3622542,duplicated trans_id with amount changed to 387.6
FAULT-00633,duplicate_keys,trans,2256538,duplicated trans_id with amount changed to 3297.5
FAULT-00634,duplicate_keys,trans,522844,duplicated trans_id with amount changed to 16.0
FAULT-00635,duplicate_keys,trans,989400,duplicated trans_id with amount changed to 15627.1
FAULT-00636,duplicate_keys,trans,45761,duplicated trans_id with amount changed to 38507.1
FAULT-00637,duplicate_keys,trans,3648432,duplicated trans_id with amount changed to 81.0
FAULT-00638,duplicate_keys,trans,186096,duplicated trans_id with amount changed to 1396.2
FAULT-00639,duplicate_keys,trans,1162334,duplicated trans_id with amount changed to 12977.6
FAULT-00640,duplicate_keys,trans,3593659,duplicated trans_id with amount changed to 109.1
FAULT-00641,duplicate_keys,trans,158006,duplicated trans_id with amount changed to 3575.8
FAULT-00642,duplicate_keys,trans,1029963,duplicated trans_id with amount changed to 24.7
FAULT-00643,duplicate_keys,trans,48751,duplicated trans_id with amount changed to 6048.0
FAULT-00644,duplicate_keys,trans,3110587,duplicated trans_id with amount changed to 19467.9
FAULT-00645,duplicate_keys,trans,1041463,duplicated trans_id with amount changed to 8115.2
FAULT-00646,duplicate_keys,trans,691728,duplicated trans_id with amount changed to 3359.7
FAULT-00647,duplicate_keys,trans,462413,duplicated trans_id with amount changed to 14290.3
FAULT-00648,duplicate_keys,trans,537495,duplicated trans_id with amount changed to 10826.5
FAULT-00649,duplicate_keys,trans,66975,duplicated trans_id with amount changed to 37537.9
FAULT-00650,duplicate_keys,trans,978737,duplicated trans_id with amount changed to 10137.3
FAULT-00651,duplicate_keys,trans,935305,duplicated trans_id with amount changed to 1999.0
FAULT-00652,duplicate_keys,trans,424600,duplicated trans_id with amount changed to 30702.3
FAULT-00653,duplicate_keys,trans,3542994,duplicated trans_id with amount changed to 253.7
FAULT-00654,duplicate_keys,trans,781692,duplicated trans_id with amount changed to 1481.7
FAULT-00655,duplicate_keys,trans,854581,duplicated trans_id with amount changed to 27411.5
FAULT-00656,duplicate_keys,trans,352984,duplicated trans_id with amount changed to 25115.3
FAULT-00657,duplicate_keys,trans,19647,duplicated trans_id with amount changed to 197.0
FAULT-00658,duplicate_keys,trans,194348,duplicated trans_id with amount changed to 4933.8
FAULT-00659,duplicate_keys,trans,850796,duplicated trans_id with amount changed to 23885.2
FAULT-00660,duplicate_keys,trans,1027120,duplicated trans_id with amount changed to 24.2
FAULT-00661,duplicate_keys,trans,3590300,duplicated trans_id with amount changed to 68.2
FAULT-00662,duplicate_keys,trans,1043089,duplicated trans_id with amount changed to 1629.4
FAULT-00663,duplicate_keys,trans,27255,duplicated trans_id with amount changed to 6504.3
FAULT-00664,duplicate_keys,trans,3458080,duplicated trans_id with amount changed to 252.9
FAULT-00665,duplicate_keys,trans,825873,duplicated trans_id with amount changed to 2125.2
FAULT-00666,duplicate_keys,trans,611327,duplicated trans_id with amount changed to 4306.4
FAULT-00667,duplicate_keys,trans,3508845,duplicated trans_id with amount changed to 272.5
FAULT-00668,duplicate_keys,trans,3611560,duplicated trans_id with amount changed to 354.1
FAULT-00669,duplicate_keys,trans,1519832,duplicated trans_id with amount changed to 18.2
FAULT-00670,duplicate_keys,trans,163020,duplicated trans_id with amount changed to 8.5
FAULT-00671,duplicate_keys,trans,3523882,duplicated trans_id with amount changed to 248.5
FAULT-00672,duplicate_keys,trans,709539,duplicated trans_id with amount changed to 53.9
FAULT-00673,duplicate_keys,trans,1300819,duplicated trans_id with amount changed to 8.0
FAULT-00674,duplicate_keys,trans,727278,duplicated trans_id with amount changed to 921.7
FAULT-00675,duplicate_keys,trans,265965,duplicated trans_id with amount changed to 28.0
FAULT-00676,duplicate_keys,trans,1109887,duplicated trans_id with amount changed to 6881.9
FAULT-00677,duplicate_keys,trans,559195,duplicated trans_id with amount changed to 974.7
FAULT-00678,duplicate_keys,trans,347797,duplicated trans_id with amount changed to 12.9
FAULT-00679,duplicate_keys,trans,102326,duplicated trans_id with amount changed to 32913.2
FAULT-00680,duplicate_keys,trans,1106927,duplicated trans_id with amount changed to 38911.9
FAULT-00681,duplicate_keys,trans,3441071,duplicated trans_id with amount changed to 252.9
FAULT-00682,duplicate_keys,trans,3055709,duplicated trans_id with amount changed to 10381.0
FAULT-00683,duplicate_keys,trans,862615,duplicated trans_id with amount changed to 13163.9
FAULT-00684,duplicate_keys,trans,3658428,duplicated trans_id with amount changed to 380.3
FAULT-00685,duplicate_keys,trans,1296252,duplicated trans_id with amount changed to 4347.1
FAULT-00686,duplicate_keys,trans,344140,duplicated trans_id with amount changed to 3130.6
FAULT-00687,duplicate_keys,trans,352573,duplicated trans_id with amount changed to 757.1
FAULT-00688,duplicate_keys,trans,1266249,duplicated trans_id with amount changed to 8022.4
FAULT-00689,duplicate_keys,trans,1657237,duplicated trans_id with amount changed to 8764.1
FAULT-00690,duplicate_keys,trans,556060,duplicated trans_id with amount changed to 930.1
FAULT-00691,duplicate_keys,trans,554440,duplicated trans_id with amount changed to 23.6
FAULT-00692,duplicate_keys,trans,3517653,duplicated trans_id with amount changed to 478.2
FAULT-00693,duplicate_keys,trans,125018,duplicated trans_id with amount changed to 7285.2
FAULT-00694,duplicate_keys,trans,877684,duplicated trans_id with amount changed to 17.1
FAULT-00695,duplicate_keys,trans,225230,duplicated trans_id with amount changed to 736.2
FAULT-00696,duplicate_keys,trans,1339346,duplicated trans_id with amount changed to 15171.5
FAULT-00697,duplicate_keys,trans,2373192,duplicated trans_id with amount changed to 9343.6
FAULT-00698,duplicate_keys,trans,540856,duplicated trans_id with amount changed to 15355.6
FAULT-00699,duplicate_keys,trans,626750,duplicated trans_id with amount changed to 891.2
FAULT-00700,duplicate_keys,trans,288226,duplicated trans_id with amount changed to 656.6
FAULT-00701,duplicate_keys,trans,3638535,duplicated trans_id with amount changed to 95.1
FAULT-00702,duplicate_keys,trans,608916,duplicated trans_id with amount changed to 7834.1
FAULT-00703,duplicate_keys,trans,172897,duplicated trans_id with amount changed to 3894.1
FAULT-00704,duplicate_keys,trans,445755,duplicated trans_id with amount changed to 2259.4
FAULT-00705,duplicate_keys,trans,3608751,duplicated trans_id with amount changed to 110.7
FAULT-00706,duplicate_keys,trans,190242,duplicated trans_id with amount changed to 3675.1
FAULT-00707,duplicate_keys,trans,587698,duplicated trans_id with amount changed to 4170.1
FAULT-00708,duplicate_keys,trans,2729966,duplicated trans_id with amount changed to 1325.9
FAULT-00709,duplicate_keys,trans,1070404,duplicated trans_id with amount changed to 1020.2
FAULT-00710,duplicate_keys,trans,710202,duplicated trans_id with amount changed to 4118.8
FAULT-00711,duplicate_keys,trans,3494105,duplicated trans_id with amount changed to 2.6
FAULT-00712,duplicate_keys,trans,62148,duplicated trans_id with amount changed to 1711.0
FAULT-00713,duplicate_keys,trans,1134128,duplicated trans_id with amount changed to 30120.9
FAULT-00714,duplicate_keys,trans,3626277,duplicated trans_id with amount changed to 228.8
FAULT-00715,duplicate_keys,trans,1135670,duplicated trans_id with amount changed to 20.0
FAULT-00716,duplicate_keys,trans,1688933,duplicated trans_id with amount changed to 2027.2
FAULT-00717,duplicate_keys,trans,825648,duplicated trans_id with amount changed to 6926.7
FAULT-00718,duplicate_keys,trans,944761,duplicated trans_id with amount changed to 5807.1
FAULT-00719,duplicate_keys,trans,476661,duplicated trans_id with amount changed to 269.7
FAULT-00720,duplicate_keys,trans,1271969,duplicated trans_id with amount changed to 1437.2
FAULT-00721,duplicate_keys,trans,72566,duplicated trans_id with amount changed to 991.7
FAULT-00722,duplicate_keys,trans,3611067,duplicated trans_id with amount changed to 114.9
FAULT-00723,duplicate_keys,trans,3423280,duplicated trans_id with amount changed to 15490.3
FAULT-00724,duplicate_keys,trans,1053302,duplicated trans_id with amount changed to 22169.7
FAULT-00725,duplicate_keys,trans,1130043,duplicated trans_id with amount changed to 21808.6
FAULT-00726,duplicate_keys,trans,236282,duplicated trans_id with amount changed to 11694.5
FAULT-00727,duplicate_keys,trans,621392,duplicated trans_id with amount changed to 29566.6
FAULT-00728,duplicate_keys,trans,67552,duplicated trans_id with amount changed to 2470.6
FAULT-00729,duplicate_keys,trans,3451886,duplicated trans_id with amount changed to 28.9
FAULT-00730,duplicate_keys,trans,765484,duplicated trans_id with amount changed to 18339.8
FAULT-00731,duplicate_keys,trans,244669,duplicated trans_id with amount changed to 19906.0
FAULT-00732,duplicate_keys,trans,876341,duplicated trans_id with amount changed to 22.3
FAULT-00733,duplicate_keys,trans,3559349,duplicated trans_id with amount changed to 262.7
FAULT-00734,duplicate_keys,trans,880727,duplicated trans_id with amount changed to 2836.4
FAULT-00735,duplicate_keys,trans,3555534,duplicated trans_id with amount changed to 571.2
FAULT-00736,duplicate_keys,trans,610079,duplicated trans_id with amount changed to 1153.8
FAULT-00737,duplicate_keys,trans,3211328,duplicated trans_id with amount changed to 15393.3
FAULT-00738,duplicate_keys,trans,3661104,duplicated trans_id with amount changed to 66.1
FAULT-00739,duplicate_keys,trans,578659,duplicated trans_id with amount changed to 41841.9
FAULT-00740,duplicate_keys,trans,3668640,duplicated trans_id with amount changed to 98.4
FAULT-00741,duplicate_keys,trans,1971387,duplicated trans_id with amount changed to 2977.2
FAULT-00742,duplicate_keys,trans,45465,duplicated trans_id with amount changed to 4794.3
FAULT-00743,duplicate_keys,trans,3535175,duplicated trans_id with amount changed to 329.0
FAULT-00744,duplicate_keys,trans,767651,duplicated trans_id with amount changed to 4039.0
FAULT-00745,duplicate_keys,trans,834459,duplicated trans_id with amount changed to 15969.7
FAULT-00746,duplicate_keys,trans,774374,duplicated trans_id with amount changed to 12200.2
FAULT-00747,duplicate_keys,trans,558190,duplicated trans_id with amount changed to 6464.1
FAULT-00748,duplicate_keys,trans,3440347,duplicated trans_id with amount changed to 235.8
FAULT-00749,duplicate_keys,trans,1329708,duplicated trans_id with amount changed to 7076.7
FAULT-00750,duplicate_keys,trans,3614126,duplicated trans_id with amount changed to 224.6
FAULT-00751,duplicate_keys,trans,962345,duplicated trans_id with amount changed to 7004.5
FAULT-00752,duplicate_keys,trans,2438425,duplicated trans_id with amount changed to 713.9
FAULT-00753,duplicate_keys,trans,2036710,duplicated trans_id with amount changed to 4162.5
FAULT-00754,duplicate_keys,trans,1244607,duplicated trans_id with amount changed to 5292.6
FAULT-00755,duplicate_keys,trans,1879675,duplicated trans_id with amount changed to 3584.3
FAULT-00756,duplicate_keys,trans,181424,duplicated trans_id with amount changed to 557.5
FAULT-00757,duplicate_keys,trans,1071801,duplicated trans_id with amount changed to 20825.2
FAULT-00758,duplicate_keys,trans,3414767,duplicated trans_id with amount changed to 18651.9
FAULT-00759,duplicate_keys,trans,426362,duplicated trans_id with amount changed to 8218.9
FAULT-00760,duplicate_keys,trans,172662,duplicated trans_id with amount changed to 75.2
FAULT-00761,duplicate_keys,trans,954267,duplicated trans_id with amount changed to 29531.4
FAULT-00762,duplicate_keys,trans,38416,duplicated trans_id with amount changed to 17.6
FAULT-00763,duplicate_keys,trans,1134306,duplicated trans_id with amount changed to 6368.8
FAULT-00764,duplicate_keys,trans,967414,duplicated trans_id with amount changed to 20.9
FAULT-00765,duplicate_keys,trans,3607398,duplicated trans_id with amount changed to 200.2
FAULT-00766,duplicate_keys,trans,799374,duplicated trans_id with amount changed to 10644.4
FAULT-00767,duplicate_keys,trans,275592,duplicated trans_id with amount changed to 18.9
FAULT-00768,duplicate_keys,trans,2044772,duplicated trans_id with amount changed to 2244.8
FAULT-00769,duplicate_keys,trans,584612,duplicated trans_id with amount changed to 5225.2
FAULT-00770,duplicate_keys,trans,858712,duplicated trans_id with amount changed to 424.8
FAULT-00771,duplicate_keys,trans,3369479,duplicated trans_id with amount changed to 14645.6
FAULT-00772,duplicate_keys,trans,102073,duplicated trans_id with amount changed to 8801.2
FAULT-00773,duplicate_keys,trans,359344,duplicated trans_id with amount changed to 11560.6
FAULT-00774,duplicate_keys,trans,1191683,duplicated trans_id with amount changed to 18.1
FAULT-00775,duplicate_keys,trans,1086301,duplicated trans_id with amount changed to 7303.9
FAULT-00776,duplicate_keys,trans,694387,duplicated trans_id with amount changed to 542.2
FAULT-00777,duplicate_keys,trans,2383037,duplicated trans_id with amount changed to 17.2
FAULT-00778,duplicate_keys,trans,251956,duplicated trans_id with amount changed to 4695.1
FAULT-00779,duplicate_keys,trans,1162156,duplicated trans_id with amount changed to 5163.5
FAULT-00780,duplicate_keys,trans,3640224,duplicated trans_id with amount changed to 125.5
FAULT-00781,duplicate_keys,trans,750984,duplicated trans_id with amount changed to 2884.9
FAULT-00782,duplicate_keys,trans,1183342,duplicated trans_id with amount changed to 16.8
FAULT-00783,duplicate_keys,trans,827371,duplicated trans_id with amount changed to 14797.1
FAULT-00784,duplicate_keys,trans,312642,duplicated trans_id with amount changed to 60740.4
FAULT-00785,duplicate_keys,trans,710155,duplicated trans_id with amount changed to 3720.2
FAULT-00786,duplicate_keys,trans,2699759,duplicated trans_id with amount changed to 20213.5
FAULT-00787,duplicate_keys,trans,488529,duplicated trans_id with amount changed to 402.3
FAULT-00788,duplicate_keys,trans,5587,duplicated trans_id with amount changed to 42223.7
FAULT-00789,duplicate_keys,trans,910383,duplicated trans_id with amount changed to 11.0
FAULT-00790,duplicate_keys,trans,313495,duplicated trans_id with amount changed to 7366.8
FAULT-00791,duplicate_keys,trans,418804,duplicated trans_id with amount changed to 1503.8
FAULT-00792,duplicate_keys,trans,1158775,duplicated trans_id with amount changed to 25631.9
FAULT-00793,duplicate_keys,trans,123336,duplicated trans_id with amount changed to 14662.1
FAULT-00794,duplicate_keys,trans,3515282,duplicated trans_id with amount changed to 286.3
FAULT-00795,duplicate_keys,trans,896825,duplicated trans_id with amount changed to 964.5
FAULT-00796,duplicate_keys,trans,752279,duplicated trans_id with amount changed to 7178.3
FAULT-00797,duplicate_keys,trans,1028809,duplicated trans_id with amount changed to 18.3
FAULT-00798,duplicate_keys,trans,1703276,duplicated trans_id with amount changed to 6667.3
FAULT-00799,duplicate_keys,trans,698548,duplicated trans_id with amount changed to 4968.9
FAULT-00800,duplicate_keys,trans,638741,duplicated trans_id with amount changed to 13188.4
FAULT-00801,duplicate_keys,trans,3575817,duplicated trans_id with amount changed to 57.7
FAULT-00802,duplicate_keys,trans,94659,duplicated trans_id with amount changed to 15486.4
FAULT-00803,duplicate_keys,trans,19988,duplicated trans_id with amount changed to 5598.0
FAULT-00804,duplicate_keys,trans,3546530,duplicated trans_id with amount changed to 224.6
FAULT-00805,duplicate_keys,trans,814872,duplicated trans_id with amount changed to 4983.7
FAULT-00806,duplicate_keys,trans,743703,duplicated trans_id with amount changed to 1990.3
FAULT-00807,duplicate_keys,trans,1486083,duplicated trans_id with amount changed to 93957.9
FAULT-00808,duplicate_keys,trans,1026374,duplicated trans_id with amount changed to 30474.9
FAULT-00809,duplicate_keys,trans,3629861,duplicated trans_id with amount changed to 148.3
FAULT-00810,duplicate_keys,trans,268999,duplicated trans_id with amount changed to 1607.4
FAULT-00811,duplicate_keys,trans,66618,duplicated trans_id with amount changed to 98035.6
FAULT-00812,duplicate_keys,trans,1165910,duplicated trans_id with amount changed to 1837.2
FAULT-00813,duplicate_keys,trans,736445,duplicated trans_id with amount changed to 18.9
FAULT-00814,duplicate_keys,trans,21608,duplicated trans_id with amount changed to 63533.0
FAULT-00815,duplicate_keys,trans,1041022,duplicated trans_id with amount changed to 13401.6
FAULT-00816,duplicate_keys,trans,731984,duplicated trans_id with amount changed to 6262.5
FAULT-00817,duplicate_keys,trans,878913,duplicated trans_id with amount changed to 39568.6
FAULT-00818,duplicate_keys,trans,755962,duplicated trans_id with amount changed to 9919.5
FAULT-00819,duplicate_keys,trans,500993,duplicated trans_id with amount changed to 1859.2
FAULT-00820,duplicate_keys,trans,891664,duplicated trans_id with amount changed to 2093.2
FAULT-00821,duplicate_keys,trans,2035160,duplicated trans_id with amount changed to 42835.2
FAULT-00822,duplicate_keys,trans,324978,duplicated trans_id with amount changed to 14.3
FAULT-00823,duplicate_keys,trans,1440881,duplicated trans_id with amount changed to 20502.1
FAULT-00824,duplicate_keys,trans,1090788,duplicated trans_id with amount changed to 3755.3
FAULT-00825,duplicate_keys,trans,1110276,duplicated trans_id with amount changed to 4632.9
FAULT-00826,duplicate_keys,trans,685764,duplicated trans_id with amount changed to 3148.6
FAULT-00827,duplicate_keys,trans,862767,duplicated trans_id with amount changed to 2220.5
FAULT-00828,duplicate_keys,trans,742947,duplicated trans_id with amount changed to 23.7
FAULT-00829,duplicate_keys,trans,3644194,duplicated trans_id with amount changed to 251.3
FAULT-00830,duplicate_keys,trans,780245,duplicated trans_id with amount changed to 29.9
FAULT-00831,duplicate_keys,trans,7116,duplicated trans_id with amount changed to 759.9
FAULT-00832,duplicate_keys,trans,3460505,duplicated trans_id with amount changed to 164.7
FAULT-00833,duplicate_keys,trans,265405,duplicated trans_id with amount changed to 5643.4
FAULT-00834,duplicate_keys,trans,587343,duplicated trans_id with amount changed to 1637.2
FAULT-00835,duplicate_keys,trans,3619710,duplicated trans_id with amount changed to 87.8
FAULT-00836,duplicate_keys,trans,121388,duplicated trans_id with amount changed to 42942.1
FAULT-00837,duplicate_keys,trans,1547052,duplicated trans_id with amount changed to 4924.6
FAULT-00838,duplicate_keys,trans,327285,duplicated trans_id with amount changed to 7.8
FAULT-00839,duplicate_keys,trans,1026153,duplicated trans_id with amount changed to 4911.7
FAULT-00840,duplicate_keys,trans,728059,duplicated trans_id with amount changed to 1102.3
FAULT-00841,duplicate_keys,trans,304620,duplicated trans_id with amount changed to 21.7
FAULT-00842,duplicate_keys,trans,3648157,duplicated trans_id with amount changed to 98.0
FAULT-00843,duplicate_keys,trans,1111636,duplicated trans_id with amount changed to 4959.2
FAULT-00844,duplicate_keys,trans,478386,duplicated trans_id with amount changed to 2093.7
FAULT-00845,duplicate_keys,trans,1602768,duplicated trans_id with amount changed to 2841.3
FAULT-00846,duplicate_keys,trans,841975,duplicated trans_id with amount changed to 1224.9
FAULT-00847,duplicate_keys,trans,691533,duplicated trans_id with amount changed to 2704.1
FAULT-00848,duplicate_keys,trans,878744,duplicated trans_id with amount changed to 6748.1
FAULT-00849,duplicate_keys,trans,11753,duplicated trans_id with amount changed to 1804.6
FAULT-00850,duplicate_keys,trans,296187,duplicated trans_id with amount changed to 53100.0
FAULT-00851,duplicate_keys,trans,914809,duplicated trans_id with amount changed to 17.0
FAULT-00852,duplicate_keys,trans,591115,duplicated trans_id with amount changed to 7.3
FAULT-00853,duplicate_keys,trans,119188,duplicated trans_id with amount changed to 18575.0
FAULT-00854,duplicate_keys,trans,1108806,duplicated trans_id with amount changed to 39183.0
FAULT-00855,duplicate_keys,trans,905517,duplicated trans_id with amount changed to 8161.1
FAULT-00856,duplicate_keys,trans,752657,duplicated trans_id with amount changed to 235.0
FAULT-00857,duplicate_keys,trans,895327,duplicated trans_id with amount changed to 341.5
FAULT-00858,duplicate_keys,trans,3459431,duplicated trans_id with amount changed to 382.8
FAULT-00859,duplicate_keys,trans,307440,duplicated trans_id with amount changed to 986.1
FAULT-00860,duplicate_keys,trans,20913,duplicated trans_id with amount changed to 402.1
FAULT-00861,duplicate_keys,trans,479061,duplicated trans_id with amount changed to 31140.6
FAULT-00862,duplicate_keys,trans,154095,duplicated trans_id with amount changed to 37704.5
FAULT-00863,duplicate_keys,trans,221210,duplicated trans_id with amount changed to 3306.2
FAULT-00864,duplicate_keys,trans,318433,duplicated trans_id with amount changed to 23156.7
FAULT-00865,duplicate_keys,trans,40412,duplicated trans_id with amount changed to 42768.1
FAULT-00866,duplicate_keys,trans,2472637,duplicated trans_id with amount changed to 13971.0
FAULT-00867,duplicate_keys,trans,5268,duplicated trans_id with amount changed to 7723.1
FAULT-00868,duplicate_keys,trans,3648929,duplicated trans_id with amount changed to 274.6
FAULT-00869,duplicate_keys,trans,404078,duplicated trans_id with amount changed to 8366.2
FAULT-00870,duplicate_keys,trans,511274,duplicated trans_id with amount changed to 14145.7
FAULT-00871,duplicate_keys,trans,921787,duplicated trans_id with amount changed to 205.7
FAULT-00872,duplicate_keys,trans,556850,duplicated trans_id with amount changed to 22.9
FAULT-00873,duplicate_keys,trans,1003524,duplicated trans_id with amount changed to 18415.2
FAULT-00874,duplicate_keys,trans,205418,duplicated trans_id with amount changed to 17655.0
FAULT-00875,duplicate_keys,trans,260947,duplicated trans_id with amount changed to 21.4
FAULT-00876,duplicate_keys,trans,169581,duplicated trans_id with amount changed to 1840.3
FAULT-00877,duplicate_keys,trans,538621,duplicated trans_id with amount changed to 8324.9
FAULT-00878,duplicate_keys,trans,122208,duplicated trans_id with amount changed to 25.1
FAULT-00879,duplicate_keys,trans,860733,duplicated trans_id with amount changed to 11.0
FAULT-00880,duplicate_keys,trans,871378,duplicated trans_id with amount changed to 9.6
FAULT-00881,duplicate_keys,trans,391713,duplicated trans_id with amount changed to 5383.6
FAULT-00882,duplicate_keys,trans,624789,duplicated trans_id with amount changed to 20.5
FAULT-00883,duplicate_keys,trans,696363,duplicated trans_id with amount changed to 12.7
FAULT-00884,duplicate_keys,trans,2315034,duplicated trans_id with amount changed to 5298.3
FAULT-00885,duplicate_keys,trans,3649582,duplicated trans_id with amount changed to 173.2
FAULT-00886,duplicate_keys,trans,2893274,duplicated trans_id with amount changed to 15826.8
FAULT-00887,duplicate_keys,trans,351585,duplicated trans_id with amount changed to 4483.6
FAULT-00888,duplicate_keys,trans,3680405,duplicated trans_id with amount changed to 48.2
FAULT-00889,duplicate_keys,trans,173209,duplicated trans_id with amount changed to 21447.3
FAULT-00890,duplicate_keys,trans,3456504,duplicated trans_id with amount changed to 399.6
FAULT-00891,duplicate_keys,trans,3661727,duplicated trans_id with amount changed to 202.8
FAULT-00892,duplicate_keys,trans,893894,duplicated trans_id with amount changed to 27.7
FAULT-00893,duplicate_keys,trans,3577856,duplicated trans_id with amount changed to 76.3
FAULT-00894,duplicate_keys,trans,812295,duplicated trans_id with amount changed to 4067.4
FAULT-00895,duplicate_keys,trans,3648205,duplicated trans_id with amount changed to 421.6
FAULT-00896,duplicate_keys,trans,3598720,duplicated trans_id with amount changed to 126.8
FAULT-00897,duplicate_keys,trans,3607553,duplicated trans_id with amount changed to 276.4
FAULT-00898,duplicate_keys,trans,204340,duplicated trans_id with amount changed to 28.5
FAULT-00899,duplicate_keys,trans,3457430,duplicated trans_id with amount changed to 3.7
FAULT-00900,duplicate_keys,trans,393598,duplicated trans_id with amount changed to 8890.3
FAULT-00901,duplicate_keys,trans,1157949,duplicated trans_id with amount changed to 18685.4
FAULT-00902,duplicate_keys,trans,2791497,duplicated trans_id with amount changed to 9.0
FAULT-00903,duplicate_keys,trans,3536371,duplicated trans_id with amount changed to 194.0
FAULT-00904,duplicate_keys,trans,1501953,duplicated trans_id with amount changed to 20.7
FAULT-00905,duplicate_keys,trans,3614417,duplicated trans_id with amount changed to 234.2
FAULT-00906,duplicate_keys,trans,783347,duplicated trans_id with amount changed to 27450.1
FAULT-00907,duplicate_keys,trans,3538536,duplicated trans_id with amount changed to 107.1
FAULT-00908,duplicate_keys,trans,3566304,duplicated trans_id with amount changed to 64.8
FAULT-00909,duplicate_keys,trans,439651,duplicated trans_id with amount changed to 39145.2
FAULT-00910,duplicate_keys,trans,3550560,duplicated trans_id with amount changed to 52.4
FAULT-00911,duplicate_keys,trans,462987,duplicated trans_id with amount changed to 2168.8
FAULT-00912,duplicate_keys,trans,3317772,duplicated trans_id with amount changed to 12486.5
FAULT-00913,duplicate_keys,trans,422472,duplicated trans_id with amount changed to 26716.0
FAULT-00914,duplicate_keys,trans,3674652,duplicated trans_id with amount changed to 217.0
FAULT-00915,duplicate_keys,trans,725986,duplicated trans_id with amount changed to 580.0
FAULT-00916,duplicate_keys,trans,1050610,duplicated trans_id with amount changed to 28.5
FAULT-00917,duplicate_keys,trans,221190,duplicated trans_id with amount changed to 6958.6
FAULT-00918,duplicate_keys,trans,307966,duplicated trans_id with amount changed to 9165.3
FAULT-00919,duplicate_keys,trans,1262535,duplicated trans_id with amount changed to 35134.9
FAULT-00920,duplicate_keys,trans,749643,duplicated trans_id with amount changed to 12.1
FAULT-00921,duplicate_keys,trans,1018350,duplicated trans_id with amount changed to 1801.0
FAULT-00922,duplicate_keys,trans,520712,duplicated trans_id with amount changed to 3444.9
FAULT-00923,duplicate_keys,trans,118161,duplicated trans_id with amount changed to 29622.6
FAULT-00924,duplicate_keys,trans,3652164,duplicated trans_id with amount changed to 176.8
FAULT-00925,duplicate_keys,trans,443988,duplicated trans_id with amount changed to 55572.5
FAULT-00926,duplicate_keys,trans,834620,duplicated trans_id with amount changed to 15.6
FAULT-00927,duplicate_keys,trans,425519,duplicated trans_id with amount changed to 2524.2
FAULT-00928,duplicate_keys,trans,310862,duplicated trans_id with amount changed to 200.1
FAULT-00929,duplicate_keys,trans,943018,duplicated trans_id with amount changed to 17585.7
FAULT-00930,duplicate_keys,trans,3569323,duplicated trans_id with amount changed to 294.5
FAULT-00931,duplicate_keys,trans,689165,duplicated trans_id with amount changed to 12.9
FAULT-00932,duplicate_keys,trans,530613,duplicated trans_id with amount changed to 281.7
FAULT-00933,duplicate_keys,trans,3605434,duplicated trans_id with amount changed to 551.9
FAULT-00934,duplicate_keys,trans,3663330,duplicated trans_id with amount changed to 143.9
FAULT-00935,duplicate_keys,trans,600657,duplicated trans_id with amount changed to 6326.0
FAULT-00936,duplicate_keys,trans,650810,duplicated trans_id with amount changed to 22.1
FAULT-00937,duplicate_keys,trans,897865,duplicated trans_id with amount changed to 1009.6
FAULT-00938,duplicate_keys,trans,3577002,duplicated trans_id with amount changed to 118.0
FAULT-00939,duplicate_keys,trans,2727890,duplicated trans_id with amount changed to 17.7
FAULT-00940,duplicate_keys,trans,337461,duplicated trans_id with amount changed to 53139.8
FAULT-00941,duplicate_keys,trans,502222,duplicated trans_id with amount changed to 5662.6
FAULT-00942,duplicate_keys,trans,488028,duplicated trans_id with amount changed to 2005.1
FAULT-00943,duplicate_keys,trans,1709527,duplicated trans_id with amount changed to 13264.1
FAULT-00944,duplicate_keys,trans,2729980,duplicated trans_id with amount changed to 2672.9
FAULT-00945,duplicate_keys,trans,553886,duplicated trans_id with amount changed to 29107.6
FAULT-00946,duplicate_keys,trans,1148237,duplicated trans_id with amount changed to 1637.4
FAULT-00947,duplicate_keys,trans,520988,duplicated trans_id with amount changed to 5832.8
FAULT-00948,duplicate_keys,trans,1147184,duplicated trans_id with amount changed to 7032.6
FAULT-00949,duplicate_keys,trans,18502,duplicated trans_id with amount changed to 1531.7
FAULT-00950,duplicate_keys,trans,3571823,duplicated trans_id with amount changed to 232.7
FAULT-00951,duplicate_keys,trans,788423,duplicated trans_id with amount changed to 18.0
FAULT-00952,duplicate_keys,trans,29061,duplicated trans_id with amount changed to 14462.9
FAULT-00953,duplicate_keys,trans,701432,duplicated trans_id with amount changed to 10.6
FAULT-00954,duplicate_keys,trans,300541,duplicated trans_id with amount changed to 22.4
FAULT-00955,duplicate_keys,trans,289382,duplicated trans_id with amount changed to 8451.7
FAULT-00956,duplicate_keys,trans,1049224,duplicated trans_id with amount changed to 14603.0
FAULT-00957,duplicate_keys,trans,849735,duplicated trans_id with amount changed to 12877.9
FAULT-00958,duplicate_keys,trans,3470228,duplicated trans_id with amount changed to 135.3
FAULT-00959,duplicate_keys,trans,404974,duplicated trans_id with amount changed to 1345.8
FAULT-00960,duplicate_keys,trans,868390,duplicated trans_id with amount changed to 6754.0
FAULT-00961,duplicate_keys,trans,3460782,duplicated trans_id with amount changed to 189.7
FAULT-00962,duplicate_keys,trans,3292607,duplicated trans_id with amount changed to 6850.8
FAULT-00963,duplicate_keys,trans,877040,duplicated trans_id with amount changed to 32554.2
FAULT-00964,duplicate_keys,trans,3462527,duplicated trans_id with amount changed to 108.1
FAULT-00965,duplicate_keys,trans,1041462,duplicated trans_id with amount changed to 6386.6
FAULT-00966,duplicate_keys,trans,860915,duplicated trans_id with amount changed to 9.7
FAULT-00967,duplicate_keys,trans,1109336,duplicated trans_id with amount changed to 10777.8
FAULT-00968,duplicate_keys,trans,166299,duplicated trans_id with amount changed to 18670.2
FAULT-00969,duplicate_keys,trans,3556471,duplicated trans_id with amount changed to 70.4
FAULT-00970,duplicate_keys,trans,107387,duplicated trans_id with amount changed to 19269.0
FAULT-00971,duplicate_keys,trans,2750892,duplicated trans_id with amount changed to 35196.0
FAULT-00972,duplicate_keys,trans,923628,duplicated trans_id with amount changed to 960.1
FAULT-00973,duplicate_keys,trans,2502448,duplicated trans_id with amount changed to 5441.8
FAULT-00974,duplicate_keys,trans,1073541,duplicated trans_id with amount changed to 11350.2
FAULT-00975,duplicate_keys,trans,3340770,duplicated trans_id with amount changed to 3548.6
FAULT-00976,duplicate_keys,trans,3513330,duplicated trans_id with amount changed to 255.0
FAULT-00977,duplicate_keys,trans,493304,duplicated trans_id with amount changed to 2339.7
FAULT-00978,duplicate_keys,trans,180298,duplicated trans_id with amount changed to 16.5
FAULT-00979,duplicate_keys,trans,113538,duplicated trans_id with amount changed to 9.5
FAULT-00980,duplicate_keys,trans,3573671,duplicated trans_id with amount changed to 372.7
FAULT-00981,duplicate_keys,trans,692662,duplicated trans_id with amount changed to 7038.2
FAULT-00982,duplicate_keys,trans,889094,duplicated trans_id with amount changed to 7.8
FAULT-00983,duplicate_keys,trans,855212,duplicated trans_id with amount changed to 2554.6
FAULT-00984,duplicate_keys,trans,449848,duplicated trans_id with amount changed to 1810.3
FAULT-00985,duplicate_keys,trans,2434977,duplicated trans_id with amount changed to 28279.9
FAULT-00986,duplicate_keys,trans,416488,duplicated trans_id with amount changed to 1042.4
FAULT-00987,duplicate_keys,trans,3588911,duplicated trans_id with amount changed to 486.3
FAULT-00988,duplicate_keys,trans,182249,duplicated trans_id with amount changed to 12381.3
FAULT-00989,duplicate_keys,trans,882105,duplicated trans_id with amount changed to 12649.2
FAULT-00990,duplicate_keys,trans,1030704,duplicated trans_id with amount changed to 3212.1
FAULT-00991,duplicate_keys,trans,2872067,duplicated trans_id with amount changed to 64940.5
FAULT-00992,duplicate_keys,trans,129962,duplicated trans_id with amount changed to 95.1
FAULT-00993,duplicate_keys,trans,58024,duplicated trans_id with amount changed to 2861.0
FAULT-00994,duplicate_keys,trans,3578600,duplicated trans_id with amount changed to 203.8
FAULT-00995,duplicate_keys,trans,465718,duplicated trans_id with amount changed to 28.9
FAULT-00996,duplicate_keys,trans,945262,duplicated trans_id with amount changed to 16799.0
FAULT-00997,duplicate_keys,trans,2931894,duplicated trans_id with amount changed to 57052.1
FAULT-00998,duplicate_keys,trans,744494,duplicated trans_id with amount changed to 8945.2
FAULT-00999,duplicate_keys,trans,227359,duplicated trans_id with amount changed to 4633.5
FAULT-01000,duplicate_keys,trans,876206,duplicated trans_id with amount changed to 2577.2
FAULT-01001,duplicate_keys,trans,3625923,duplicated trans_id with amount changed to 615.1
FAULT-01002,duplicate_keys,trans,573621,duplicated trans_id with amount changed to 18645.4
FAULT-01003,duplicate_keys,trans,411987,duplicated trans_id with amount changed to 260.4
FAULT-01004,duplicate_keys,trans,1105811,duplicated trans_id with amount changed to 1753.0
FAULT-01005,duplicate_keys,trans,3476055,duplicated trans_id with amount changed to 212.5
FAULT-01006,duplicate_keys,trans,404899,duplicated trans_id with amount changed to 791.8
FAULT-01007,duplicate_keys,trans,667326,duplicated trans_id with amount changed to 1438.2
FAULT-01008,duplicate_keys,trans,1025657,duplicated trans_id with amount changed to 21478.2
FAULT-01009,duplicate_keys,trans,699289,duplicated trans_id with amount changed to 12191.7
FAULT-01010,duplicate_keys,trans,1504477,duplicated trans_id with amount changed to 10233.9
FAULT-01011,duplicate_keys,trans,288235,duplicated trans_id with amount changed to 601.7
FAULT-01012,duplicate_keys,trans,621812,duplicated trans_id with amount changed to 95594.7
FAULT-01013,duplicate_keys,trans,319343,duplicated trans_id with amount changed to 7905.5
FAULT-01014,duplicate_keys,trans,3533052,duplicated trans_id with amount changed to 126.1
FAULT-01015,duplicate_keys,trans,1142083,duplicated trans_id with amount changed to 58544.0
FAULT-01016,duplicate_keys,trans,73060,duplicated trans_id with amount changed to 29627.2
FAULT-01017,duplicate_keys,trans,419398,duplicated trans_id with amount changed to 2440.6
FAULT-01018,duplicate_keys,trans,984880,duplicated trans_id with amount changed to 3634.2
FAULT-01019,duplicate_keys,trans,3585677,duplicated trans_id with amount changed to 249.5
FAULT-01020,duplicate_keys,trans,3663655,duplicated trans_id with amount changed to 508.8
FAULT-01021,duplicate_keys,trans,1486685,duplicated trans_id with amount changed to 8263.9
FAULT-01022,duplicate_keys,trans,646742,duplicated trans_id with amount changed to 4504.5
FAULT-01023,duplicate_keys,trans,816342,duplicated trans_id with amount changed to 15614.5
FAULT-01024,duplicate_keys,trans,446046,duplicated trans_id with amount changed to 1589.0
FAULT-01025,duplicate_keys,trans,692409,duplicated trans_id with amount changed to 5684.6
FAULT-01026,duplicate_keys,trans,2963545,duplicated trans_id with amount changed to 20001.3
FAULT-01027,duplicate_keys,trans,3610960,duplicated trans_id with amount changed to 264.0
FAULT-01028,duplicate_keys,trans,1154807,duplicated trans_id with amount changed to 18607.9
FAULT-01029,duplicate_keys,trans,997464,duplicated trans_id with amount changed to 22.1
FAULT-01030,duplicate_keys,trans,786513,duplicated trans_id with amount changed to 13.1
FAULT-01031,duplicate_keys,trans,604964,duplicated trans_id with amount changed to 2685.3
FAULT-01032,duplicate_keys,trans,435395,duplicated trans_id with amount changed to 1289.3
FAULT-01033,duplicate_keys,trans,738801,duplicated trans_id with amount changed to 1323.1
FAULT-01034,duplicate_keys,trans,182550,duplicated trans_id with amount changed to 2879.4
FAULT-01035,duplicate_keys,trans,604773,duplicated trans_id with amount changed to 208.4
FAULT-01036,duplicate_keys,trans,612444,duplicated trans_id with amount changed to 58277.9
FAULT-01037,duplicate_keys,trans,591178,duplicated trans_id with amount changed to 1670.2
FAULT-01038,duplicate_keys,trans,263495,duplicated trans_id with amount changed to 3790.2
FAULT-01039,duplicate_keys,trans,710083,duplicated trans_id with amount changed to 27028.7
FAULT-01040,duplicate_keys,trans,90548,duplicated trans_id with amount changed to 7300.6
FAULT-01041,duplicate_keys,trans,709888,duplicated trans_id with amount changed to 8.2
FAULT-01042,duplicate_keys,trans,3654351,duplicated trans_id with amount changed to 264.6
FAULT-01043,duplicate_keys,trans,3569351,duplicated trans_id with amount changed to 30.9
FAULT-01044,duplicate_keys,trans,48203,duplicated trans_id with amount changed to 12.5
FAULT-01045,duplicate_keys,trans,876103,duplicated trans_id with amount changed to 7323.8
FAULT-01046,duplicate_keys,trans,1080345,duplicated trans_id with amount changed to 10867.9
FAULT-01047,duplicate_keys,trans,1225390,duplicated trans_id with amount changed to 3591.9
FAULT-01048,duplicate_keys,trans,3617961,duplicated trans_id with amount changed to 254.9
FAULT-01049,duplicate_keys,trans,177077,duplicated trans_id with amount changed to 20.6
FAULT-01050,duplicate_keys,trans,1159177,duplicated trans_id with amount changed to 22.9
FAULT-01051,duplicate_keys,trans,498076,duplicated trans_id with amount changed to 4098.7
FAULT-01052,duplicate_keys,trans,725395,duplicated trans_id with amount changed to 14123.4
FAULT-01053,duplicate_keys,trans,1876120,duplicated trans_id with amount changed to 24723.6
FAULT-01054,duplicate_keys,trans,563959,duplicated trans_id with amount changed to 3382.8
FAULT-01055,duplicate_keys,trans,3505180,duplicated trans_id with amount changed to 100.4
FAULT-01056,duplicate_keys,trans,1486981,duplicated trans_id with amount changed to 30807.0
FAULT-01057,duplicate_keys,account,2117,duplicated account_id with date changed to 961016
FAULT-01058,referential_breaks,trans,143374,account_id 480 -> 12382 (absent from account)
FAULT-01059,referential_breaks,trans,1167299,account_id 4000 -> 12383 (absent from account)
FAULT-01060,referential_breaks,trans,907911,account_id 3094 -> 12384 (absent from account)
FAULT-01061,referential_breaks,trans,1041539,account_id 3561 -> 12385 (absent from account)
FAULT-01062,referential_breaks,trans,87057,account_id 290 -> 12386 (absent from account)
FAULT-01063,referential_breaks,trans,3198765,account_id 10613 -> 12387 (absent from account)
FAULT-01064,referential_breaks,trans,3587050,account_id 1719 -> 12388 (absent from account)
FAULT-01065,referential_breaks,trans,442404,account_id 1504 -> 12389 (absent from account)
FAULT-01066,referential_breaks,trans,111340,account_id 376 -> 12390 (absent from account)
FAULT-01067,referential_breaks,trans,214716,account_id 729 -> 12391 (absent from account)
FAULT-01068,referential_breaks,trans,97592,account_id 334 -> 12392 (absent from account)
FAULT-01069,referential_breaks,trans,743242,account_id 2538 -> 12393 (absent from account)
FAULT-01070,referential_breaks,trans,1140285,account_id 3898 -> 12394 (absent from account)
FAULT-01071,referential_breaks,trans,3548894,account_id 549 -> 12395 (absent from account)
FAULT-01072,referential_breaks,trans,3567825,account_id 1130 -> 12396 (absent from account)
FAULT-01073,referential_breaks,trans,3464286,account_id 2983 -> 12397 (absent from account)
FAULT-01074,referential_breaks,trans,180357,account_id 610 -> 12398 (absent from account)
FAULT-01075,referential_breaks,trans,166674,account_id 557 -> 12399 (absent from account)
FAULT-01076,referential_breaks,trans,560217,account_id 1906 -> 12400 (absent from account)
FAULT-01077,referential_breaks,trans,803342,account_id 2738 -> 12401 (absent from account)
FAULT-01078,referential_breaks,trans,3460682,account_id 1977 -> 12402 (absent from account)
FAULT-01079,referential_breaks,trans,918712,account_id 3132 -> 12403 (absent from account)
FAULT-01080,referential_breaks,trans,952276,account_id 3246 -> 12404 (absent from account)
FAULT-01081,referential_breaks,trans,1652620,account_id 5602 -> 12405 (absent from account)
FAULT-01082,referential_breaks,trans,2989205,account_id 9897 -> 12406 (absent from account)
FAULT-01083,referential_breaks,trans,2448797,account_id 8073 -> 12407 (absent from account)
FAULT-01084,referential_breaks,trans,1056704,account_id 3613 -> 12408 (absent from account)
FAULT-01085,referential_breaks,trans,2648435,account_id 8759 -> 12409 (absent from account)
FAULT-01086,referential_breaks,trans,845743,account_id 2880 -> 12410 (absent from account)
FAULT-01087,referential_breaks,trans,294390,account_id 1005 -> 12411 (absent from account)
FAULT-01088,referential_breaks,trans,1144554,account_id 3915 -> 12412 (absent from account)
FAULT-01089,referential_breaks,trans,621765,account_id 2122 -> 12413 (absent from account)
FAULT-01090,referential_breaks,trans,2967133,account_id 9828 -> 12414 (absent from account)
FAULT-01091,referential_breaks,trans,3636458,account_id 3212 -> 12415 (absent from account)
FAULT-01092,referential_breaks,trans,857979,account_id 2925 -> 12416 (absent from account)
FAULT-01093,referential_breaks,trans,920134,account_id 3135 -> 12417 (absent from account)
FAULT-01094,referential_breaks,trans,431942,account_id 1468 -> 12418 (absent from account)
FAULT-01095,referential_breaks,trans,3621984,account_id 2763 -> 12419 (absent from account)
FAULT-01096,referential_breaks,trans,587516,account_id 1999 -> 12420 (absent from account)
FAULT-01097,referential_breaks,trans,3654056,account_id 3745 -> 12421 (absent from account)
FAULT-01098,referential_breaks,trans,570973,account_id 1943 -> 12422 (absent from account)
FAULT-01099,referential_breaks,trans,1899904,account_id 6434 -> 12423 (absent from account)
FAULT-01100,referential_breaks,trans,759175,account_id 2589 -> 12424 (absent from account)
FAULT-01101,referential_breaks,trans,697686,account_id 2385 -> 12425 (absent from account)
FAULT-01102,referential_breaks,trans,914098,account_id 3115 -> 12426 (absent from account)
FAULT-01103,referential_breaks,trans,228258,account_id 775 -> 12427 (absent from account)
FAULT-01104,referential_breaks,trans,989647,account_id 3373 -> 12428 (absent from account)
FAULT-01105,referential_breaks,trans,3449570,account_id 3786 -> 12429 (absent from account)
FAULT-01106,referential_breaks,trans,789785,account_id 2694 -> 12430 (absent from account)
FAULT-01107,referential_breaks,trans,696520,account_id 2381 -> 12431 (absent from account)
FAULT-01108,referential_breaks,trans,517527,account_id 1768 -> 12432 (absent from account)
FAULT-01109,referential_breaks,trans,67445,account_id 225 -> 12433 (absent from account)
FAULT-01110,referential_breaks,trans,3536494,account_id 186 -> 12434 (absent from account)
FAULT-01111,referential_breaks,trans,939299,account_id 3206 -> 12435 (absent from account)
FAULT-01112,referential_breaks,trans,2579278,account_id 8519 -> 12436 (absent from account)
FAULT-01113,referential_breaks,trans,680471,account_id 2322 -> 12437 (absent from account)
FAULT-01114,referential_breaks,trans,528912,account_id 1804 -> 12438 (absent from account)
FAULT-01115,referential_breaks,trans,40545,account_id 132 -> 12439 (absent from account)
FAULT-01116,referential_breaks,trans,653164,account_id 2233 -> 12440 (absent from account)
FAULT-01117,referential_breaks,trans,275546,account_id 943 -> 12441 (absent from account)
FAULT-01118,referential_breaks,trans,1099529,account_id 3756 -> 12442 (absent from account)
FAULT-01119,referential_breaks,trans,602615,account_id 2051 -> 12443 (absent from account)
FAULT-01120,referential_breaks,trans,869520,account_id 2961 -> 12444 (absent from account)
FAULT-01121,referential_breaks,trans,1098147,account_id 3752 -> 12445 (absent from account)
FAULT-01122,referential_breaks,trans,488794,account_id 1667 -> 12446 (absent from account)
FAULT-01123,referential_breaks,trans,766612,account_id 2618 -> 12447 (absent from account)
FAULT-01124,referential_breaks,trans,892125,account_id 3041 -> 12448 (absent from account)
FAULT-01125,referential_breaks,trans,1263556,account_id 4321 -> 12449 (absent from account)
FAULT-01126,referential_breaks,trans,1305505,account_id 4458 -> 12450 (absent from account)
FAULT-01127,referential_breaks,trans,3606022,account_id 2301 -> 12451 (absent from account)
FAULT-01128,referential_breaks,trans,946722,account_id 3227 -> 12452 (absent from account)
FAULT-01129,referential_breaks,trans,515886,account_id 1763 -> 12453 (absent from account)
FAULT-01130,referential_breaks,trans,1250355,account_id 4276 -> 12454 (absent from account)
FAULT-01131,referential_breaks,trans,464906,account_id 1582 -> 12455 (absent from account)
FAULT-01132,referential_breaks,trans,862342,account_id 2936 -> 12456 (absent from account)
FAULT-01133,referential_breaks,trans,3591415,account_id 1843 -> 12457 (absent from account)
FAULT-01134,referential_breaks,trans,3553529,account_id 698 -> 12458 (absent from account)
FAULT-01135,referential_breaks,trans,3451675,account_id 5343 -> 12459 (absent from account)
FAULT-01136,referential_breaks,trans,175953,account_id 594 -> 12460 (absent from account)
FAULT-01137,referential_breaks,trans,30238,account_id 98 -> 12461 (absent from account)
FAULT-01138,referential_breaks,trans,70645,account_id 235 -> 12462 (absent from account)
FAULT-01139,referential_breaks,trans,672047,account_id 2295 -> 12463 (absent from account)
FAULT-01140,referential_breaks,trans,29419,account_id 96 -> 12464 (absent from account)
FAULT-01141,referential_breaks,trans,1063565,account_id 3633 -> 12465 (absent from account)
FAULT-01142,referential_breaks,trans,898090,account_id 3061 -> 12466 (absent from account)
FAULT-01143,referential_breaks,trans,1921292,account_id 6511 -> 12467 (absent from account)
FAULT-01144,referential_breaks,trans,309602,account_id 1054 -> 12468 (absent from account)
FAULT-01145,referential_breaks,trans,3545407,account_id 447 -> 12469 (absent from account)
FAULT-01146,referential_breaks,trans,3607628,account_id 2348 -> 12470 (absent from account)
FAULT-01147,referential_breaks,trans,927171,account_id 3160 -> 12471 (absent from account)
FAULT-01148,referential_breaks,trans,3678537,account_id 6856 -> 12472 (absent from account)
FAULT-01149,referential_breaks,trans,3467420,account_id 3838 -> 12473 (absent from account)
FAULT-01150,referential_breaks,trans,587450,account_id 1999 -> 12474 (absent from account)
FAULT-01151,referential_breaks,trans,1109707,account_id 3788 -> 12475 (absent from account)
FAULT-01152,referential_breaks,trans,528184,account_id 1802 -> 12476 (absent from account)
FAULT-01153,referential_breaks,trans,351084,account_id 1193 -> 12477 (absent from account)
FAULT-01154,referential_breaks,trans,651152,account_id 2225 -> 12478 (absent from account)
FAULT-01155,referential_breaks,trans,341905,account_id 1160 -> 12479 (absent from account)
FAULT-01156,referential_breaks,trans,429825,account_id 1459 -> 12480 (absent from account)
FAULT-01157,referential_breaks,trans,876631,account_id 2986 -> 12481 (absent from account)
FAULT-01158,referential_breaks,trans,564258,account_id 1920 -> 12482 (absent from account)
FAULT-01159,referential_breaks,trans,5126,account_id 21 -> 12483 (absent from account)
FAULT-01160,referential_breaks,trans,248603,account_id 854 -> 12484 (absent from account)
FAULT-01161,referential_breaks,trans,978940,account_id 3339 -> 12485 (absent from account)
FAULT-01162,referential_breaks,trans,3584246,account_id 1637 -> 12486 (absent from account)
FAULT-01163,referential_breaks,trans,272354,account_id 931 -> 12487 (absent from account)
FAULT-01164,referential_breaks,trans,3619172,account_id 2681 -> 12488 (absent from account)
FAULT-01165,referential_breaks,trans,3553536,account_id 700 -> 12489 (absent from account)
FAULT-01166,referential_breaks,trans,542234,account_id 1844 -> 12490 (absent from account)
FAULT-01167,referential_breaks,trans,729558,account_id 2494 -> 12491 (absent from account)
FAULT-01168,referential_breaks,trans,372836,account_id 1269 -> 12492 (absent from account)
FAULT-01169,referential_breaks,trans,1022808,account_id 3491 -> 12493 (absent from account)
FAULT-01170,referential_breaks,trans,335509,account_id 1140 -> 12494 (absent from account)
FAULT-01171,referential_breaks,trans,3522328,account_id 10520 -> 12495 (absent from account)
FAULT-01172,referential_breaks,trans,1017725,account_id 3477 -> 12496 (absent from account)
FAULT-01173,referential_breaks,trans,1291958,account_id 4415 -> 12497 (absent from account)
FAULT-01174,referential_breaks,trans,3634788,account_id 3155 -> 12498 (absent from account)
FAULT-01175,referential_breaks,trans,694600,account_id 2375 -> 12499 (absent from account)
FAULT-01176,referential_breaks,trans,3575584,account_id 1376 -> 12500 (absent from account)
FAULT-01177,referential_breaks,trans,1067512,account_id 3648 -> 12501 (absent from account)
FAULT-01178,referential_breaks,trans,280545,account_id 960 -> 12502 (absent from account)
FAULT-01179,referential_breaks,trans,245636,account_id 843 -> 12503 (absent from account)
FAULT-01180,referential_breaks,trans,1143032,account_id 3909 -> 12504 (absent from account)
FAULT-01181,referential_breaks,trans,784172,account_id 2672 -> 12505 (absent from account)
FAULT-01182,referential_breaks,trans,3293173,account_id 10942 -> 12506 (absent from account)
FAULT-01183,referential_breaks,trans,220096,account_id 748 -> 12507 (absent from account)
FAULT-01184,referential_breaks,trans,2610677,account_id 8625 -> 12508 (absent from account)
FAULT-01185,referential_breaks,trans,2908857,account_id 9635 -> 12509 (absent from account)
FAULT-01186,referential_breaks,trans,20949,account_id 69 -> 12510 (absent from account)
FAULT-01187,referential_breaks,trans,853253,account_id 2907 -> 12511 (absent from account)
FAULT-01188,referential_breaks,trans,260288,account_id 891 -> 12512 (absent from account)
FAULT-01189,referential_breaks,trans,540975,account_id 1838 -> 12513 (absent from account)
FAULT-01190,referential_breaks,trans,482273,account_id 1642 -> 12514 (absent from account)
FAULT-01191,referential_breaks,trans,1414910,account_id 4825 -> 12515 (absent from account)
FAULT-01192,referential_breaks,trans,329416,account_id 1123 -> 12516 (absent from account)
FAULT-01193,referential_breaks,trans,559009,account_id 1902 -> 12517 (absent from account)
FAULT-01194,referential_breaks,trans,269031,account_id 922 -> 12518 (absent from account)
FAULT-01195,referential_breaks,trans,25070,account_id 83 -> 12519 (absent from account)
FAULT-01196,referential_breaks,trans,2862233,account_id 9472 -> 12520 (absent from account)
FAULT-01197,referential_breaks,trans,686958,account_id 2345 -> 12521 (absent from account)
FAULT-01198,referential_breaks,trans,1580451,account_id 5372 -> 12522 (absent from account)
FAULT-01199,referential_breaks,trans,3584367,account_id 1640 -> 12523 (absent from account)
FAULT-01200,referential_breaks,trans,315718,account_id 1077 -> 12524 (absent from account)
FAULT-01201,referential_breaks,trans,685324,account_id 2340 -> 12525 (absent from account)
FAULT-01202,referential_breaks,trans,91872,account_id 311 -> 12526 (absent from account)
FAULT-01203,referential_breaks,trans,3353164,account_id 11135 -> 12527 (absent from account)
FAULT-01204,referential_breaks,trans,637208,account_id 2176 -> 12528 (absent from account)
FAULT-01205,referential_breaks,trans,172570,account_id 578 -> 12529 (absent from account)
FAULT-01206,referential_breaks,trans,1183199,account_id 4055 -> 12530 (absent from account)
FAULT-01207,referential_breaks,trans,849597,account_id 2894 -> 12531 (absent from account)
FAULT-01208,referential_breaks,trans,3634179,account_id 3136 -> 12532 (absent from account)
FAULT-01209,referential_breaks,trans,583896,account_id 1987 -> 12533 (absent from account)
FAULT-01210,referential_breaks,trans,3450940,account_id 4729 -> 12534 (absent from account)
FAULT-01211,referential_breaks,trans,3319547,account_id 11027 -> 12535 (absent from account)
FAULT-01212,referential_breaks,trans,564029,account_id 1919 -> 12536 (absent from account)
FAULT-01213,referential_breaks,trans,3617144,account_id 2620 -> 12537 (absent from account)
FAULT-01214,referential_breaks,trans,633003,account_id 2161 -> 12538 (absent from account)
FAULT-01215,referential_breaks,trans,3538193,account_id 231 -> 12539 (absent from account)
FAULT-01216,referential_breaks,trans,1143752,account_id 3912 -> 12540 (absent from account)
FAULT-01217,referential_breaks,trans,691133,account_id 2361 -> 12541 (absent from account)
FAULT-01218,referential_breaks,trans,1142414,account_id 3907 -> 12542 (absent from account)
FAULT-01219,referential_breaks,trans,3446557,account_id 1416 -> 12543 (absent from account)
FAULT-01220,referential_breaks,trans,1159219,account_id 3969 -> 12544 (absent from account)
FAULT-01221,referential_breaks,trans,750737,account_id 2560 -> 12545 (absent from account)
FAULT-01222,referential_breaks,trans,391255,account_id 1331 -> 12546 (absent from account)
FAULT-01223,referential_breaks,trans,3673408,account_id 5891 -> 12547 (absent from account)
FAULT-01224,referential_breaks,trans,165758,account_id 554 -> 12548 (absent from account)
FAULT-01225,referential_breaks,trans,904016,account_id 3080 -> 12549 (absent from account)
FAULT-01226,referential_breaks,trans,207820,account_id 705 -> 12550 (absent from account)
FAULT-01227,referential_breaks,trans,572440,account_id 1948 -> 12551 (absent from account)
FAULT-01228,referential_breaks,trans,577055,account_id 1965 -> 12552 (absent from account)
FAULT-01229,referential_breaks,trans,1120000,account_id 3826 -> 12553 (absent from account)
FAULT-01230,referential_breaks,trans,538466,account_id 1831 -> 12554 (absent from account)
FAULT-01231,referential_breaks,trans,2695611,account_id 8919 -> 12555 (absent from account)
FAULT-01232,referential_breaks,trans,647294,account_id 2213 -> 12556 (absent from account)
FAULT-01233,referential_breaks,trans,1231086,account_id 4214 -> 12557 (absent from account)
FAULT-01234,referential_breaks,trans,644220,account_id 2199 -> 12558 (absent from account)
FAULT-01235,referential_breaks,trans,332452,account_id 1132 -> 12559 (absent from account)
FAULT-01236,referential_breaks,trans,506416,account_id 1729 -> 12560 (absent from account)
FAULT-01237,referential_breaks,trans,372873,account_id 1269 -> 12561 (absent from account)
FAULT-01238,referential_breaks,trans,365652,account_id 1242 -> 12562 (absent from account)
FAULT-01239,referential_breaks,trans,789325,account_id 2691 -> 12563 (absent from account)
FAULT-01240,referential_breaks,trans,700398,account_id 2396 -> 12564 (absent from account)
FAULT-01241,referential_breaks,trans,394643,account_id 1341 -> 12565 (absent from account)
FAULT-01242,referential_breaks,trans,3461920,account_id 2340 -> 12566 (absent from account)
FAULT-01243,referential_breaks,trans,347208,account_id 1176 -> 12567 (absent from account)
FAULT-01244,referential_breaks,trans,386448,account_id 1313 -> 12568 (absent from account)
FAULT-01245,referential_breaks,trans,1071360,account_id 3660 -> 12569 (absent from account)
FAULT-01246,referential_breaks,trans,1804066,account_id 6118 -> 12570 (absent from account)
FAULT-01247,referential_breaks,trans,888074,account_id 3028 -> 12571 (absent from account)
FAULT-01248,referential_breaks,trans,1162553,account_id 3980 -> 12572 (absent from account)
FAULT-01249,referential_breaks,trans,84171,account_id 280 -> 12573 (absent from account)
FAULT-01250,referential_breaks,trans,3628671,account_id 2966 -> 12574 (absent from account)
FAULT-01251,referential_breaks,trans,971957,account_id 3311 -> 12575 (absent from account)
FAULT-01252,referential_breaks,trans,27199,account_id 90 -> 12576 (absent from account)
FAULT-01253,referential_breaks,trans,3047740,account_id 10105 -> 12577 (absent from account)
FAULT-01254,referential_breaks,trans,130450,account_id 437 -> 12578 (absent from account)
FAULT-01255,referential_breaks,trans,829413,account_id 2824 -> 12579 (absent from account)
FAULT-01256,referential_breaks,trans,1982280,account_id 6715 -> 12580 (absent from account)
FAULT-01257,referential_breaks,trans,3552490,account_id 662 -> 12581 (absent from account)
FAULT-01258,referential_breaks,trans,390989,account_id 1330 -> 12582 (absent from account)
FAULT-01259,referential_breaks,trans,629606,account_id 2149 -> 12583 (absent from account)
FAULT-01260,referential_breaks,trans,62425,account_id 207 -> 12584 (absent from account)
FAULT-01261,referential_breaks,trans,140201,account_id 469 -> 12585 (absent from account)
FAULT-01262,referential_breaks,trans,647254,account_id 2213 -> 12586 (absent from account)
FAULT-01263,referential_breaks,trans,1039581,account_id 3555 -> 12587 (absent from account)
FAULT-01264,referential_breaks,trans,661036,account_id 2256 -> 12588 (absent from account)
FAULT-01265,referential_breaks,trans,2976510,account_id 9859 -> 12589 (absent from account)
FAULT-01266,referential_breaks,trans,1982579,account_id 6715 -> 12590 (absent from account)
FAULT-01267,referential_breaks,trans,1387310,account_id 4727 -> 12591 (absent from account)
FAULT-01268,referential_breaks,trans,877497,account_id 2989 -> 12592 (absent from account)
FAULT-01269,referential_breaks,trans,952612,account_id 3247 -> 12593 (absent from account)
FAULT-01270,referential_breaks,trans,1110010,account_id 3789 -> 12594 (absent from account)
FAULT-01271,referential_breaks,trans,3600648,account_id 2128 -> 12595 (absent from account)
FAULT-01272,referential_breaks,trans,709941,account_id 2428 -> 12596 (absent from account)
FAULT-01273,referential_breaks,trans,1063504,account_id 3632 -> 12597 (absent from account)
FAULT-01274,referential_breaks,trans,718407,account_id 2460 -> 12598 (absent from account)
FAULT-01275,referential_breaks,trans,574447,account_id 1955 -> 12599 (absent from account)
FAULT-01276,referential_breaks,trans,1493282,account_id 5092 -> 12600 (absent from account)
FAULT-01277,referential_breaks,trans,3419846,account_id 11349 -> 12601 (absent from account)
FAULT-01278,referential_breaks,trans,85946,account_id 288 -> 12602 (absent from account)
FAULT-01279,referential_breaks,trans,1053915,account_id 3605 -> 12603 (absent from account)
FAULT-01280,referential_breaks,trans,531781,account_id 1811 -> 12604 (absent from account)
FAULT-01281,referential_breaks,trans,3603204,account_id 2214 -> 12605 (absent from account)
FAULT-01282,referential_breaks,trans,3319469,account_id 11027 -> 12606 (absent from account)
FAULT-01283,referential_breaks,trans,375431,account_id 1277 -> 12607 (absent from account)
FAULT-01284,referential_breaks,trans,357892,account_id 1214 -> 12608 (absent from account)
FAULT-01285,referential_breaks,trans,625199,account_id 2134 -> 12609 (absent from account)
FAULT-01286,referential_breaks,trans,3460310,account_id 363 -> 12610 (absent from account)
FAULT-01287,referential_breaks,trans,3593806,account_id 1916 -> 12611 (absent from account)
FAULT-01288,referential_breaks,trans,3546591,account_id 480 -> 12612 (absent from account)
FAULT-01289,referential_breaks,trans,336876,account_id 1144 -> 12613 (absent from account)
FAULT-01290,referential_breaks,trans,1292561,account_id 4416 -> 12614 (absent from account)
FAULT-01291,referential_breaks,trans,3419779,account_id 11349 -> 12615 (absent from account)
FAULT-01292,referential_breaks,trans,501449,account_id 1708 -> 12616 (absent from account)
FAULT-01293,referential_breaks,trans,2326421,account_id 7674 -> 12617 (absent from account)
FAULT-01294,referential_breaks,trans,3539786,account_id 279 -> 12618 (absent from account)
FAULT-01295,referential_breaks,trans,598150,account_id 2036 -> 12619 (absent from account)
FAULT-01296,referential_breaks,trans,3412664,account_id 11328 -> 12620 (absent from account)
FAULT-01297,referential_breaks,trans,297670,account_id 1016 -> 12621 (absent from account)
FAULT-01298,referential_breaks,trans,325317,account_id 1111 -> 12622 (absent from account)
FAULT-01299,referential_breaks,trans,546024,account_id 1858 -> 12623 (absent from account)
FAULT-01300,referential_breaks,trans,23012,account_id 75 -> 12624 (absent from account)
FAULT-01301,referential_breaks,trans,920435,account_id 3136 -> 12625 (absent from account)
FAULT-01302,referential_breaks,trans,3437921,account_id 523 -> 12626 (absent from account)
FAULT-01303,referential_breaks,trans,3616337,account_id 2593 -> 12627 (absent from account)
FAULT-01304,referential_breaks,trans,671682,account_id 2293 -> 12628 (absent from account)
FAULT-01305,referential_breaks,trans,936146,account_id 3195 -> 12629 (absent from account)
FAULT-01306,referential_breaks,trans,948508,account_id 3233 -> 12630 (absent from account)
FAULT-01307,referential_breaks,trans,778477,account_id 2653 -> 12631 (absent from account)
FAULT-01308,referential_breaks,trans,3584768,account_id 1653 -> 12632 (absent from account)
FAULT-01309,referential_breaks,trans,2042697,account_id 6924 -> 12633 (absent from account)
FAULT-01310,referential_breaks,trans,284849,account_id 978 -> 12634 (absent from account)
FAULT-01311,referential_breaks,trans,518637,account_id 1771 -> 12635 (absent from account)
FAULT-01312,referential_breaks,trans,813640,account_id 2770 -> 12636 (absent from account)
FAULT-01313,referential_breaks,trans,884683,account_id 3014 -> 12637 (absent from account)
FAULT-01314,referential_breaks,trans,989770,account_id 3374 -> 12638 (absent from account)
FAULT-01315,referential_breaks,trans,785971,account_id 2677 -> 12639 (absent from account)
FAULT-01316,referential_breaks,trans,1838369,account_id 6226 -> 12640 (absent from account)
FAULT-01317,referential_breaks,trans,1109268,account_id 3787 -> 12641 (absent from account)
FAULT-01318,referential_breaks,trans,655536,account_id 2241 -> 12642 (absent from account)
FAULT-01319,referential_breaks,trans,3282419,account_id 10906 -> 12643 (absent from account)
FAULT-01320,referential_breaks,trans,85442,account_id 287 -> 12644 (absent from account)
FAULT-01321,referential_breaks,trans,980223,account_id 3344 -> 12645 (absent from account)
FAULT-01322,referential_breaks,trans,3441353,account_id 1192 -> 12646 (absent from account)
FAULT-01323,referential_breaks,trans,1065010,account_id 3638 -> 12647 (absent from account)
FAULT-01324,referential_breaks,trans,3584699,account_id 1652 -> 12648 (absent from account)
FAULT-01325,referential_breaks,trans,3597889,account_id 2033 -> 12649 (absent from account)
FAULT-01326,referential_breaks,trans,898613,account_id 3063 -> 12650 (absent from account)
FAULT-01327,referential_breaks,trans,590220,account_id 2009 -> 12651 (absent from account)
FAULT-01328,referential_breaks,trans,902870,account_id 3076 -> 12652 (absent from account)
FAULT-01329,referential_breaks,trans,180878,account_id 613 -> 12653 (absent from account)
FAULT-01330,referential_breaks,trans,3612442,account_id 2489 -> 12654 (absent from account)
FAULT-01331,referential_breaks,trans,250803,account_id 861 -> 12655 (absent from account)
FAULT-01332,referential_breaks,trans,1679202,account_id 5692 -> 12656 (absent from account)
FAULT-01333,referential_breaks,trans,2459869,account_id 8114 -> 12657 (absent from account)
FAULT-01334,referential_breaks,trans,590765,account_id 2010 -> 12658 (absent from account)
FAULT-01335,referential_breaks,trans,1021348,account_id 3487 -> 12659 (absent from account)
FAULT-01336,referential_breaks,trans,89105,account_id 300 -> 12660 (absent from account)
FAULT-01337,referential_breaks,trans,483844,account_id 1646 -> 12661 (absent from account)
FAULT-01338,referential_breaks,trans,655519,account_id 2241 -> 12662 (absent from account)
FAULT-01339,referential_breaks,trans,528070,account_id 1801 -> 12663 (absent from account)
FAULT-01340,referential_breaks,trans,502127,account_id 1711 -> 12664 (absent from account)
FAULT-01341,referential_breaks,trans,1142199,account_id 3905 -> 12665 (absent from account)
FAULT-01342,referential_breaks,trans,805988,account_id 2747 -> 12666 (absent from account)
FAULT-01343,referential_breaks,trans,123356,account_id 415 -> 12667 (absent from account)
FAULT-01344,referential_breaks,trans,3544992,account_id 436 -> 12668 (absent from account)
FAULT-01345,referential_breaks,trans,3456120,account_id 9041 -> 12669 (absent from account)
FAULT-01346,referential_breaks,trans,2343737,account_id 7733 -> 12670 (absent from account)
FAULT-01347,referential_breaks,trans,498078,account_id 1697 -> 12671 (absent from account)
FAULT-01348,referential_breaks,trans,675182,account_id 2306 -> 12672 (absent from account)
FAULT-01349,referential_breaks,trans,1535233,account_id 5228 -> 12673 (absent from account)
FAULT-01350,referential_breaks,trans,3642634,account_id 3394 -> 12674 (absent from account)
FAULT-01351,referential_breaks,trans,573825,account_id 1952 -> 12675 (absent from account)
FAULT-01352,referential_breaks,trans,374371,account_id 1274 -> 12676 (absent from account)
FAULT-01353,referential_breaks,trans,1891112,account_id 6400 -> 12677 (absent from account)
FAULT-01354,referential_breaks,trans,1141149,account_id 3901 -> 12678 (absent from account)
FAULT-01355,referential_breaks,trans,786020,account_id 2677 -> 12679 (absent from account)
FAULT-01356,referential_breaks,trans,174720,account_id 588 -> 12680 (absent from account)
FAULT-01357,referential_breaks,trans,1578362,account_id 5366 -> 12681 (absent from account)
FAULT-01358,referential_breaks,trans,995711,account_id 3398 -> 12682 (absent from account)
FAULT-01359,referential_breaks,trans,525930,account_id 1794 -> 12683 (absent from account)
FAULT-01360,referential_breaks,trans,886946,account_id 3024 -> 12684 (absent from account)
FAULT-01361,referential_breaks,trans,404989,account_id 1378 -> 12685 (absent from account)
FAULT-01362,referential_breaks,trans,3670408,account_id 5358 -> 12686 (absent from account)
FAULT-01363,referential_breaks,trans,697328,account_id 2384 -> 12687 (absent from account)
FAULT-01364,referential_breaks,trans,148874,account_id 497 -> 12688 (absent from account)
FAULT-01365,referential_breaks,trans,1246642,account_id 4264 -> 12689 (absent from account)
FAULT-01366,referential_breaks,trans,879459,account_id 2996 -> 12690 (absent from account)
FAULT-01367,referential_breaks,trans,299096,account_id 1019 -> 12691 (absent from account)
FAULT-01368,referential_breaks,trans,182943,account_id 622 -> 12692 (absent from account)
FAULT-01369,referential_breaks,trans,1814930,account_id 6148 -> 12693 (absent from account)
FAULT-01370,referential_breaks,trans,290694,account_id 996 -> 12694 (absent from account)
FAULT-01371,referential_breaks,trans,286543,account_id 982 -> 12695 (absent from account)
FAULT-01372,referential_breaks,trans,423974,account_id 1440 -> 12696 (absent from account)
FAULT-01373,referential_breaks,trans,648174,account_id 2216 -> 12697 (absent from account)
FAULT-01374,referential_breaks,trans,118051,account_id 396 -> 12698 (absent from account)
FAULT-01375,referential_breaks,trans,400836,account_id 1365 -> 12699 (absent from account)
FAULT-01376,referential_breaks,trans,3653478,account_id 3728 -> 12700 (absent from account)
FAULT-01377,referential_breaks,trans,482935,account_id 1644 -> 12701 (absent from account)
FAULT-01378,referential_breaks,trans,1302464,account_id 4448 -> 12702 (absent from account)
FAULT-01379,referential_breaks,trans,531254,account_id 1810 -> 12703 (absent from account)
FAULT-01380,referential_breaks,trans,124217,account_id 418 -> 12704 (absent from account)
FAULT-01381,referential_breaks,trans,585557,account_id 1993 -> 12705 (absent from account)
FAULT-01382,referential_breaks,trans,501332,account_id 1708 -> 12706 (absent from account)
FAULT-01383,referential_breaks,trans,991943,account_id 3383 -> 12707 (absent from account)
FAULT-01384,referential_breaks,trans,312902,account_id 1068 -> 12708 (absent from account)
FAULT-01385,referential_breaks,trans,682410,account_id 2329 -> 12709 (absent from account)
FAULT-01386,referential_breaks,trans,515154,account_id 1762 -> 12710 (absent from account)
FAULT-01387,referential_breaks,trans,788910,account_id 2689 -> 12711 (absent from account)
FAULT-01388,referential_breaks,trans,1084374,account_id 3703 -> 12712 (absent from account)
FAULT-01389,referential_breaks,trans,502073,account_id 1711 -> 12713 (absent from account)
FAULT-01390,referential_breaks,trans,3369192,account_id 11186 -> 12714 (absent from account)
FAULT-01391,referential_breaks,trans,749508,account_id 2555 -> 12715 (absent from account)
FAULT-01392,referential_breaks,trans,926163,account_id 3157 -> 12716 (absent from account)
FAULT-01393,referential_breaks,trans,616825,account_id 2103 -> 12717 (absent from account)
FAULT-01394,referential_breaks,trans,235498,account_id 804 -> 12718 (absent from account)
FAULT-01395,referential_breaks,trans,505286,account_id 1726 -> 12719 (absent from account)
FAULT-01396,referential_breaks,trans,310545,account_id 1058 -> 12720 (absent from account)
FAULT-01397,referential_breaks,trans,1168089,account_id 4003 -> 12721 (absent from account)
FAULT-01398,referential_breaks,trans,1037963,account_id 3550 -> 12722 (absent from account)
FAULT-01399,referential_breaks,trans,369002,account_id 1254 -> 12723 (absent from account)
FAULT-01400,referential_breaks,trans,536248,account_id 1826 -> 12724 (absent from account)
FAULT-01401,referential_breaks,trans,459993,account_id 1565 -> 12725 (absent from account)
FAULT-01402,referential_breaks,trans,3577378,account_id 1426 -> 12726 (absent from account)
FAULT-01403,referential_breaks,trans,1065729,account_id 3641 -> 12727 (absent from account)
FAULT-01404,referential_breaks,trans,3464414,account_id 3001 -> 12728 (absent from account)
FAULT-01405,referential_breaks,trans,3605973,account_id 2298 -> 12729 (absent from account)
FAULT-01406,referential_breaks,trans,625794,account_id 2137 -> 12730 (absent from account)
FAULT-01407,referential_breaks,trans,3671643,account_id 5591 -> 12731 (absent from account)
FAULT-01408,referential_breaks,trans,950220,account_id 3239 -> 12732 (absent from account)
FAULT-01409,referential_breaks,trans,851112,account_id 2900 -> 12733 (absent from account)
FAULT-01410,referential_breaks,trans,577872,account_id 1967 -> 12734 (absent from account)
FAULT-01411,referential_breaks,trans,677997,account_id 2316 -> 12735 (absent from account)
FAULT-01412,referential_breaks,trans,2357117,account_id 7774 -> 12736 (absent from account)
FAULT-01413,referential_breaks,trans,2349726,account_id 7753 -> 12737 (absent from account)
FAULT-01414,referential_breaks,trans,351330,account_id 1193 -> 12738 (absent from account)
FAULT-01415,referential_breaks,trans,3656149,account_id 3804 -> 12739 (absent from account)
FAULT-01416,referential_breaks,trans,901134,account_id 3070 -> 12740 (absent from account)
FAULT-01417,referential_breaks,trans,883019,account_id 3008 -> 12741 (absent from account)
FAULT-01418,referential_breaks,trans,712287,account_id 2435 -> 12742 (absent from account)
FAULT-01419,referential_breaks,trans,1162621,account_id 3980 -> 12743 (absent from account)
FAULT-01420,referential_breaks,trans,3452666,account_id 5735 -> 12744 (absent from account)
FAULT-01421,referential_breaks,trans,865566,account_id 2947 -> 12745 (absent from account)
FAULT-01422,referential_breaks,trans,326726,account_id 1116 -> 12746 (absent from account)
FAULT-01423,referential_breaks,trans,448745,account_id 1526 -> 12747 (absent from account)
FAULT-01424,referential_breaks,trans,3235284,account_id 10738 -> 12748 (absent from account)
FAULT-01425,referential_breaks,trans,766584,account_id 2618 -> 12749 (absent from account)
FAULT-01426,referential_breaks,trans,717644,account_id 2458 -> 12750 (absent from account)
FAULT-01427,referential_breaks,trans,686682,account_id 2345 -> 12751 (absent from account)
FAULT-01428,referential_breaks,trans,581217,account_id 1978 -> 12752 (absent from account)
FAULT-01429,referential_breaks,trans,1736692,account_id 5891 -> 12753 (absent from account)
FAULT-01430,referential_breaks,trans,503122,account_id 1715 -> 12754 (absent from account)
FAULT-01431,referential_breaks,trans,1068758,account_id 3651 -> 12755 (absent from account)
FAULT-01432,referential_breaks,trans,1123682,account_id 3837 -> 12756 (absent from account)
FAULT-01433,referential_breaks,trans,969614,account_id 3305 -> 12757 (absent from account)
FAULT-01434,referential_breaks,trans,244521,account_id 839 -> 12758 (absent from account)
FAULT-01435,referential_breaks,trans,923743,account_id 3147 -> 12759 (absent from account)
FAULT-01436,referential_breaks,trans,1031841,account_id 3526 -> 12760 (absent from account)
FAULT-01437,referential_breaks,trans,1935559,account_id 6555 -> 12761 (absent from account)
FAULT-01438,referential_breaks,trans,183030,account_id 623 -> 12762 (absent from account)
FAULT-01439,referential_breaks,trans,1148183,account_id 3927 -> 12763 (absent from account)
FAULT-01440,referential_breaks,trans,915417,account_id 3120 -> 12764 (absent from account)
FAULT-01441,referential_breaks,trans,756431,account_id 2581 -> 12765 (absent from account)
FAULT-01442,referential_breaks,trans,1065796,account_id 3641 -> 12766 (absent from account)
FAULT-01443,referential_breaks,trans,839481,account_id 2858 -> 12767 (absent from account)
FAULT-01444,referential_breaks,trans,825783,account_id 2813 -> 12768 (absent from account)
FAULT-01445,referential_breaks,trans,840929,account_id 2862 -> 12769 (absent from account)
FAULT-01446,referential_breaks,trans,199220,account_id 676 -> 12770 (absent from account)
FAULT-01447,referential_breaks,trans,401496,account_id 1367 -> 12771 (absent from account)
FAULT-01448,referential_breaks,trans,254796,account_id 874 -> 12772 (absent from account)
FAULT-01449,referential_breaks,trans,1234483,account_id 4225 -> 12773 (absent from account)
FAULT-01450,referential_breaks,trans,1113800,account_id 3804 -> 12774 (absent from account)
FAULT-01451,referential_breaks,trans,3618399,account_id 2655 -> 12775 (absent from account)
FAULT-01452,referential_breaks,trans,898085,account_id 3061 -> 12776 (absent from account)
FAULT-01453,referential_breaks,trans,272776,account_id 933 -> 12777 (absent from account)
FAULT-01454,referential_breaks,trans,3462853,account_id 2633 -> 12778 (absent from account)
FAULT-01455,referential_breaks,trans,1256560,account_id 4296 -> 12779 (absent from account)
FAULT-01456,referential_breaks,trans,1084667,account_id 3704 -> 12780 (absent from account)
FAULT-01457,referential_breaks,trans,1019945,account_id 3483 -> 12781 (absent from account)
FAULT-01458,referential_breaks,trans,3463177,account_id 2698 -> 12782 (absent from account)
FAULT-01459,referential_breaks,trans,289315,account_id 991 -> 12783 (absent from account)
FAULT-01460,referential_breaks,trans,437754,account_id 1487 -> 12784 (absent from account)
FAULT-01461,referential_breaks,trans,242172,account_id 828 -> 12785 (absent from account)
FAULT-01462,referential_breaks,trans,2308112,account_id 7614 -> 12786 (absent from account)
FAULT-01463,referential_breaks,trans,3317980,account_id 11021 -> 12787 (absent from account)
FAULT-01464,referential_breaks,trans,3712,account_id 15 -> 12788 (absent from account)
FAULT-01465,referential_breaks,trans,1056377,account_id 3612 -> 12789 (absent from account)
FAULT-01466,referential_breaks,trans,352546,account_id 1197 -> 12790 (absent from account)
FAULT-01467,referential_breaks,trans,1081945,account_id 3694 -> 12791 (absent from account)
FAULT-01468,referential_breaks,trans,3464767,account_id 3114 -> 12792 (absent from account)
FAULT-01469,referential_breaks,trans,60094,account_id 200 -> 12793 (absent from account)
FAULT-01470,referential_breaks,trans,3644358,account_id 3457 -> 12794 (absent from account)
FAULT-01471,referential_breaks,trans,602242,account_id 2050 -> 12795 (absent from account)
FAULT-01472,referential_breaks,trans,788858,account_id 2689 -> 12796 (absent from account)
FAULT-01473,referential_breaks,trans,1635592,account_id 5546 -> 12797 (absent from account)
FAULT-01474,referential_breaks,trans,1598964,account_id 5428 -> 12798 (absent from account)
FAULT-01475,referential_breaks,trans,304094,account_id 1036 -> 12799 (absent from account)
FAULT-01476,referential_breaks,trans,2095505,account_id 7101 -> 12800 (absent from account)
FAULT-01477,referential_breaks,trans,3617765,account_id 2640 -> 12801 (absent from account)
FAULT-01478,referential_breaks,trans,113216,account_id 381 -> 12802 (absent from account)
FAULT-01479,referential_breaks,trans,3669320,account_id 5180 -> 12803 (absent from account)
FAULT-01480,referential_breaks,trans,401683,account_id 1367 -> 12804 (absent from account)
FAULT-01481,referential_breaks,trans,353066,account_id 1200 -> 12805 (absent from account)
FAULT-01482,referential_breaks,trans,726872,account_id 2486 -> 12806 (absent from account)
FAULT-01483,referential_breaks,trans,548070,account_id 1865 -> 12807 (absent from account)
FAULT-01484,referential_breaks,trans,366033,account_id 1244 -> 12808 (absent from account)
FAULT-01485,referential_breaks,trans,3555538,account_id 759 -> 12809 (absent from account)
FAULT-01486,referential_breaks,trans,3424375,account_id 11362 -> 12810 (absent from account)
FAULT-01487,referential_breaks,trans,2722092,account_id 9006 -> 12811 (absent from account)
FAULT-01488,referential_breaks,trans,1731079,account_id 5870 -> 12812 (absent from account)
FAULT-01489,referential_breaks,trans,985374,account_id 3361 -> 12813 (absent from account)
FAULT-01490,referential_breaks,trans,2648814,account_id 8759 -> 12814 (absent from account)
FAULT-01491,referential_breaks,trans,748124,account_id 2551 -> 12815 (absent from account)
FAULT-01492,referential_breaks,trans,330944,account_id 1127 -> 12816 (absent from account)
FAULT-01493,referential_breaks,trans,3602149,account_id 2177 -> 12817 (absent from account)
FAULT-01494,referential_breaks,trans,466218,account_id 1587 -> 12818 (absent from account)
FAULT-01495,referential_breaks,trans,998912,account_id 3410 -> 12819 (absent from account)
FAULT-01496,referential_breaks,trans,307864,account_id 1050 -> 12820 (absent from account)
FAULT-01497,referential_breaks,trans,1195552,account_id 4093 -> 12821 (absent from account)
FAULT-01498,referential_breaks,trans,970507,account_id 3307 -> 12822 (absent from account)
FAULT-01499,referential_breaks,trans,908941,account_id 3096 -> 12823 (absent from account)
FAULT-01500,referential_breaks,trans,3638170,account_id 3254 -> 12824 (absent from account)
FAULT-01501,referential_breaks,trans,906404,account_id 3089 -> 12825 (absent from account)
FAULT-01502,referential_breaks,trans,293816,account_id 1004 -> 12826 (absent from account)
FAULT-01503,referential_breaks,trans,3555129,account_id 748 -> 12827 (absent from account)
FAULT-01504,referential_breaks,trans,35426,account_id 113 -> 12828 (absent from account)
FAULT-01505,referential_breaks,trans,1599429,account_id 5429 -> 12829 (absent from account)
FAULT-01506,referential_breaks,trans,1012405,account_id 3460 -> 12830 (absent from account)
FAULT-01507,referential_breaks,trans,28960,account_id 95 -> 12831 (absent from account)
FAULT-01508,referential_breaks,trans,137704,account_id 461 -> 12832 (absent from account)
FAULT-01509,referential_breaks,trans,2039226,account_id 6910 -> 12833 (absent from account)
FAULT-01510,referential_breaks,trans,757438,account_id 2583 -> 12834 (absent from account)
FAULT-01511,referential_breaks,trans,516021,account_id 1764 -> 12835 (absent from account)
FAULT-01512,referential_breaks,trans,859785,account_id 2929 -> 12836 (absent from account)
FAULT-01513,referential_breaks,trans,3650049,account_id 3628 -> 12837 (absent from account)
FAULT-01514,referential_breaks,trans,3235406,account_id 10738 -> 12838 (absent from account)
FAULT-01515,referential_breaks,trans,1130621,account_id 3863 -> 12839 (absent from account)
FAULT-01516,referential_breaks,trans,681032,account_id 2324 -> 12840 (absent from account)
FAULT-01517,referential_breaks,trans,750545,account_id 2559 -> 12841 (absent from account)
FAULT-01518,referential_breaks,trans,535122,account_id 1822 -> 12842 (absent from account)
FAULT-01519,referential_breaks,trans,1743604,account_id 5912 -> 12843 (absent from account)
FAULT-01520,referential_breaks,trans,3592162,account_id 1865 -> 12844 (absent from account)
FAULT-01521,referential_breaks,trans,2579348,account_id 8519 -> 12845 (absent from account)
FAULT-01522,referential_breaks,trans,1023383,account_id 3493 -> 12846 (absent from account)
FAULT-01523,referential_breaks,trans,960609,account_id 3272 -> 12847 (absent from account)
FAULT-01524,referential_breaks,trans,1115014,account_id 3808 -> 12848 (absent from account)
FAULT-01525,referential_breaks,trans,227886,account_id 774 -> 12849 (absent from account)
FAULT-01526,referential_breaks,trans,146505,account_id 490 -> 12850 (absent from account)
FAULT-01527,referential_breaks,trans,3123730,account_id 10365 -> 12851 (absent from account)
FAULT-01528,referential_breaks,trans,676988,account_id 2313 -> 12852 (absent from account)
FAULT-01529,referential_breaks,trans,819629,account_id 2790 -> 12853 (absent from account)
FAULT-01530,referential_breaks,trans,50013,account_id 167 -> 12854 (absent from account)
FAULT-01531,referential_breaks,trans,535119,account_id 1822 -> 12855 (absent from account)
FAULT-01532,referential_breaks,trans,3640734,account_id 3330 -> 12856 (absent from account)
FAULT-01533,referential_breaks,trans,561152,account_id 1909 -> 12857 (absent from account)
FAULT-01534,referential_breaks,trans,1061972,account_id 3629 -> 12858 (absent from account)
FAULT-01535,referential_breaks,trans,509356,account_id 1743 -> 12859 (absent from account)
FAULT-01536,referential_breaks,trans,142390,account_id 477 -> 12860 (absent from account)
FAULT-01537,referential_breaks,trans,327191,account_id 1117 -> 12861 (absent from account)
FAULT-01538,referential_breaks,trans,422416,account_id 1434 -> 12862 (absent from account)
FAULT-01539,referential_breaks,trans,969816,account_id 3305 -> 12863 (absent from account)
FAULT-01540,referential_breaks,trans,2963706,account_id 9814 -> 12864 (absent from account)
FAULT-01541,referential_breaks,trans,949197,account_id 3235 -> 12865 (absent from account)
FAULT-01542,referential_breaks,trans,94654,account_id 322 -> 12866 (absent from account)
FAULT-01543,referential_breaks,trans,447878,account_id 1521 -> 12867 (absent from account)
FAULT-01544,referential_breaks,trans,490212,account_id 1673 -> 12868 (absent from account)
FAULT-01545,referential_breaks,trans,660983,account_id 2256 -> 12869 (absent from account)
FAULT-01546,referential_breaks,trans,3442367,account_id 1388 -> 12870 (absent from account)
FAULT-01547,referential_breaks,trans,2798237,account_id 9265 -> 12871 (absent from account)
FAULT-01548,referential_breaks,trans,3297066,account_id 10954 -> 12872 (absent from account)
FAULT-01549,referential_breaks,trans,519780,account_id 1775 -> 12873 (absent from account)
FAULT-01550,referential_breaks,trans,954134,account_id 3253 -> 12874 (absent from account)
FAULT-01551,referential_breaks,trans,603622,account_id 2054 -> 12875 (absent from account)
FAULT-01552,referential_breaks,trans,1001718,account_id 3419 -> 12876 (absent from account)
FAULT-01553,referential_breaks,trans,288472,account_id 989 -> 12877 (absent from account)
FAULT-01554,referential_breaks,trans,3513767,account_id 9677 -> 12878 (absent from account)
FAULT-01555,referential_breaks,trans,2729852,account_id 9030 -> 12879 (absent from account)
FAULT-01556,referential_breaks,trans,211065,account_id 717 -> 12880 (absent from account)
FAULT-01557,referential_breaks,trans,227535,account_id 773 -> 12881 (absent from account)
FAULT-01558,referential_breaks,trans,3529911,account_id 11349 -> 12882 (absent from account)
FAULT-01559,referential_breaks,trans,2912755,account_id 9645 -> 12883 (absent from account)
FAULT-01560,referential_breaks,trans,191410,account_id 650 -> 12884 (absent from account)
FAULT-01561,referential_breaks,trans,381722,account_id 1297 -> 12885 (absent from account)
FAULT-01562,referential_breaks,trans,640757,account_id 2187 -> 12886 (absent from account)
FAULT-01563,referential_breaks,trans,1033297,account_id 3533 -> 12887 (absent from account)
FAULT-01564,referential_breaks,trans,839744,account_id 2859 -> 12888 (absent from account)
FAULT-01565,referential_breaks,trans,3561491,account_id 937 -> 12889 (absent from account)
FAULT-01566,referential_breaks,trans,898625,account_id 3063 -> 12890 (absent from account)
FAULT-01567,referential_breaks,trans,2520670,account_id 8316 -> 12891 (absent from account)
FAULT-01568,referential_breaks,trans,564460,account_id 1921 -> 12892 (absent from account)
FAULT-01569,referential_breaks,trans,810189,account_id 2762 -> 12893 (absent from account)
FAULT-01570,referential_breaks,trans,1159151,account_id 3969 -> 12894 (absent from account)
FAULT-01571,referential_breaks,trans,1109292,account_id 3787 -> 12895 (absent from account)
FAULT-01572,referential_breaks,trans,228507,account_id 775 -> 12896 (absent from account)
FAULT-01573,referential_breaks,trans,882527,account_id 3007 -> 12897 (absent from account)
FAULT-01574,referential_breaks,trans,3541588,account_id 335 -> 12898 (absent from account)
FAULT-01575,referential_breaks,trans,33472,account_id 107 -> 12899 (absent from account)
FAULT-01576,referential_breaks,trans,3516936,account_id 10019 -> 12900 (absent from account)
FAULT-01577,referential_breaks,trans,1583817,account_id 5385 -> 12901 (absent from account)
FAULT-01578,referential_breaks,trans,3653381,account_id 3725 -> 12902 (absent from account)
FAULT-01579,referential_breaks,trans,2910837,account_id 9640 -> 12903 (absent from account)
FAULT-01580,referential_breaks,trans,1152177,account_id 3940 -> 12904 (absent from account)
FAULT-01581,referential_breaks,trans,3550424,account_id 605 -> 12905 (absent from account)
FAULT-01582,referential_breaks,trans,640493,account_id 2186 -> 12906 (absent from account)
FAULT-01583,referential_breaks,trans,661379,account_id 2257 -> 12907 (absent from account)
FAULT-01584,referential_breaks,trans,2525067,account_id 8330 -> 12908 (absent from account)
FAULT-01585,referential_breaks,trans,2895628,account_id 9591 -> 12909 (absent from account)
FAULT-01586,referential_breaks,trans,38845,account_id 126 -> 12910 (absent from account)
FAULT-01587,referential_breaks,trans,3556725,account_id 807 -> 12911 (absent from account)
FAULT-01588,referential_breaks,trans,1045285,account_id 3575 -> 12912 (absent from account)
FAULT-01589,referential_breaks,trans,552426,account_id 1880 -> 12913 (absent from account)
FAULT-01590,referential_breaks,trans,476037,account_id 1622 -> 12914 (absent from account)
FAULT-01591,referential_breaks,trans,102570,account_id 349 -> 12915 (absent from account)
FAULT-01592,referential_breaks,trans,191128,account_id 649 -> 12916 (absent from account)
FAULT-01593,referential_breaks,trans,2797811,account_id 9265 -> 12917 (absent from account)
FAULT-01594,referential_breaks,trans,369623,account_id 1256 -> 12918 (absent from account)
FAULT-01595,referential_breaks,trans,14388,account_id 47 -> 12919 (absent from account)
FAULT-01596,referential_breaks,trans,1436983,account_id 4894 -> 12920 (absent from account)
FAULT-01597,referential_breaks,trans,3564074,account_id 1016 -> 12921 (absent from account)
FAULT-01598,referential_breaks,trans,571724,account_id 1945 -> 12922 (absent from account)
FAULT-01599,referential_breaks,trans,888066,account_id 3028 -> 12923 (absent from account)
FAULT-01600,referential_breaks,trans,1404481,account_id 4784 -> 12924 (absent from account)
FAULT-01601,referential_breaks,trans,162224,account_id 542 -> 12925 (absent from account)
FAULT-01602,referential_breaks,trans,971186,account_id 3309 -> 12926 (absent from account)
FAULT-01603,referential_breaks,trans,3293142,account_id 10942 -> 12927 (absent from account)
FAULT-01604,referential_breaks,trans,169371,account_id 567 -> 12928 (absent from account)
FAULT-01605,referential_breaks,trans,3582786,account_id 1597 -> 12929 (absent from account)
FAULT-01606,referential_breaks,trans,100372,account_id 343 -> 12930 (absent from account)
FAULT-01607,referential_breaks,trans,529426,account_id 1805 -> 12931 (absent from account)
FAULT-01608,referential_breaks,trans,3633194,account_id 3111 -> 12932 (absent from account)
FAULT-01609,referential_breaks,trans,908254,account_id 3094 -> 12933 (absent from account)
FAULT-01610,referential_breaks,trans,107234,account_id 364 -> 12934 (absent from account)
FAULT-01611,referential_breaks,trans,2615128,account_id 8639 -> 12935 (absent from account)
FAULT-01612,referential_breaks,trans,1576179,account_id 5358 -> 12936 (absent from account)
FAULT-01613,referential_breaks,trans,226822,account_id 772 -> 12937 (absent from account)
FAULT-01614,referential_breaks,trans,3617329,account_id 2624 -> 12938 (absent from account)
FAULT-01615,referential_breaks,trans,910542,account_id 3102 -> 12939 (absent from account)
FAULT-01616,referential_breaks,trans,469336,account_id 1598 -> 12940 (absent from account)
FAULT-01617,referential_breaks,trans,672463,account_id 2297 -> 12941 (absent from account)
FAULT-01618,referential_breaks,trans,3568989,account_id 1161 -> 12942 (absent from account)
FAULT-01619,referential_breaks,trans,954460,account_id 3254 -> 12943 (absent from account)
FAULT-01620,referential_breaks,trans,3382384,account_id 11231 -> 12944 (absent from account)
FAULT-01621,referential_breaks,trans,1002671,account_id 3422 -> 12945 (absent from account)
FAULT-01622,referential_breaks,trans,996666,account_id 3402 -> 12946 (absent from account)
FAULT-01623,referential_breaks,trans,509700,account_id 1744 -> 12947 (absent from account)
FAULT-01624,referential_breaks,trans,3593113,account_id 1898 -> 12948 (absent from account)
FAULT-01625,referential_breaks,trans,3580194,account_id 1512 -> 12949 (absent from account)
FAULT-01626,referential_breaks,trans,194918,account_id 660 -> 12950 (absent from account)
FAULT-01627,referential_breaks,trans,3615314,account_id 2562 -> 12951 (absent from account)
FAULT-01628,referential_breaks,trans,680691,account_id 2323 -> 12952 (absent from account)
FAULT-01629,referential_breaks,trans,1146995,account_id 3923 -> 12953 (absent from account)
FAULT-01630,referential_breaks,trans,440997,account_id 1498 -> 12954 (absent from account)
FAULT-01631,referential_breaks,trans,3513186,account_id 9635 -> 12955 (absent from account)
FAULT-01632,referential_breaks,trans,588236,account_id 2002 -> 12956 (absent from account)
FAULT-01633,referential_breaks,trans,444101,account_id 1510 -> 12957 (absent from account)
FAULT-01634,referential_breaks,trans,1090315,account_id 3727 -> 12958 (absent from account)
FAULT-01635,referential_breaks,trans,3616353,account_id 2594 -> 12959 (absent from account)
FAULT-01636,referential_breaks,trans,649190,account_id 2219 -> 12960 (absent from account)
FAULT-01637,referential_breaks,trans,135982,account_id 456 -> 12961 (absent from account)
FAULT-01638,referential_breaks,trans,341886,account_id 1160 -> 12962 (absent from account)
FAULT-01639,referential_breaks,trans,1015378,account_id 3471 -> 12963 (absent from account)
FAULT-01640,referential_breaks,trans,544730,account_id 1852 -> 12964 (absent from account)
FAULT-01641,referential_breaks,trans,680202,account_id 2322 -> 12965 (absent from account)
FAULT-01642,referential_breaks,trans,767368,account_id 2620 -> 12966 (absent from account)
FAULT-01643,referential_breaks,trans,229186,account_id 779 -> 12967 (absent from account)
FAULT-01644,referential_breaks,trans,3575210,account_id 1366 -> 12968 (absent from account)
FAULT-01645,referential_breaks,trans,619752,account_id 2116 -> 12969 (absent from account)
FAULT-01646,referential_breaks,trans,311356,account_id 1062 -> 12970 (absent from account)
FAULT-01647,referential_breaks,trans,406618,account_id 1384 -> 12971 (absent from account)
FAULT-01648,referential_breaks,trans,1240838,account_id 4245 -> 12972 (absent from account)
FAULT-01649,referential_breaks,trans,903534,account_id 3078 -> 12973 (absent from account)
FAULT-01650,referential_breaks,trans,100204,account_id 343 -> 12974 (absent from account)
FAULT-01651,referential_breaks,trans,956344,account_id 3259 -> 12975 (absent from account)
FAULT-01652,referential_breaks,trans,1020897,account_id 3486 -> 12976 (absent from account)
FAULT-01653,referential_breaks,trans,75516,account_id 251 -> 12977 (absent from account)
FAULT-01654,referential_breaks,trans,9370,account_id 33 -> 12978 (absent from account)
FAULT-01655,referential_breaks,trans,2471385,account_id 8153 -> 12979 (absent from account)
FAULT-01656,referential_breaks,trans,1067062,account_id 3646 -> 12980 (absent from account)
FAULT-01657,referential_breaks,trans,147774,account_id 494 -> 12981 (absent from account)
FAULT-01658,referential_breaks,trans,474405,account_id 1616 -> 12982 (absent from account)
FAULT-01659,referential_breaks,trans,952086,account_id 3246 -> 12983 (absent from account)
FAULT-01660,referential_breaks,trans,2350168,account_id 7753 -> 12984 (absent from account)
FAULT-01661,referential_breaks,trans,2454675,account_id 8094 -> 12985 (absent from account)
FAULT-01662,referential_breaks,trans,972946,account_id 3315 -> 12986 (absent from account)
FAULT-01663,referential_breaks,trans,885536,account_id 3017 -> 12987 (absent from account)
FAULT-01664,referential_breaks,trans,578870,account_id 1970 -> 12988 (absent from account)
FAULT-01665,referential_breaks,trans,536496,account_id 1827 -> 12989 (absent from account)
FAULT-01666,referential_breaks,trans,3572814,account_id 1287 -> 12990 (absent from account)
FAULT-01667,referential_breaks,trans,184524,account_id 626 -> 12991 (absent from account)
FAULT-01668,referential_breaks,trans,781696,account_id 2665 -> 12992 (absent from account)
FAULT-01669,referential_breaks,trans,711605,account_id 2433 -> 12993 (absent from account)
FAULT-01670,referential_breaks,trans,2135471,account_id 7231 -> 12994 (absent from account)
FAULT-01671,referential_breaks,trans,992756,account_id 3387 -> 12995 (absent from account)
FAULT-01672,referential_breaks,trans,1681840,account_id 5700 -> 12996 (absent from account)
FAULT-01673,referential_breaks,trans,784752,account_id 2674 -> 12997 (absent from account)
FAULT-01674,referential_breaks,trans,3647359,account_id 3551 -> 12998 (absent from account)
FAULT-01675,referential_breaks,trans,153276,account_id 513 -> 12999 (absent from account)
FAULT-01676,referential_breaks,trans,3569276,account_id 1169 -> 13000 (absent from account)
FAULT-01677,referential_breaks,trans,432228,account_id 1468 -> 13001 (absent from account)
FAULT-01678,referential_breaks,trans,994090,account_id 3391 -> 13002 (absent from account)
FAULT-01679,referential_breaks,trans,769999,account_id 2628 -> 13003 (absent from account)
FAULT-01680,referential_breaks,trans,155117,account_id 519 -> 13004 (absent from account)
FAULT-01681,referential_breaks,trans,577550,account_id 1966 -> 13005 (absent from account)
FAULT-01682,referential_breaks,trans,18967,account_id 63 -> 13006 (absent from account)
FAULT-01683,referential_breaks,trans,3453811,account_id 6636 -> 13007 (absent from account)
FAULT-01684,referential_breaks,trans,663095,account_id 2264 -> 13008 (absent from account)
FAULT-01685,referential_breaks,trans,987279,account_id 3367 -> 13009 (absent from account)
FAULT-01686,referential_breaks,trans,230417,account_id 784 -> 13010 (absent from account)
FAULT-01687,referential_breaks,trans,431233,account_id 1465 -> 13011 (absent from account)
FAULT-01688,referential_breaks,trans,12806,account_id 43 -> 13012 (absent from account)
FAULT-01689,referential_breaks,trans,314453,account_id 1073 -> 13013 (absent from account)
FAULT-01690,referential_breaks,trans,1584606,account_id 5387 -> 13014 (absent from account)
FAULT-01691,referential_breaks,trans,733711,account_id 2508 -> 13015 (absent from account)
FAULT-01692,referential_breaks,trans,3606635,account_id 2321 -> 13016 (absent from account)
FAULT-01693,referential_breaks,trans,1309983,account_id 4473 -> 13017 (absent from account)
FAULT-01694,referential_breaks,trans,744952,account_id 2542 -> 13018 (absent from account)
FAULT-01695,referential_breaks,trans,238584,account_id 815 -> 13019 (absent from account)
FAULT-01696,referential_breaks,trans,917303,account_id 3127 -> 13020 (absent from account)
FAULT-01697,referential_breaks,trans,594358,account_id 2023 -> 13021 (absent from account)
FAULT-01698,referential_breaks,trans,3453485,account_id 6306 -> 13022 (absent from account)
FAULT-01699,referential_breaks,trans,385367,account_id 1309 -> 13023 (absent from account)
FAULT-01700,referential_breaks,trans,1077309,account_id 3679 -> 13024 (absent from account)
FAULT-01701,referential_breaks,trans,3577980,account_id 1446 -> 13025 (absent from account)
FAULT-01702,referential_breaks,trans,3670158,account_id 5317 -> 13026 (absent from account)
FAULT-01703,referential_breaks,trans,849177,account_id 2893 -> 13027 (absent from account)
FAULT-01704,referential_breaks,trans,891378,account_id 3038 -> 13028 (absent from account)
FAULT-01705,referential_breaks,trans,3648230,account_id 3579 -> 13029 (absent from account)
FAULT-01706,referential_breaks,trans,3576300,account_id 1401 -> 13030 (absent from account)
FAULT-01707,referential_breaks,trans,87846,account_id 294 -> 13031 (absent from account)
FAULT-01708,referential_breaks,trans,1060556,account_id 3625 -> 13032 (absent from account)
FAULT-01709,referential_breaks,trans,944187,account_id 3220 -> 13033 (absent from account)
FAULT-01710,referential_breaks,trans,794766,account_id 2707 -> 13034 (absent from account)
FAULT-01711,referential_breaks,trans,886387,account_id 3021 -> 13035 (absent from account)
FAULT-01712,referential_breaks,trans,3584903,account_id 1658 -> 13036 (absent from account)
FAULT-01713,referential_breaks,trans,351019,account_id 1192 -> 13037 (absent from account)
FAULT-01714,referential_breaks,trans,3292847,account_id 10942 -> 13038 (absent from account)
FAULT-01715,referential_breaks,trans,83122,account_id 278 -> 13039 (absent from account)
FAULT-01716,referential_breaks,trans,1155312,account_id 3953 -> 13040 (absent from account)
FAULT-01717,referential_breaks,trans,3466834,account_id 3660 -> 13041 (absent from account)
FAULT-01718,referential_breaks,trans,578628,account_id 1970 -> 13042 (absent from account)
FAULT-01719,referential_breaks,trans,3501653,account_id 8558 -> 13043 (absent from account)
FAULT-01720,referential_breaks,trans,1563942,account_id 5317 -> 13044 (absent from account)
FAULT-01721,referential_breaks,trans,1084190,account_id 3702 -> 13045 (absent from account)
FAULT-01722,referential_breaks,trans,3546519,account_id 478 -> 13046 (absent from account)
FAULT-01723,referential_breaks,trans,825506,account_id 2813 -> 13047 (absent from account)
FAULT-01724,referential_breaks,trans,1544880,account_id 5256 -> 13048 (absent from account)
FAULT-01725,referential_breaks,trans,392374,account_id 1334 -> 13049 (absent from account)
FAULT-01726,referential_breaks,trans,660884,account_id 2256 -> 13050 (absent from account)
FAULT-01727,referential_breaks,trans,298580,account_id 1018 -> 13051 (absent from account)
FAULT-01728,referential_breaks,trans,3437357,account_id 381 -> 13052 (absent from account)
FAULT-01729,referential_breaks,trans,1384091,account_id 4715 -> 13053 (absent from account)
FAULT-01730,referential_breaks,trans,67562,account_id 225 -> 13054 (absent from account)
FAULT-01731,referential_breaks,trans,1021411,account_id 3487 -> 13055 (absent from account)
FAULT-01732,referential_breaks,trans,3624848,account_id 2856 -> 13056 (absent from account)
FAULT-01733,referential_breaks,trans,3558183,account_id 852 -> 13057 (absent from account)
FAULT-01734,referential_breaks,trans,962000,account_id 3277 -> 13058 (absent from account)
FAULT-01735,referential_breaks,trans,142058,account_id 475 -> 13059 (absent from account)
FAULT-01736,referential_breaks,trans,116562,account_id 393 -> 13060 (absent from account)
FAULT-01737,referential_breaks,trans,310326,account_id 1057 -> 13061 (absent from account)
FAULT-01738,referential_breaks,trans,2736028,account_id 9052 -> 13062 (absent from account)
FAULT-01739,referential_breaks,trans,214536,account_id 728 -> 13063 (absent from account)
FAULT-01740,referential_breaks,trans,950939,account_id 3241 -> 13064 (absent from account)
FAULT-01741,referential_breaks,trans,108264,account_id 366 -> 13065 (absent from account)
FAULT-01742,referential_breaks,trans,3562805,account_id 979 -> 13066 (absent from account)
FAULT-01743,referential_breaks,trans,363681,account_id 1236 -> 13067 (absent from account)
FAULT-01744,referential_breaks,trans,3623540,account_id 2816 -> 13068 (absent from account)
FAULT-01745,referential_breaks,trans,1288696,account_id 4408 -> 13069 (absent from account)
FAULT-01746,referential_breaks,trans,3571710,account_id 1251 -> 13070 (absent from account)
FAULT-01747,referential_breaks,trans,96764,account_id 330 -> 13071 (absent from account)
FAULT-01748,referential_breaks,trans,3533566,account_id 90 -> 13072 (absent from account)
FAULT-01749,referential_breaks,trans,3461737,account_id 2274 -> 13073 (absent from account)
FAULT-01750,referential_breaks,trans,3636162,account_id 3203 -> 13074 (absent from account)
FAULT-01751,referential_breaks,trans,224627,account_id 764 -> 13075 (absent from account)
FAULT-01752,referential_breaks,trans,3510820,account_id 9403 -> 13076 (absent from account)
FAULT-01753,referential_breaks,trans,355141,account_id 1204 -> 13077 (absent from account)
FAULT-01754,referential_breaks,trans,3535143,account_id 143 -> 13078 (absent from account)
FAULT-01755,referential_breaks,trans,3675965,account_id 6358 -> 13079 (absent from account)
FAULT-01756,referential_breaks,trans,3213204,account_id 10663 -> 13080 (absent from account)
FAULT-01757,referential_breaks,trans,893700,account_id 3047 -> 13081 (absent from account)
FAULT-01758,referential_breaks,trans,2789262,account_id 9236 -> 13082 (absent from account)
FAULT-01759,referential_breaks,trans,3514497,account_id 9731 -> 13083 (absent from account)
FAULT-01760,referential_breaks,trans,784883,account_id 2674 -> 13084 (absent from account)
FAULT-01761,referential_breaks,trans,2370252,account_id 7815 -> 13085 (absent from account)
FAULT-01762,referential_breaks,trans,2042906,account_id 6924 -> 13086 (absent from account)
FAULT-01763,referential_breaks,trans,1064406,account_id 3636 -> 13087 (absent from account)
FAULT-01764,referential_breaks,trans,772453,account_id 2637 -> 13088 (absent from account)
FAULT-01765,referential_breaks,trans,3587512,account_id 1736 -> 13089 (absent from account)
FAULT-01766,referential_breaks,trans,3589178,account_id 1786 -> 13090 (absent from account)
FAULT-01767,referential_breaks,trans,204530,account_id 694 -> 13091 (absent from account)
FAULT-01768,referential_breaks,trans,1083818,account_id 3701 -> 13092 (absent from account)
FAULT-01769,referential_breaks,trans,271752,account_id 930 -> 13093 (absent from account)
FAULT-01770,referential_breaks,trans,610954,account_id 2081 -> 13094 (absent from account)
FAULT-01771,referential_breaks,trans,3207702,account_id 10645 -> 13095 (absent from account)
FAULT-01772,referential_breaks,trans,2611791,account_id 8628 -> 13096 (absent from account)
FAULT-01773,referential_breaks,trans,930288,account_id 3170 -> 13097 (absent from account)
FAULT-01774,referential_breaks,trans,1087529,account_id 3714 -> 13098 (absent from account)
FAULT-01775,referential_breaks,trans,1271902,account_id 4350 -> 13099 (absent from account)
FAULT-01776,referential_breaks,trans,644216,account_id 2199 -> 13100 (absent from account)
FAULT-01777,referential_breaks,trans,3538765,account_id 244 -> 13101 (absent from account)
FAULT-01778,referential_breaks,trans,1149275,account_id 3931 -> 13102 (absent from account)
FAULT-01779,referential_breaks,trans,953318,account_id 3250 -> 13103 (absent from account)
FAULT-01780,referential_breaks,trans,758526,account_id 2587 -> 13104 (absent from account)
FAULT-01781,referential_breaks,trans,129758,account_id 435 -> 13105 (absent from account)
FAULT-01782,referential_breaks,trans,353947,account_id 1201 -> 13106 (absent from account)
FAULT-01783,referential_breaks,trans,1879438,account_id 6363 -> 13107 (absent from account)
FAULT-01784,referential_breaks,trans,685938,account_id 2342 -> 13108 (absent from account)
FAULT-01785,referential_breaks,trans,3031558,account_id 10049 -> 13109 (absent from account)
FAULT-01786,referential_breaks,trans,8717,account_id 31 -> 13110 (absent from account)
FAULT-01787,referential_breaks,trans,727010,account_id 2486 -> 13111 (absent from account)
FAULT-01788,referential_breaks,trans,344750,account_id 1168 -> 13112 (absent from account)
FAULT-01789,referential_breaks,trans,145192,account_id 485 -> 13113 (absent from account)
FAULT-01790,referential_breaks,trans,638137,account_id 2178 -> 13114 (absent from account)
FAULT-01791,referential_breaks,trans,320794,account_id 1097 -> 13115 (absent from account)
FAULT-01792,referential_breaks,trans,2383088,account_id 7857 -> 13116 (absent from account)
FAULT-01793,referential_breaks,trans,231346,account_id 787 -> 13117 (absent from account)
FAULT-01794,referential_breaks,trans,608784,account_id 2072 -> 13118 (absent from account)
FAULT-01795,referential_breaks,trans,1721803,account_id 5837 -> 13119 (absent from account)
FAULT-01796,referential_breaks,trans,545363,account_id 1855 -> 13120 (absent from account)
FAULT-01797,referential_breaks,trans,961447,account_id 3275 -> 13121 (absent from account)
FAULT-01798,referential_breaks,trans,1097076,account_id 3748 -> 13122 (absent from account)
FAULT-01799,referential_breaks,trans,3647655,account_id 3560 -> 13123 (absent from account)
FAULT-01800,referential_breaks,trans,1599149,account_id 5428 -> 13124 (absent from account)
FAULT-01801,referential_breaks,trans,680000,account_id 2321 -> 13125 (absent from account)
FAULT-01802,referential_breaks,trans,856356,account_id 2918 -> 13126 (absent from account)
FAULT-01803,referential_breaks,trans,33235,account_id 107 -> 13127 (absent from account)
FAULT-01804,referential_breaks,trans,3656495,account_id 3813 -> 13128 (absent from account)
FAULT-01805,referential_breaks,trans,3442130,account_id 1359 -> 13129 (absent from account)
FAULT-01806,referential_breaks,trans,466263,account_id 1587 -> 13130 (absent from account)
FAULT-01807,referential_breaks,trans,3412181,account_id 11325 -> 13131 (absent from account)
FAULT-01808,referential_breaks,trans,605279,account_id 2061 -> 13132 (absent from account)
FAULT-01809,referential_breaks,trans,2371328,account_id 7819 -> 13133 (absent from account)
FAULT-01810,referential_breaks,trans,888855,account_id 3032 -> 13134 (absent from account)
FAULT-01811,referential_breaks,trans,272754,account_id 933 -> 13135 (absent from account)
FAULT-01812,referential_breaks,trans,3564136,account_id 1017 -> 13136 (absent from account)
FAULT-01813,referential_breaks,trans,540732,account_id 1838 -> 13137 (absent from account)
FAULT-01814,referential_breaks,trans,66021,account_id 220 -> 13138 (absent from account)
FAULT-01815,referential_breaks,trans,344610,account_id 1168 -> 13139 (absent from account)
FAULT-01816,referential_breaks,trans,455189,account_id 1545 -> 13140 (absent from account)
FAULT-01817,referential_breaks,trans,3558229,account_id 854 -> 13141 (absent from account)
FAULT-01818,referential_breaks,trans,702317,account_id 2405 -> 13142 (absent from account)
FAULT-01819,referential_breaks,trans,1114780,account_id 3807 -> 13143 (absent from account)
FAULT-01820,referential_breaks,trans,3551520,account_id 635 -> 13144 (absent from account)
FAULT-01821,referential_breaks,trans,1156987,account_id 3959 -> 13145 (absent from account)
FAULT-01822,referential_breaks,trans,3554996,account_id 746 -> 13146 (absent from account)
FAULT-01823,referential_breaks,trans,67813,account_id 225 -> 13147 (absent from account)
FAULT-01824,referential_breaks,trans,126100,account_id 425 -> 13148 (absent from account)
FAULT-01825,referential_breaks,trans,3450400,account_id 4356 -> 13149 (absent from account)
FAULT-01826,referential_breaks,trans,3610541,account_id 2433 -> 13150 (absent from account)
FAULT-01827,referential_breaks,trans,1043602,account_id 3569 -> 13151 (absent from account)
FAULT-01828,referential_breaks,trans,447572,account_id 1520 -> 13152 (absent from account)
FAULT-01829,referential_breaks,trans,892581,account_id 3042 -> 13153 (absent from account)
FAULT-01830,referential_breaks,trans,528378,account_id 1802 -> 13154 (absent from account)
FAULT-01831,referential_breaks,trans,741929,account_id 2533 -> 13155 (absent from account)
FAULT-01832,referential_breaks,trans,3599683,account_id 2094 -> 13156 (absent from account)
FAULT-01833,referential_breaks,trans,3469121,account_id 4225 -> 13157 (absent from account)
FAULT-01834,referential_breaks,trans,107634,account_id 365 -> 13158 (absent from account)
FAULT-01835,referential_breaks,trans,991669,account_id 3381 -> 13159 (absent from account)
FAULT-01836,referential_breaks,trans,186694,account_id 632 -> 13160 (absent from account)
FAULT-01837,referential_breaks,trans,2722091,account_id 9006 -> 13161 (absent from account)
FAULT-01838,referential_breaks,trans,117139,account_id 395 -> 13162 (absent from account)
FAULT-01839,referential_breaks,trans,2135619,account_id 7231 -> 13163 (absent from account)
FAULT-01840,referential_breaks,trans,695247,account_id 2378 -> 13164 (absent from account)
FAULT-01841,referential_breaks,trans,539944,account_id 1835 -> 13165 (absent from account)
FAULT-01842,referential_breaks,trans,641560,account_id 2190 -> 13166 (absent from account)
FAULT-01843,referential_breaks,trans,943554,account_id 3218 -> 13167 (absent from account)
FAULT-01844,referential_breaks,trans,802676,account_id 2736 -> 13168 (absent from account)
FAULT-01845,referential_breaks,trans,1450456,account_id 4937 -> 13169 (absent from account)
FAULT-01846,referential_breaks,trans,221536,account_id 752 -> 13170 (absent from account)
FAULT-01847,referential_breaks,trans,1467412,account_id 4999 -> 13171 (absent from account)
FAULT-01848,referential_breaks,trans,3558060,account_id 846 -> 13172 (absent from account)
FAULT-01849,referential_breaks,trans,3638406,account_id 3259 -> 13173 (absent from account)
FAULT-01850,referential_breaks,trans,3550948,account_id 623 -> 13174 (absent from account)
FAULT-01851,referential_breaks,trans,1239210,account_id 4240 -> 13175 (absent from account)
FAULT-01852,referential_breaks,trans,1063959,account_id 3635 -> 13176 (absent from account)
FAULT-01853,referential_breaks,trans,3609733,account_id 2414 -> 13177 (absent from account)
FAULT-01854,referential_breaks,trans,1107345,account_id 3782 -> 13178 (absent from account)
FAULT-01855,referential_breaks,trans,617091,account_id 2104 -> 13179 (absent from account)
FAULT-01856,referential_breaks,trans,3249558,account_id 10789 -> 13180 (absent from account)
FAULT-01857,referential_breaks,trans,528700,account_id 1803 -> 13181 (absent from account)
FAULT-01858,referential_breaks,trans,1356840,account_id 4631 -> 13182 (absent from account)
FAULT-01859,referential_breaks,trans,298617,account_id 1018 -> 13183 (absent from account)
FAULT-01860,referential_breaks,trans,1007528,account_id 3440 -> 13184 (absent from account)
FAULT-01861,referential_breaks,trans,593650,account_id 2022 -> 13185 (absent from account)
FAULT-01862,referential_breaks,trans,981474,account_id 3349 -> 13186 (absent from account)
FAULT-01863,referential_breaks,trans,220544,account_id 749 -> 13187 (absent from account)
FAULT-01864,referential_breaks,trans,981722,account_id 3351 -> 13188 (absent from account)
FAULT-01865,referential_breaks,trans,2548777,account_id 8411 -> 13189 (absent from account)
FAULT-01866,referential_breaks,trans,3646852,account_id 3537 -> 13190 (absent from account)
FAULT-01867,referential_breaks,trans,1041667,account_id 3562 -> 13191 (absent from account)
FAULT-01868,referential_breaks,trans,1013884,account_id 3466 -> 13192 (absent from account)
FAULT-01869,referential_breaks,trans,3627164,account_id 2925 -> 13193 (absent from account)
FAULT-01870,referential_breaks,trans,114713,account_id 388 -> 13194 (absent from account)
FAULT-01871,referential_breaks,trans,846370,account_id 2881 -> 13195 (absent from account)
FAULT-01872,referential_breaks,trans,716414,account_id 2454 -> 13196 (absent from account)
FAULT-01873,referential_breaks,trans,724174,account_id 2479 -> 13197 (absent from account)
FAULT-01874,referential_breaks,trans,3576119,account_id 1394 -> 13198 (absent from account)
FAULT-01875,referential_breaks,trans,3551413,account_id 633 -> 13199 (absent from account)
FAULT-01876,referential_breaks,trans,238911,account_id 816 -> 13200 (absent from account)
FAULT-01877,referential_breaks,trans,898777,account_id 3064 -> 13201 (absent from account)
FAULT-01878,referential_breaks,trans,1977856,account_id 6701 -> 13202 (absent from account)
FAULT-01879,referential_breaks,trans,3215940,account_id 10670 -> 13203 (absent from account)
FAULT-01880,referential_breaks,trans,3636554,account_id 3214 -> 13204 (absent from account)
FAULT-01881,referential_breaks,trans,440135,account_id 1496 -> 13205 (absent from account)
FAULT-01882,referential_breaks,trans,21196,account_id 70 -> 13206 (absent from account)
FAULT-01883,referential_breaks,trans,69321,account_id 231 -> 13207 (absent from account)
FAULT-01884,referential_breaks,trans,3465574,account_id 3375 -> 13208 (absent from account)
FAULT-01885,referential_breaks,trans,3598663,account_id 2061 -> 13209 (absent from account)
FAULT-01886,referential_breaks,trans,3519806,account_id 10266 -> 13210 (absent from account)
FAULT-01887,referential_breaks,trans,2908266,account_id 9633 -> 13211 (absent from account)
FAULT-01888,referential_breaks,trans,882535,account_id 3007 -> 13212 (absent from account)
FAULT-01889,referential_breaks,trans,1296317,account_id 4427 -> 13213 (absent from account)
FAULT-01890,referential_breaks,trans,2893478,account_id 9583 -> 13214 (absent from account)
FAULT-01891,referential_breaks,trans,375337,account_id 1277 -> 13215 (absent from account)
FAULT-01892,referential_breaks,trans,120583,account_id 404 -> 13216 (absent from account)
FAULT-01893,referential_breaks,trans,1440925,account_id 4907 -> 13217 (absent from account)
FAULT-01894,referential_breaks,trans,993299,account_id 3389 -> 13218 (absent from account)
FAULT-01895,referential_breaks,trans,1054977,account_id 3608 -> 13219 (absent from account)
FAULT-01896,referential_breaks,trans,3622111,account_id 2767 -> 13220 (absent from account)
FAULT-01897,referential_breaks,trans,306911,account_id 1047 -> 13221 (absent from account)
FAULT-01898,referential_breaks,trans,1051060,account_id 3594 -> 13222 (absent from account)
FAULT-01899,referential_breaks,trans,232077,account_id 790 -> 13223 (absent from account)
FAULT-01900,referential_breaks,trans,961394,account_id 3275 -> 13224 (absent from account)
FAULT-01901,referential_breaks,trans,880519,account_id 3000 -> 13225 (absent from account)
FAULT-01902,referential_breaks,trans,720053,account_id 2465 -> 13226 (absent from account)
FAULT-01903,referential_breaks,trans,3660540,account_id 3941 -> 13227 (absent from account)
FAULT-01904,referential_breaks,trans,811863,account_id 2766 -> 13228 (absent from account)
FAULT-01905,referential_breaks,trans,3447960,account_id 2305 -> 13229 (absent from account)
FAULT-01906,referential_breaks,trans,976107,account_id 3326 -> 13230 (absent from account)
FAULT-01907,referential_breaks,trans,432314,account_id 1469 -> 13231 (absent from account)
FAULT-01908,referential_breaks,trans,2538414,account_id 8377 -> 13232 (absent from account)
FAULT-01909,referential_breaks,trans,933916,account_id 3186 -> 13233 (absent from account)
FAULT-01910,referential_breaks,trans,3612175,account_id 2484 -> 13234 (absent from account)
FAULT-01911,referential_breaks,trans,1116076,account_id 3812 -> 13235 (absent from account)
FAULT-01912,referential_breaks,trans,83678,account_id 280 -> 13236 (absent from account)
FAULT-01913,referential_breaks,trans,874776,account_id 2980 -> 13237 (absent from account)
FAULT-01914,referential_breaks,trans,1136553,account_id 3883 -> 13238 (absent from account)
FAULT-01915,referential_breaks,trans,303629,account_id 1033 -> 13239 (absent from account)
FAULT-01916,referential_breaks,trans,777584,account_id 2651 -> 13240 (absent from account)
FAULT-01917,referential_breaks,trans,640003,account_id 2185 -> 13241 (absent from account)
FAULT-01918,referential_breaks,trans,169142,account_id 566 -> 13242 (absent from account)
FAULT-01919,referential_breaks,trans,3530686,account_id 7 -> 13243 (absent from account)
FAULT-01920,referential_breaks,trans,263657,account_id 901 -> 13244 (absent from account)
FAULT-01921,referential_breaks,trans,911063,account_id 3106 -> 13245 (absent from account)
FAULT-01922,referential_breaks,trans,607678,account_id 2068 -> 13246 (absent from account)
FAULT-01923,referential_breaks,trans,784326,account_id 2673 -> 13247 (absent from account)
FAULT-01924,referential_breaks,trans,884391,account_id 3013 -> 13248 (absent from account)
FAULT-01925,referential_breaks,trans,870972,account_id 2967 -> 13249 (absent from account)
FAULT-01926,referential_breaks,trans,93759,account_id 319 -> 13250 (absent from account)
FAULT-01927,referential_breaks,trans,2820520,account_id 9337 -> 13251 (absent from account)
FAULT-01928,referential_breaks,trans,1329764,account_id 4543 -> 13252 (absent from account)
FAULT-01929,referential_breaks,trans,3315078,account_id 11013 -> 13253 (absent from account)
FAULT-01930,referential_breaks,trans,1003015,account_id 3424 -> 13254 (absent from account)
FAULT-01931,referential_breaks,trans,961165,account_id 3275 -> 13255 (absent from account)
FAULT-01932,referential_breaks,trans,1035609,account_id 3542 -> 13256 (absent from account)
FAULT-01933,referential_breaks,trans,1876160,account_id 6353 -> 13257 (absent from account)
FAULT-01934,referential_breaks,trans,633694,account_id 2164 -> 13258 (absent from account)
FAULT-01935,referential_breaks,trans,3027129,account_id 10036 -> 13259 (absent from account)
FAULT-01936,referential_breaks,trans,36905,account_id 119 -> 13260 (absent from account)
FAULT-01937,referential_breaks,trans,1118385,account_id 3820 -> 13261 (absent from account)
FAULT-01938,referential_breaks,trans,696193,account_id 2379 -> 13262 (absent from account)
FAULT-01939,referential_breaks,trans,264936,account_id 904 -> 13263 (absent from account)
FAULT-01940,referential_breaks,trans,994513,account_id 3392 -> 13264 (absent from account)
FAULT-01941,referential_breaks,trans,953994,account_id 3253 -> 13265 (absent from account)
FAULT-01942,referential_breaks,trans,186952,account_id 633 -> 13266 (absent from account)
FAULT-01943,referential_breaks,trans,3470090,account_id 4349 -> 13267 (absent from account)
FAULT-01944,referential_breaks,trans,609952,account_id 2076 -> 13268 (absent from account)
FAULT-01945,referential_breaks,trans,186329,account_id 631 -> 13269 (absent from account)
FAULT-01946,referential_breaks,trans,3276192,account_id 10884 -> 13270 (absent from account)
FAULT-01947,referential_breaks,trans,1524126,account_id 5194 -> 13271 (absent from account)
FAULT-01948,referential_breaks,trans,54163,account_id 180 -> 13272 (absent from account)
FAULT-01949,referential_breaks,trans,262919,account_id 899 -> 13273 (absent from account)
FAULT-01950,referential_breaks,trans,1052736,account_id 3600 -> 13274 (absent from account)
FAULT-01951,referential_breaks,trans,888070,account_id 3028 -> 13275 (absent from account)
FAULT-01952,referential_breaks,trans,541375,account_id 1841 -> 13276 (absent from account)
FAULT-01953,referential_breaks,trans,713205,account_id 2437 -> 13277 (absent from account)
FAULT-01954,referential_breaks,trans,931859,account_id 3178 -> 13278 (absent from account)
FAULT-01955,referential_breaks,trans,650964,account_id 2224 -> 13279 (absent from account)
FAULT-01956,referential_breaks,trans,2788976,account_id 9235 -> 13280 (absent from account)
FAULT-01957,referential_breaks,trans,3123715,account_id 10365 -> 13281 (absent from account)
FAULT-01958,referential_breaks,trans,3598799,account_id 2064 -> 13282 (absent from account)
FAULT-01959,referential_breaks,trans,3586362,account_id 1699 -> 13283 (absent from account)
FAULT-01960,referential_breaks,trans,589012,account_id 2004 -> 13284 (absent from account)
FAULT-01961,referential_breaks,trans,597215,account_id 2032 -> 13285 (absent from account)
FAULT-01962,referential_breaks,trans,793032,account_id 2702 -> 13286 (absent from account)
FAULT-01963,referential_breaks,trans,3571526,account_id 1246 -> 13287 (absent from account)
FAULT-01964,referential_breaks,trans,2144426,account_id 7262 -> 13288 (absent from account)
FAULT-01965,referential_breaks,trans,3438325,account_id 562 -> 13289 (absent from account)
FAULT-01966,referential_breaks,trans,3661917,account_id 3989 -> 13290 (absent from account)
FAULT-01967,referential_breaks,trans,345687,account_id 1170 -> 13291 (absent from account)
FAULT-01968,referential_breaks,trans,2546447,account_id 8405 -> 13292 (absent from account)
FAULT-01969,referential_breaks,trans,1177005,account_id 4035 -> 13293 (absent from account)
FAULT-01970,referential_breaks,trans,112486,account_id 379 -> 13294 (absent from account)
FAULT-01971,referential_breaks,trans,688379,account_id 2351 -> 13295 (absent from account)
FAULT-01972,referential_breaks,trans,3606324,account_id 2311 -> 13296 (absent from account)
FAULT-01973,referential_breaks,trans,147841,account_id 494 -> 13297 (absent from account)
FAULT-01974,referential_breaks,trans,2791702,account_id 9242 -> 13298 (absent from account)
FAULT-01975,referential_breaks,trans,287710,account_id 986 -> 13299 (absent from account)
FAULT-01976,referential_breaks,trans,64392,account_id 213 -> 13300 (absent from account)
FAULT-01977,referential_breaks,trans,500066,account_id 1703 -> 13301 (absent from account)
FAULT-01978,referential_breaks,trans,397334,account_id 1352 -> 13302 (absent from account)
FAULT-01979,referential_breaks,trans,1107329,account_id 3782 -> 13303 (absent from account)
FAULT-01980,referential_breaks,trans,1056886,account_id 3613 -> 13304 (absent from account)
FAULT-01981,referential_breaks,trans,578227,account_id 1968 -> 13305 (absent from account)
FAULT-01982,referential_breaks,trans,3314979,account_id 11013 -> 13306 (absent from account)
FAULT-01983,referential_breaks,trans,3677208,account_id 6609 -> 13307 (absent from account)
FAULT-01984,referential_breaks,trans,247928,account_id 852 -> 13308 (absent from account)
FAULT-01985,referential_breaks,trans,743316,account_id 2538 -> 13309 (absent from account)
FAULT-01986,referential_breaks,trans,1549143,account_id 5270 -> 13310 (absent from account)
FAULT-01987,referential_breaks,trans,270926,account_id 928 -> 13311 (absent from account)
FAULT-01988,referential_breaks,trans,811200,account_id 2763 -> 13312 (absent from account)
FAULT-01989,referential_breaks,trans,270162,account_id 925 -> 13313 (absent from account)
FAULT-01990,referential_breaks,trans,2989047,account_id 9897 -> 13314 (absent from account)
FAULT-01991,referential_breaks,trans,3582610,account_id 1590 -> 13315 (absent from account)
FAULT-01992,referential_breaks,trans,421974,account_id 1432 -> 13316 (absent from account)
FAULT-01993,referential_breaks,trans,1026564,account_id 3505 -> 13317 (absent from account)
FAULT-01994,referential_breaks,trans,3648607,account_id 3590 -> 13318 (absent from account)
FAULT-01995,referential_breaks,trans,309022,account_id 1053 -> 13319 (absent from account)
FAULT-01996,referential_breaks,trans,2731017,account_id 9034 -> 13320 (absent from account)
FAULT-01997,referential_breaks,trans,85227,account_id 286 -> 13321 (absent from account)
FAULT-01998,referential_breaks,trans,139338,account_id 466 -> 13322 (absent from account)
FAULT-01999,referential_breaks,trans,1470577,account_id 5011 -> 13323 (absent from account)
FAULT-02000,referential_breaks,trans,867041,account_id 2951 -> 13324 (absent from account)
FAULT-02001,referential_breaks,trans,1694682,account_id 5742 -> 13325 (absent from account)
FAULT-02002,referential_breaks,trans,255632,account_id 878 -> 13326 (absent from account)
FAULT-02003,referential_breaks,trans,1047686,account_id 3583 -> 13327 (absent from account)
FAULT-02004,referential_breaks,trans,3466324,account_id 3539 -> 13328 (absent from account)
FAULT-02005,referential_breaks,trans,1282009,account_id 4385 -> 13329 (absent from account)
FAULT-02006,referential_breaks,trans,349131,account_id 1184 -> 13330 (absent from account)
FAULT-02007,referential_breaks,trans,3635762,account_id 3190 -> 13331 (absent from account)
FAULT-02008,referential_breaks,trans,386564,account_id 1314 -> 13332 (absent from account)
FAULT-02009,referential_breaks,trans,418025,account_id 1417 -> 13333 (absent from account)
FAULT-02010,referential_breaks,trans,692323,account_id 2365 -> 13334 (absent from account)
FAULT-02011,referential_breaks,trans,737312,account_id 2519 -> 13335 (absent from account)
FAULT-02012,referential_breaks,trans,3825,account_id 15 -> 13336 (absent from account)
FAULT-02013,referential_breaks,trans,756136,account_id 2580 -> 13337 (absent from account)
FAULT-02014,referential_breaks,trans,545448,account_id 1855 -> 13338 (absent from account)
FAULT-02015,referential_breaks,trans,466373,account_id 1588 -> 13339 (absent from account)
FAULT-02016,referential_breaks,trans,3452591,account_id 5726 -> 13340 (absent from account)
FAULT-02017,referential_breaks,trans,1283218,account_id 4389 -> 13341 (absent from account)
FAULT-02018,referential_breaks,trans,334843,account_id 1137 -> 13342 (absent from account)
FAULT-02019,referential_breaks,trans,3597663,account_id 2026 -> 13343 (absent from account)
FAULT-02020,referential_breaks,trans,3645984,account_id 3506 -> 13344 (absent from account)
FAULT-02021,referential_breaks,trans,847029,account_id 2884 -> 13345 (absent from account)
FAULT-02022,referential_breaks,trans,696690,account_id 2382 -> 13346 (absent from account)
FAULT-02023,referential_breaks,trans,604106,account_id 2056 -> 13347 (absent from account)
FAULT-02024,referential_breaks,trans,731569,account_id 2500 -> 13348 (absent from account)
FAULT-02025,referential_breaks,trans,3439890,account_id 964 -> 13349 (absent from account)
FAULT-02026,referential_breaks,trans,874914,account_id 2980 -> 13350 (absent from account)
FAULT-02027,referential_breaks,trans,3533074,account_id 76 -> 13351 (absent from account)
FAULT-02028,referential_breaks,trans,3580345,account_id 1515 -> 13352 (absent from account)
FAULT-02029,referential_breaks,trans,1137104,account_id 3885 -> 13353 (absent from account)
FAULT-02030,referential_breaks,trans,180555,account_id 612 -> 13354 (absent from account)
FAULT-02031,referential_breaks,trans,211762,account_id 719 -> 13355 (absent from account)
FAULT-02032,referential_breaks,trans,1486210,account_id 5065 -> 13356 (absent from account)
FAULT-02033,referential_breaks,trans,1013358,account_id 3465 -> 13357 (absent from account)
FAULT-02034,referential_breaks,trans,461203,account_id 1568 -> 13358 (absent from account)
FAULT-02035,referential_breaks,trans,1114750,account_id 3807 -> 13359 (absent from account)
FAULT-02036,referential_breaks,trans,1263226,account_id 4320 -> 13360 (absent from account)
FAULT-02037,referential_breaks,trans,727175,account_id 2487 -> 13361 (absent from account)
FAULT-02038,referential_breaks,trans,3445484,account_id 417 -> 13362 (absent from account)
FAULT-02039,referential_breaks,trans,233687,account_id 795 -> 13363 (absent from account)
FAULT-02040,referential_breaks,trans,1345209,account_id 4596 -> 13364 (absent from account)
FAULT-02041,referential_breaks,trans,548470,account_id 1867 -> 13365 (absent from account)
FAULT-02042,referential_breaks,trans,618127,account_id 2109 -> 13366 (absent from account)
FAULT-02043,referential_breaks,trans,745026,account_id 2543 -> 13367 (absent from account)
FAULT-02044,referential_breaks,trans,203429,account_id 690 -> 13368 (absent from account)
FAULT-02045,referential_breaks,trans,3665795,account_id 4580 -> 13369 (absent from account)
FAULT-02046,referential_breaks,trans,347500,account_id 1178 -> 13370 (absent from account)
FAULT-02047,referential_breaks,trans,3467215,account_id 3821 -> 13371 (absent from account)
FAULT-02048,referential_breaks,trans,3549637,account_id 576 -> 13372 (absent from account)
FAULT-02049,referential_breaks,trans,422020,account_id 1432 -> 13373 (absent from account)
FAULT-02050,referential_breaks,trans,380345,account_id 1292 -> 13374 (absent from account)
FAULT-02051,referential_breaks,trans,1273158,account_id 4354 -> 13375 (absent from account)
FAULT-02052,referential_breaks,trans,551616,account_id 1878 -> 13376 (absent from account)
FAULT-02053,referential_breaks,trans,622946,account_id 2124 -> 13377 (absent from account)
FAULT-02054,referential_breaks,trans,362005,account_id 1231 -> 13378 (absent from account)
FAULT-02055,referential_breaks,trans,3633916,account_id 3131 -> 13379 (absent from account)
FAULT-02056,referential_breaks,trans,435773,account_id 1481 -> 13380 (absent from account)
FAULT-02057,referential_breaks,trans,447319,account_id 1519 -> 13381 (absent from account)
FAULT-02058,referential_breaks,trans,1147061,account_id 3923 -> 13382 (absent from account)
FAULT-02059,referential_breaks,trans,295140,account_id 1007 -> 13383 (absent from account)
FAULT-02060,referential_breaks,trans,1470795,account_id 5011 -> 13384 (absent from account)
FAULT-02061,referential_breaks,trans,281200,account_id 964 -> 13385 (absent from account)
FAULT-02062,referential_breaks,trans,3681707,account_id 3273 -> 13386 (absent from account)
FAULT-02063,referential_breaks,trans,905032,account_id 3084 -> 13387 (absent from account)
FAULT-02064,referential_breaks,trans,769787,account_id 2627 -> 13388 (absent from account)
FAULT-02065,referential_breaks,trans,474086,account_id 1614 -> 13389 (absent from account)
FAULT-02066,referential_breaks,trans,3446333,account_id 1247 -> 13390 (absent from account)
FAULT-02067,referential_breaks,trans,1078374,account_id 3683 -> 13391 (absent from account)
FAULT-02068,referential_breaks,trans,515439,account_id 1762 -> 13392 (absent from account)
FAULT-02069,referential_breaks,trans,2567606,account_id 8475 -> 13393 (absent from account)
FAULT-02070,referential_breaks,trans,185743,account_id 629 -> 13394 (absent from account)
FAULT-02071,referential_breaks,trans,630529,account_id 2153 -> 13395 (absent from account)
FAULT-02072,referential_breaks,trans,3535168,account_id 145 -> 13396 (absent from account)
FAULT-02073,referential_breaks,trans,3452626,account_id 5735 -> 13397 (absent from account)
FAULT-02074,referential_breaks,trans,428454,account_id 1455 -> 13398 (absent from account)
FAULT-02075,referential_breaks,trans,737722,account_id 2520 -> 13399 (absent from account)
FAULT-02076,referential_breaks,trans,3603606,account_id 2224 -> 13400 (absent from account)
FAULT-02077,referential_breaks,trans,227411,account_id 773 -> 13401 (absent from account)
FAULT-02078,referential_breaks,trans,125335,account_id 422 -> 13402 (absent from account)
FAULT-02079,referential_breaks,trans,219109,account_id 744 -> 13403 (absent from account)
FAULT-02080,referential_breaks,trans,3464421,account_id 3001 -> 13404 (absent from account)
FAULT-02081,referential_breaks,trans,3569216,account_id 1168 -> 13405 (absent from account)
FAULT-02082,referential_breaks,trans,3475465,account_id 8489 -> 13406 (absent from account)
FAULT-02083,referential_breaks,trans,3635575,account_id 3183 -> 13407 (absent from account)
FAULT-02084,referential_breaks,trans,764869,account_id 2613 -> 13408 (absent from account)
FAULT-02085,referential_breaks,trans,3576528,account_id 1405 -> 13409 (absent from account)
FAULT-02086,referential_breaks,trans,1099793,account_id 3756 -> 13410 (absent from account)
FAULT-02087,referential_breaks,trans,871755,account_id 2970 -> 13411 (absent from account)
FAULT-02088,referential_breaks,trans,97232,account_id 332 -> 13412 (absent from account)
FAULT-02089,referential_breaks,trans,1124638,account_id 3840 -> 13413 (absent from account)
FAULT-02090,referential_breaks,trans,296692,account_id 1012 -> 13414 (absent from account)
FAULT-02091,referential_breaks,trans,696378,account_id 2380 -> 13415 (absent from account)
FAULT-02092,referential_breaks,trans,3461913,account_id 2333 -> 13416 (absent from account)
FAULT-02093,referential_breaks,trans,224408,account_id 764 -> 13417 (absent from account)
FAULT-02094,referential_breaks,trans,333812,account_id 1135 -> 13418 (absent from account)
FAULT-02095,referential_breaks,trans,83274,account_id 279 -> 13419 (absent from account)
FAULT-02096,referential_breaks,trans,3536543,account_id 186 -> 13420 (absent from account)
FAULT-02097,referential_breaks,trans,3623193,account_id 2803 -> 13421 (absent from account)
FAULT-02098,referential_breaks,trans,695961,account_id 2379 -> 13422 (absent from account)
FAULT-02099,referential_breaks,trans,1029019,account_id 3514 -> 13423 (absent from account)
FAULT-02100,referential_breaks,trans,3610315,account_id 2428 -> 13424 (absent from account)
FAULT-02101,referential_breaks,trans,980446,account_id 3345 -> 13425 (absent from account)
FAULT-02102,referential_breaks,trans,977689,account_id 3332 -> 13426 (absent from account)
FAULT-02103,referential_breaks,trans,3663576,account_id 4268 -> 13427 (absent from account)
FAULT-02104,referential_breaks,trans,663502,account_id 2265 -> 13428 (absent from account)
FAULT-02105,referential_breaks,trans,403450,account_id 1373 -> 13429 (absent from account)
FAULT-02106,referential_breaks,trans,622890,account_id 2124 -> 13430 (absent from account)
FAULT-02107,referential_breaks,trans,339477,account_id 1152 -> 13431 (absent from account)
FAULT-02108,referential_breaks,trans,977155,account_id 3330 -> 13432 (absent from account)
FAULT-02109,referential_breaks,trans,779112,account_id 2655 -> 13433 (absent from account)
FAULT-02110,referential_breaks,trans,1176924,account_id 4035 -> 13434 (absent from account)
FAULT-02111,referential_breaks,trans,587494,account_id 1999 -> 13435 (absent from account)
FAULT-02112,referential_breaks,trans,469546,account_id 1599 -> 13436 (absent from account)
FAULT-02113,referential_breaks,trans,999930,account_id 3413 -> 13437 (absent from account)
FAULT-02114,referential_breaks,trans,676115,account_id 2309 -> 13438 (absent from account)
FAULT-02115,referential_breaks,disp,3735,account_id 3088 -> 12382 (absent from account)
FAULT-02116,referential_breaks,disp,3425,account_id 2834 -> 12383 (absent from account)
FAULT-02117,referential_breaks,disp,1688,account_id 1394 -> 12384 (absent from account)
FAULT-02118,referential_breaks,disp,4553,account_id 3776 -> 12385 (absent from account)
FAULT-02119,referential_breaks,disp,12736,account_id 10607 -> 12386 (absent from account)
FAULT-02120,referential_breaks,disp,2706,client_id 2706 -> 14998 (absent from client)
FAULT-02121,referential_breaks,disp,229,client_id 229 -> 14999 (absent from client)
FAULT-02122,referential_breaks,disp,3844,client_id 3844 -> 15000 (absent from client)
FAULT-02123,referential_breaks,disp,1942,client_id 1942 -> 15001 (absent from client)
FAULT-02124,referential_breaks,disp,12448,client_id 12756 -> 15002 (absent from client)
FAULT-02125,referential_breaks,card,233,disp_id 1418 -> 14690 (absent from disp)
FAULT-02126,referential_breaks,loan,6863,account_id 9188 -> 12382 (absent from account)
FAULT-02127,referential_breaks,order,33034,account_id 2469 -> 12382 (absent from account)
FAULT-02128,referential_breaks,order,31240,account_id 1256 -> 12383 (absent from account)
FAULT-02129,referential_breaks,order,29669,account_id 176 -> 12384 (absent from account)
FAULT-02130,referential_breaks,order,42115,account_id 8564 -> 12385 (absent from account)
FAULT-02131,referential_breaks,order,33868,account_id 3015 -> 12386 (absent from account)
FAULT-02132,referential_breaks,order,34851,account_id 3696 -> 12387 (absent from account)
FAULT-02133,referential_breaks,account,1156,district_id 59 -> 1077 (absent from district)
FAULT-02134,referential_breaks,account,3068,district_id 59 -> 1078 (absent from district)
FAULT-02135,referential_breaks,account,3904,district_id 18 -> 1079 (absent from district)
FAULT-02136,referential_breaks,account,2079,district_id 55 -> 1080 (absent from district)
FAULT-02137,referential_breaks,account,2651,district_id 2 -> 1081 (absent from district)
FAULT-02138,referential_breaks,client,1651,district_id 11 -> 1077 (absent from district)
FAULT-02139,referential_breaks,client,1101,district_id 74 -> 1078 (absent from district)
FAULT-02140,referential_breaks,client,1638,district_id 40 -> 1079 (absent from district)
FAULT-02141,referential_breaks,client,3447,district_id 54 -> 1080 (absent from district)
FAULT-02142,referential_breaks,client,3260,district_id 74 -> 1081 (absent from district)
FAULT-02143,balance_corruption,trans,1052666,balance 41897.2 -> 335211.0
FAULT-02144,balance_corruption,trans,325375,balance 31441.3 -> 471554.0
FAULT-02145,balance_corruption,trans,3466009,balance 61737.8 -> 493852.4
FAULT-02146,balance_corruption,trans,111857,balance swapped with trans_id 3454003
FAULT-02147,balance_corruption,trans,3454003,balance swapped with trans_id 111857
FAULT-02148,balance_corruption,trans,101644,balance swapped with trans_id 802765
FAULT-02149,balance_corruption,trans,802765,balance swapped with trans_id 101644
FAULT-02150,balance_corruption,trans,1267722,balance 18347.3 -> 275163.7
FAULT-02151,balance_corruption,trans,989217,balance 86552.8 -> 1298362.2
FAULT-02152,balance_corruption,trans,1649633,balance 40581.8 -> 324630.1
FAULT-02153,balance_corruption,trans,93872,balance 59544.8 -> 893143.9
FAULT-02154,balance_corruption,trans,282858,balance 56587.5 -> 452620.1
FAULT-02155,balance_corruption,trans,386853,balance swapped with trans_id 385271
FAULT-02156,balance_corruption,trans,385271,balance swapped with trans_id 386853
FAULT-02157,balance_corruption,trans,861963,balance 19705.8 -> -19673.5
FAULT-02158,balance_corruption,trans,1210367,balance 55870.1 -> -447011.4
FAULT-02159,balance_corruption,trans,631479,balance swapped with trans_id 860336
FAULT-02160,balance_corruption,trans,860336,balance swapped with trans_id 631479
FAULT-02161,balance_corruption,trans,2043573,balance 37890.1 -> 568345.7
FAULT-02162,balance_corruption,trans,3606459,balance swapped with trans_id 3080914
FAULT-02163,balance_corruption,trans,3080914,balance swapped with trans_id 3606459
FAULT-02164,balance_corruption,trans,40994,balance 32929.4 -> 493922.4
FAULT-02165,balance_corruption,trans,3451658,balance swapped with trans_id 359358
FAULT-02166,balance_corruption,trans,359358,balance swapped with trans_id 3451658
FAULT-02167,balance_corruption,trans,843412,balance 33441.9 -> 267606.6
FAULT-02168,balance_corruption,trans,607406,balance 20343.1 -> -162774.6
FAULT-02169,balance_corruption,trans,1016514,balance swapped with trans_id 3549190
FAULT-02170,balance_corruption,trans,3549190,balance swapped with trans_id 1016514
FAULT-02171,balance_corruption,trans,2286831,balance swapped with trans_id 539782
FAULT-02172,balance_corruption,trans,539782,balance swapped with trans_id 2286831
FAULT-02173,balance_corruption,trans,1106288,balance 44315.4 -> -44299.9
FAULT-02174,balance_corruption,trans,20141,balance 34333.8 -> 274662.7
FAULT-02175,balance_corruption,trans,1074872,balance 30173.7 -> 452654.1
FAULT-02176,balance_corruption,trans,186129,balance 17424.9 -> 139456.4
FAULT-02177,balance_corruption,trans,938603,balance 22046.8 -> -176353.1
FAULT-02178,balance_corruption,trans,1042213,balance swapped with trans_id 3502472
FAULT-02179,balance_corruption,trans,3502472,balance swapped with trans_id 1042213
FAULT-02180,balance_corruption,trans,206854,balance swapped with trans_id 458400
FAULT-02181,balance_corruption,trans,458400,balance swapped with trans_id 206854
FAULT-02182,balance_corruption,trans,959248,balance swapped with trans_id 150995
FAULT-02183,balance_corruption,trans,150995,balance swapped with trans_id 959248
FAULT-02184,balance_corruption,trans,3653326,balance 30871.1 -> 463081.3
FAULT-02185,balance_corruption,trans,3571075,balance 72843.7 -> 1092640.0
FAULT-02186,balance_corruption,trans,1077409,balance 21435.1 -> -21460.5
FAULT-02187,balance_corruption,trans,788682,balance swapped with trans_id 184537
FAULT-02188,balance_corruption,trans,184537,balance swapped with trans_id 788682
FAULT-02189,balance_corruption,trans,764585,balance 69781.4 -> -558278.7
FAULT-02190,balance_corruption,trans,969974,balance 39245.0 -> -313944.5
FAULT-02191,balance_corruption,trans,587010,balance 38281.0 -> -38216.9
FAULT-02192,balance_corruption,trans,305662,balance 48637.0 -> 389027.2
FAULT-02193,balance_corruption,trans,653325,balance 18883.6 -> 151024.2
FAULT-02194,balance_corruption,trans,103114,balance swapped with trans_id 1031840
FAULT-02195,balance_corruption,trans,1031840,balance swapped with trans_id 103114
FAULT-02196,balance_corruption,trans,1383948,balance 116294.5 -> -116220.1
FAULT-02197,balance_corruption,trans,3183769,balance swapped with trans_id 294838
FAULT-02198,balance_corruption,trans,294838,balance swapped with trans_id 3183769
FAULT-02199,balance_corruption,trans,594382,balance swapped with trans_id 1977615
FAULT-02200,balance_corruption,trans,1977615,balance swapped with trans_id 594382
FAULT-02201,balance_corruption,trans,170460,balance 39122.8 -> -39077.6
FAULT-02202,balance_corruption,trans,984619,balance 17293.2 -> 138349.9
FAULT-02203,balance_corruption,trans,627107,balance swapped with trans_id 3652913
FAULT-02204,balance_corruption,trans,3652913,balance swapped with trans_id 627107
FAULT-02205,balance_corruption,trans,622310,balance 20556.0 -> 308216.7
FAULT-02206,balance_corruption,trans,309380,balance 41464.6 -> -41467.5
FAULT-02207,balance_corruption,trans,162111,balance 16066.5 -> 128492.6
FAULT-02208,balance_corruption,trans,48895,balance 17356.7 -> -138853.9
FAULT-02209,balance_corruption,trans,678172,balance 64585.2 -> 516661.9
FAULT-02210,balance_corruption,trans,498340,balance swapped with trans_id 889036
FAULT-02211,balance_corruption,trans,889036,balance swapped with trans_id 498340
FAULT-02212,balance_corruption,trans,1111224,balance 53720.8 -> -53717.2
FAULT-02213,balance_corruption,trans,973265,balance 28812.9 -> 432130.8
FAULT-02214,balance_corruption,trans,1038065,balance 37260.1 -> -37241.7
FAULT-02215,balance_corruption,trans,1450195,balance 65620.5 -> -65690.2
FAULT-02216,balance_corruption,trans,986018,balance 24342.0 -> -194697.1
FAULT-02217,balance_corruption,trans,987332,balance 61668.0 -> 493345.2
FAULT-02218,balance_corruption,trans,1159930,balance 52053.9 -> 416411.6
FAULT-02219,balance_corruption,trans,1096570,balance 16157.9 -> 242325.1
FAULT-02220,balance_corruption,trans,3509782,balance 114905.8 -> 1723534.8
FAULT-02221,balance_corruption,trans,835758,balance 11767.7 -> -11690.3
FAULT-02222,balance_corruption,trans,617854,balance 41308.2 -> -41310.0
FAULT-02223,balance_corruption,trans,987635,balance 48068.1 -> 720921.5
FAULT-02224,balance_corruption,trans,288514,balance swapped with trans_id 1240796
FAULT-02225,balance_corruption,trans,1240796,balance swapped with trans_id 288514
FAULT-02226,balance_corruption,trans,138344,balance 107395.3 -> -107325.8
FAULT-02227,balance_corruption,trans,2120257,balance 82495.2 -> -659845.1
FAULT-02228,balance_corruption,trans,299354,balance 22301.0 -> 178475.4
FAULT-02229,balance_corruption,trans,345701,balance swapped with trans_id 565791
FAULT-02230,balance_corruption,trans,565791,balance swapped with trans_id 345701
FAULT-02231,balance_corruption,trans,438035,balance swapped with trans_id 3632319
FAULT-02232,balance_corruption,trans,3632319,balance swapped with trans_id 438035
FAULT-02233,balance_corruption,trans,513193,balance 66189.1 -> 992781.3
FAULT-02234,balance_corruption,trans,251632,balance swapped with trans_id 89101
FAULT-02235,balance_corruption,trans,89101,balance swapped with trans_id 251632
FAULT-02236,balance_corruption,trans,1147611,balance 40236.2 -> 321926.2
FAULT-02237,balance_corruption,trans,966057,balance 18124.6 -> -144997.4
FAULT-02238,balance_corruption,trans,633985,balance 28624.6 -> -228887.2
FAULT-02239,balance_corruption,trans,1093335,balance swapped with trans_id 1791314
FAULT-02240,balance_corruption,trans,1791314,balance swapped with trans_id 1093335
FAULT-02241,balance_corruption,trans,175312,balance 56861.8 -> 454848.1
FAULT-02242,balance_corruption,trans,1049778,balance 46456.3 -> -371601.5
FAULT-02243,balance_corruption,trans,289496,balance 27884.4 -> 418245.3
FAULT-02244,balance_corruption,trans,97846,balance 45290.1 -> -362332.1
FAULT-02245,balance_corruption,trans,231256,balance 16596.2 -> -16596.6
FAULT-02246,balance_corruption,trans,1159259,balance 21261.3 -> 170052.8
FAULT-02247,balance_corruption,trans,663018,balance swapped with trans_id 2309121
FAULT-02248,balance_corruption,trans,2309121,balance swapped with trans_id 663018
FAULT-02249,balance_corruption,trans,766213,balance 27613.3 -> -27671.7
FAULT-02250,balance_corruption,trans,180874,balance 25051.5 -> -200438.7
FAULT-02251,balance_corruption,trans,877503,balance 14622.6 -> 219305.1
FAULT-02252,balance_corruption,trans,361213,balance 30999.9 -> -31026.2
FAULT-02253,balance_corruption,trans,407877,balance 39402.4 -> 315172.3
FAULT-02254,balance_corruption,trans,115199,balance swapped with trans_id 105849
FAULT-02255,balance_corruption,trans,105849,balance swapped with trans_id 115199
FAULT-02256,balance_corruption,trans,183824,balance 55757.6 -> -55818.4
FAULT-02257,balance_corruption,trans,1152140,balance 48450.5 -> 726711.0
FAULT-02258,balance_corruption,trans,1008771,balance swapped with trans_id 572292
FAULT-02259,balance_corruption,trans,572292,balance swapped with trans_id 1008771
FAULT-02260,balance_corruption,trans,250235,balance swapped with trans_id 6646
FAULT-02261,balance_corruption,trans,6646,balance swapped with trans_id 250235
FAULT-02262,balance_corruption,trans,237823,balance 34815.8 -> 522338.6
FAULT-02263,balance_corruption,trans,601238,balance 42557.0 -> 638304.1
FAULT-02264,balance_corruption,trans,685710,balance 27331.2 -> -27294.5
FAULT-02265,balance_corruption,trans,1576131,balance 34725.5 -> 520972.7
FAULT-02266,balance_corruption,trans,161829,balance swapped with trans_id 3478207
FAULT-02267,balance_corruption,trans,3478207,balance swapped with trans_id 161829
FAULT-02268,balance_corruption,trans,205287,balance 46818.2 -> -374460.0
FAULT-02269,balance_corruption,trans,113373,balance 20864.9 -> -20786.8
FAULT-02270,balance_corruption,trans,3595960,balance swapped with trans_id 135489
FAULT-02271,balance_corruption,trans,135489,balance swapped with trans_id 3595960
FAULT-02272,balance_corruption,trans,68156,balance swapped with trans_id 570310
FAULT-02273,balance_corruption,trans,570310,balance swapped with trans_id 68156
FAULT-02274,balance_corruption,trans,3441054,balance 86455.0 -> 1296913.4
FAULT-02275,balance_corruption,trans,435569,balance 89932.5 -> -89990.7
FAULT-02276,balance_corruption,trans,699954,balance 32936.1 -> -32925.5
FAULT-02277,balance_corruption,trans,3563643,balance 26996.7 -> -215980.4
FAULT-02278,balance_corruption,trans,1331787,balance 18308.4 -> -146522.3
FAULT-02279,balance_corruption,trans,24913,balance swapped with trans_id 573839
FAULT-02280,balance_corruption,trans,573839,balance swapped with trans_id 24913
FAULT-02281,balance_corruption,trans,95555,balance 20292.7 -> -20234.0
FAULT-02282,balance_corruption,trans,233672,balance swapped with trans_id 958693
FAULT-02283,balance_corruption,trans,958693,balance swapped with trans_id 233672
FAULT-02284,balance_corruption,trans,653151,balance 30250.5 -> 453818.3
FAULT-02285,balance_corruption,trans,119932,balance 50056.7 -> 400422.1
FAULT-02286,balance_corruption,trans,410114,balance 17978.0 -> -17925.8
FAULT-02287,balance_corruption,trans,361067,balance 21786.4 -> -21801.5
FAULT-02288,balance_corruption,trans,448727,balance 43185.2 -> -43118.0
FAULT-02289,balance_corruption,trans,427077,balance 25468.2 -> 382064.5
FAULT-02290,balance_corruption,trans,867308,balance swapped with trans_id 20108
FAULT-02291,balance_corruption,trans,20108,balance swapped with trans_id 867308
FAULT-02292,balance_corruption,trans,3578251,balance 32930.2 -> 493982.4
FAULT-02293,balance_corruption,trans,335130,balance 64700.0 -> 517551.3
FAULT-02294,balance_corruption,trans,606672,balance swapped with trans_id 3532942
FAULT-02295,balance_corruption,trans,3532942,balance swapped with trans_id 606672
FAULT-02296,balance_corruption,trans,685926,balance swapped with trans_id 191453
FAULT-02297,balance_corruption,trans,191453,balance swapped with trans_id 685926
FAULT-02298,balance_corruption,trans,1195323,balance swapped with trans_id 987840
FAULT-02299,balance_corruption,trans,987840,balance swapped with trans_id 1195323
FAULT-02300,balance_corruption,trans,381845,balance swapped with trans_id 2579211
FAULT-02301,balance_corruption,trans,2579211,balance swapped with trans_id 381845
FAULT-02302,balance_corruption,trans,3564969,balance 34986.4 -> 524789.8
FAULT-02303,balance_corruption,trans,3603427,balance 23319.9 -> 349756.9
FAULT-02304,balance_corruption,trans,1988968,balance 39401.6 -> -315257.3
FAULT-02305,balance_corruption,trans,571399,balance 36680.8 -> -293361.0
FAULT-02306,balance_corruption,trans,371686,balance 48341.7 -> -48329.4
FAULT-02307,balance_corruption,trans,457409,balance swapped with trans_id 165942
FAULT-02308,balance_corruption,trans,165942,balance swapped with trans_id 457409
FAULT-02309,balance_corruption,trans,1023212,balance 39268.8 -> 314107.5
FAULT-02310,balance_corruption,trans,3632996,balance 45199.4 -> 361655.4
FAULT-02311,balance_corruption,trans,3451112,balance 2950.5 -> 23597.0
FAULT-02312,balance_corruption,trans,1019821,balance 15181.8 -> 227673.8
FAULT-02313,balance_corruption,trans,768564,balance 60126.8 -> 901914.8
FAULT-02314,balance_corruption,trans,1096071,balance 64763.8 -> -518076.7
FAULT-02315,balance_corruption,trans,1109727,balance 91709.6 -> -733645.7
FAULT-02316,balance_corruption,trans,441861,balance 83063.2 -> 1246058.8
FAULT-02317,balance_corruption,trans,1026839,balance swapped with trans_id 3624474
FAULT-02318,balance_corruption,trans,3624474,balance swapped with trans_id 1026839
FAULT-02319,balance_corruption,trans,1688824,balance 20960.1 -> -167590.4
FAULT-02320,balance_corruption,trans,774229,balance 25826.5 -> 206587.2
FAULT-02321,balance_corruption,trans,340538,balance 26628.2 -> 399432.4
FAULT-02322,balance_corruption,trans,678142,balance swapped with trans_id 87384
FAULT-02323,balance_corruption,trans,87384,balance swapped with trans_id 678142
FAULT-02324,balance_corruption,trans,514105,balance swapped with trans_id 3446296
FAULT-02325,balance_corruption,trans,3446296,balance swapped with trans_id 514105
FAULT-02326,balance_corruption,trans,1152505,balance 16459.7 -> -131716.1
FAULT-02327,balance_corruption,trans,3637868,balance 15325.8 -> -15290.9
FAULT-02328,balance_corruption,trans,104090,balance swapped with trans_id 127045
FAULT-02329,balance_corruption,trans,127045,balance swapped with trans_id 104090
FAULT-02330,balance_corruption,trans,8421,balance 31415.4 -> 471326.9
FAULT-02331,balance_corruption,trans,103758,balance 69822.2 -> 1047312.3
FAULT-02332,balance_corruption,trans,3445933,balance 14900.1 -> 223440.1
FAULT-02333,balance_corruption,trans,402093,balance 41180.9 -> 617655.0
FAULT-02334,balance_corruption,trans,349725,balance 20584.6 -> 164730.4
FAULT-02335,balance_corruption,trans,686112,balance 26175.6 -> 392592.3
FAULT-02336,balance_corruption,trans,1466841,balance swapped with trans_id 980686
FAULT-02337,balance_corruption,trans,980686,balance swapped with trans_id 1466841
FAULT-02338,balance_corruption,trans,159234,balance 12878.3 -> -103030.0
FAULT-02339,balance_corruption,trans,271811,balance 30766.5 -> 246104.6
FAULT-02340,balance_corruption,trans,453723,balance 20489.4 -> -163871.6
FAULT-02341,balance_corruption,trans,943885,balance swapped with trans_id 593914
FAULT-02342,balance_corruption,trans,593914,balance swapped with trans_id 943885
FAULT-02343,balance_corruption,trans,62774,balance 61130.6 -> -61029.9
FAULT-02344,balance_corruption,trans,680133,balance swapped with trans_id 3451530
FAULT-02345,balance_corruption,trans,3451530,balance swapped with trans_id 680133
FAULT-02346,balance_corruption,trans,3624200,balance 73958.4 -> -73957.7
FAULT-02347,balance_corruption,trans,394687,balance 87446.3 -> 699525.3
FAULT-02348,balance_corruption,trans,291101,balance swapped with trans_id 1071222
FAULT-02349,balance_corruption,trans,1071222,balance swapped with trans_id 291101
FAULT-02350,balance_corruption,trans,932526,balance swapped with trans_id 868959
FAULT-02351,balance_corruption,trans,868959,balance swapped with trans_id 932526
FAULT-02352,balance_corruption,trans,656380,balance 33173.5 -> -265381.6
FAULT-02353,balance_corruption,trans,842540,balance 69362.2 -> -554886.3
FAULT-02354,balance_corruption,trans,675557,balance 19814.4 -> -158568.1
FAULT-02355,balance_corruption,trans,2976613,balance swapped with trans_id 818958
FAULT-02356,balance_corruption,trans,818958,balance swapped with trans_id 2976613
FAULT-02357,balance_corruption,trans,858304,balance swapped with trans_id 286559
FAULT-02358,balance_corruption,trans,286559,balance swapped with trans_id 858304
FAULT-02359,balance_corruption,trans,469090,balance 13501.6 -> -108081.4
FAULT-02360,balance_corruption,trans,3540461,balance swapped with trans_id 2383046
FAULT-02361,balance_corruption,trans,2383046,balance swapped with trans_id 3540461
FAULT-02362,balance_corruption,trans,205268,balance 42949.5 -> 343634.2
FAULT-02363,balance_corruption,trans,633549,balance swapped with trans_id 125761
FAULT-02364,balance_corruption,trans,125761,balance swapped with trans_id 633549
FAULT-02365,balance_corruption,trans,2712377,balance 34404.6 -> 516015.1
FAULT-02366,balance_corruption,trans,949002,balance 39451.3 -> 315626.3
FAULT-02367,balance_corruption,trans,3594780,balance 41541.8 -> 332395.3
FAULT-02368,balance_corruption,trans,44411,balance 19213.2 -> -19210.9
FAULT-02369,balance_corruption,trans,609707,balance 16301.9 -> 130435.5
FAULT-02370,balance_corruption,trans,1027078,balance 50182.8 -> -401470.4
FAULT-02371,balance_corruption,trans,3446555,balance swapped with trans_id 996586
FAULT-02372,balance_corruption,trans,996586,balance swapped with trans_id 3446555
FAULT-02373,balance_corruption,trans,140009,balance swapped with trans_id 2442743
FAULT-02374,balance_corruption,trans,2442743,balance swapped with trans_id 140009
FAULT-02375,balance_corruption,trans,921864,balance swapped with trans_id 230104
FAULT-02376,balance_corruption,trans,230104,balance swapped with trans_id 921864
FAULT-02377,balance_corruption,trans,180986,balance 29624.8 -> -237027.6
FAULT-02378,balance_corruption,trans,1027747,balance 84198.6 -> 1262967.8
FAULT-02379,balance_corruption,trans,213857,balance swapped with trans_id 3642643
FAULT-02380,balance_corruption,trans,3642643,balance swapped with trans_id 213857
FAULT-02381,balance_corruption,trans,1097663,balance 58952.3 -> -471538.6
FAULT-02382,balance_corruption,trans,3620652,balance 15805.3 -> -126427.8
FAULT-02383,balance_corruption,trans,3528675,balance 47657.2 -> 714884.1
FAULT-02384,balance_corruption,trans,868479,balance 16970.9 -> 135749.1
FAULT-02385,balance_corruption,trans,320041,balance swapped with trans_id 3476353
FAULT-02386,balance_corruption,trans,3476353,balance swapped with trans_id 320041
FAULT-02387,balance_corruption,trans,839951,balance 86695.3 -> -86648.6
FAULT-02388,balance_corruption,trans,962545,balance 34843.6 -> -278854.1
FAULT-02389,balance_corruption,trans,1190911,balance 47494.1 -> 712415.6
FAULT-02390,balance_corruption,trans,66842,balance swapped with trans_id 1029749
FAULT-02391,balance_corruption,trans,1029749,balance swapped with trans_id 66842
FAULT-02392,balance_corruption,trans,820425,balance swapped with trans_id 3461714
FAULT-02393,balance_corruption,trans,3461714,balance swapped with trans_id 820425
FAULT-02394,balance_corruption,trans,729420,balance 94271.3 -> -754174.1
FAULT-02395,balance_corruption,trans,1099560,balance swapped with trans_id 868403
FAULT-02396,balance_corruption,trans,868403,balance swapped with trans_id 1099560
FAULT-02397,balance_corruption,trans,793989,balance swapped with trans_id 3571439
FAULT-02398,balance_corruption,trans,3571439,balance swapped with trans_id 793989
FAULT-02399,balance_corruption,trans,281067,balance 33611.8 -> 504163.5
FAULT-02400,balance_corruption,trans,569518,balance 61344.3 -> 920091.1
FAULT-02401,balance_corruption,trans,878726,balance swapped with trans_id 1150163
FAULT-02402,balance_corruption,trans,1150163,balance swapped with trans_id 878726
FAULT-02403,balance_corruption,trans,632655,balance 67035.1 -> -67051.2
FAULT-02404,balance_corruption,trans,511626,balance 61166.6 -> -489311.2
FAULT-02405,balance_corruption,trans,728637,balance 31245.8 -> 249933.2
FAULT-02406,balance_corruption,trans,372239,balance 41606.8 -> 332816.2
FAULT-02407,balance_corruption,trans,2789064,balance swapped with trans_id 3669504
FAULT-02408,balance_corruption,trans,3669504,balance swapped with trans_id 2789064
FAULT-02409,balance_corruption,trans,3603559,balance 100251.4 -> -802096.6
FAULT-02410,balance_corruption,trans,2078197,balance 40056.1 -> 320507.3
FAULT-02411,balance_corruption,trans,3585181,balance swapped with trans_id 355188
FAULT-02412,balance_corruption,trans,355188,balance swapped with trans_id 3585181
FAULT-02413,balance_corruption,trans,92927,balance 33856.9 -> -33912.0
FAULT-02414,balance_corruption,trans,343534,balance swapped with trans_id 3454654
FAULT-02415,balance_corruption,trans,3454654,balance swapped with trans_id 343534
FAULT-02416,balance_corruption,trans,397931,balance swapped with trans_id 1145200
FAULT-02417,balance_corruption,trans,1145200,balance swapped with trans_id 397931
FAULT-02418,balance_corruption,trans,3555449,balance 50306.1 -> 754500.5
FAULT-02419,balance_corruption,trans,3550241,balance 17223.4 -> -17278.9
FAULT-02420,balance_corruption,trans,1365509,balance 18512.7 -> 277817.1
FAULT-02421,balance_corruption,trans,3488138,balance 26248.9 -> 393827.5
FAULT-02422,balance_corruption,trans,627167,balance 42281.6 -> -338251.5
FAULT-02423,balance_corruption,trans,1032245,balance 18093.0 -> 144775.2
FAULT-02424,balance_corruption,trans,538175,balance swapped with trans_id 810328
FAULT-02425,balance_corruption,trans,810328,balance swapped with trans_id 538175
FAULT-02426,balance_corruption,trans,3591332,balance 72378.2 -> 579046.3
FAULT-02427,balance_corruption,trans,853982,balance 23585.8 -> -23543.2
FAULT-02428,balance_corruption,trans,2989164,balance 25127.0 -> -25163.7
FAULT-02429,balance_corruption,trans,207419,balance 39176.8 -> -39113.9
FAULT-02430,balance_corruption,trans,825079,balance 58098.3 -> -464823.7
FAULT-02431,balance_corruption,trans,912006,balance swapped with trans_id 143084
FAULT-02432,balance_corruption,trans,143084,balance swapped with trans_id 912006
FAULT-02433,balance_corruption,trans,1002363,balance 92567.8 -> -740592.8
FAULT-02434,balance_corruption,trans,651333,balance 42444.6 -> 339512.1
FAULT-02435,balance_corruption,trans,98190,balance 22661.7 -> -22631.8
FAULT-02436,balance_corruption,trans,3564244,balance 10921.4 -> 163865.7
FAULT-02437,balance_corruption,trans,750443,balance swapped with trans_id 1105182
FAULT-02438,balance_corruption,trans,1105182,balance swapped with trans_id 750443
FAULT-02439,balance_corruption,trans,578789,balance 53545.8 -> 428367.1
FAULT-02440,balance_corruption,trans,1110261,balance 68467.7 -> -68431.5
FAULT-02441,balance_corruption,trans,598267,balance 38846.0 -> 582685.8
FAULT-02442,balance_corruption,trans,706170,balance swapped with trans_id 887455
FAULT-02443,balance_corruption,trans,887455,balance swapped with trans_id 706170
FAULT-02444,balance_corruption,trans,794776,balance 38976.1 -> -38966.9
FAULT-02445,balance_corruption,trans,546946,balance swapped with trans_id 3564207
FAULT-02446,balance_corruption,trans,3564207,balance swapped with trans_id 546946
FAULT-02447,balance_corruption,trans,3551889,balance swapped with trans_id 3497787
FAULT-02448,balance_corruption,trans,3497787,balance swapped with trans_id 3551889
FAULT-02449,balance_corruption,trans,721817,balance 58545.4 -> 878205.5
FAULT-02450,balance_corruption,trans,762733,balance swapped with trans_id 656199
FAULT-02451,balance_corruption,trans,656199,balance swapped with trans_id 762733
FAULT-02452,balance_corruption,trans,688971,balance 68778.5 -> -550239.7
FAULT-02453,balance_corruption,trans,153485,balance swapped with trans_id 3614159
FAULT-02454,balance_corruption,trans,3614159,balance swapped with trans_id 153485
FAULT-02455,balance_corruption,trans,655283,balance 38707.7 -> -38748.1
FAULT-02456,balance_corruption,trans,1159183,balance 42997.4 -> -343948.2
FAULT-02457,balance_corruption,trans,800257,balance swapped with trans_id 1234564
FAULT-02458,balance_corruption,trans,1234564,balance swapped with trans_id 800257
FAULT-02459,balance_corruption,trans,3666249,balance swapped with trans_id 892280
FAULT-02460,balance_corruption,trans,892280,balance swapped with trans_id 3666249
FAULT-02461,balance_corruption,trans,627166,balance 46532.5 -> 697989.1
FAULT-02462,balance_corruption,trans,191956,balance swapped with trans_id 2521990
FAULT-02463,balance_corruption,trans,2521990,balance swapped with trans_id 191956
FAULT-02464,balance_corruption,trans,435162,balance 55552.0 -> -55550.2
FAULT-02465,balance_corruption,trans,401351,balance 22186.1 -> -177498.2
FAULT-02466,balance_corruption,trans,860835,balance 41317.4 -> -41240.3
FAULT-02467,balance_corruption,trans,1684057,balance swapped with trans_id 110805
FAULT-02468,balance_corruption,trans,110805,balance swapped with trans_id 1684057
FAULT-02469,balance_corruption,trans,1270055,balance 54398.8 -> -54315.7
FAULT-02470,balance_corruption,trans,3624234,balance 57417.2 -> 861275.5
FAULT-02471,balance_corruption,trans,1247968,balance 29163.8 -> -29202.0
FAULT-02472,balance_corruption,trans,1393069,balance 87965.5 -> -88051.8
FAULT-02473,balance_corruption,trans,998952,balance 37820.7 -> -37762.3
FAULT-02474,balance_corruption,trans,875267,balance 73277.0 -> -586196.5
FAULT-02475,balance_corruption,trans,1910569,balance swapped with trans_id 705117
FAULT-02476,balance_corruption,trans,705117,balance swapped with trans_id 1910569
FAULT-02477,balance_corruption,trans,201468,balance 94512.2 -> 1417747.7
FAULT-02478,balance_corruption,trans,555062,balance 37359.3 -> -37359.2
FAULT-02479,balance_corruption,trans,372323,balance swapped with trans_id 3590157
FAULT-02480,balance_corruption,trans,3590157,balance swapped with trans_id 372323
FAULT-02481,balance_corruption,trans,285279,balance 38701.8 -> 309546.9
FAULT-02482,balance_corruption,trans,2735946,balance swapped with trans_id 207481
FAULT-02483,balance_corruption,trans,207481,balance swapped with trans_id 2735946
FAULT-02484,balance_corruption,trans,488846,balance 27559.3 -> -27629.6
FAULT-02485,balance_corruption,trans,268476,balance 26634.8 -> -26614.0
FAULT-02486,balance_corruption,trans,629677,balance swapped with trans_id 3633955
FAULT-02487,balance_corruption,trans,3633955,balance swapped with trans_id 629677
FAULT-02488,balance_corruption,trans,214381,balance 8856.2 -> -8898.5
FAULT-02489,balance_corruption,trans,3517539,balance swapped with trans_id 56279
FAULT-02490,balance_corruption,trans,56279,balance swapped with trans_id 3517539
FAULT-02491,balance_corruption,trans,3626759,balance 24376.5 -> 365736.8
FAULT-02492,balance_corruption,trans,184600,balance 40662.9 -> 609888.3
FAULT-02493,balance_corruption,trans,339191,balance 72888.0 -> 583086.1
FAULT-02494,balance_corruption,trans,319108,balance swapped with trans_id 3637291
FAULT-02495,balance_corruption,trans,3637291,balance swapped with trans_id 319108
FAULT-02496,balance_corruption,trans,241059,balance 23749.7 -> 356199.5
FAULT-02497,balance_corruption,trans,832796,balance swapped with trans_id 3657683
FAULT-02498,balance_corruption,trans,3657683,balance swapped with trans_id 832796
FAULT-02499,balance_corruption,trans,490586,balance swapped with trans_id 418165
FAULT-02500,balance_corruption,trans,418165,balance swapped with trans_id 490586
FAULT-02501,balance_corruption,trans,833292,balance 132441.9 -> 1059550.3
FAULT-02502,balance_corruption,trans,664351,balance 34329.9 -> 274653.7
FAULT-02503,balance_corruption,trans,2061152,balance 57240.6 -> -457974.1
FAULT-02504,balance_corruption,trans,1141405,balance swapped with trans_id 725420
FAULT-02505,balance_corruption,trans,725420,balance swapped with trans_id 1141405
FAULT-02506,balance_corruption,trans,309011,balance swapped with trans_id 506464
FAULT-02507,balance_corruption,trans,506464,balance swapped with trans_id 309011
FAULT-02508,balance_corruption,trans,61887,balance 39818.1 -> 318580.6
FAULT-02509,balance_corruption,trans,3440282,balance 49387.6 -> 395001.2
FAULT-02510,balance_corruption,trans,53053,balance 83503.5 -> -83540.6
FAULT-02511,balance_corruption,trans,20400,balance 33788.8 -> -270277.8
FAULT-02512,balance_corruption,trans,996745,balance 58314.1 -> 874703.2
FAULT-02513,balance_corruption,trans,977873,balance 77385.8 -> -77328.2
FAULT-02514,balance_corruption,trans,180872,balance swapped with trans_id 84294
FAULT-02515,balance_corruption,trans,84294,balance swapped with trans_id 180872
FAULT-02516,balance_corruption,trans,29501,balance 94768.9 -> -758155.9
FAULT-02517,balance_corruption,trans,1907437,balance swapped with trans_id 1754291
FAULT-02518,balance_corruption,trans,1754291,balance swapped with trans_id 1907437
FAULT-02519,balance_corruption,trans,287877,balance swapped with trans_id 1208772
FAULT-02520,balance_corruption,trans,1208772,balance swapped with trans_id 287877
FAULT-02521,balance_corruption,trans,3479039,balance 41650.9 -> -333171.6
FAULT-02522,balance_corruption,trans,544726,balance 20156.4 -> 302417.9
FAULT-02523,balance_corruption,trans,728766,balance swapped with trans_id 1083932
FAULT-02524,balance_corruption,trans,1083932,balance swapped with trans_id 728766
FAULT-02525,balance_corruption,trans,563118,balance swapped with trans_id 3646509
FAULT-02526,balance_corruption,trans,3646509,balance swapped with trans_id 563118
FAULT-02527,balance_corruption,trans,860168,balance swapped with trans_id 3442070
FAULT-02528,balance_corruption,trans,3442070,balance swapped with trans_id 860168
FAULT-02529,balance_corruption,trans,198987,balance 33970.9 -> 271856.6
FAULT-02530,balance_corruption,trans,1126347,balance 57483.9 -> 862240.0
FAULT-02531,balance_corruption,trans,3610939,balance 49899.3 -> -399081.7
FAULT-02532,balance_corruption,trans,1752748,balance swapped with trans_id 97114
FAULT-02533,balance_corruption,trans,97114,balance swapped with trans_id 1752748
FAULT-02534,balance_corruption,trans,1038060,balance swapped with trans_id 2984322
FAULT-02535,balance_corruption,trans,2984322,balance swapped with trans_id 1038060
FAULT-02536,balance_corruption,trans,574210,balance 13619.3 -> 108983.5
FAULT-02537,balance_corruption,trans,189909,balance 14859.1 -> -118903.1
FAULT-02538,balance_corruption,trans,582879,balance swapped with trans_id 732856
FAULT-02539,balance_corruption,trans,732856,balance swapped with trans_id 582879
FAULT-02540,balance_corruption,trans,579431,balance swapped with trans_id 3613066
FAULT-02541,balance_corruption,trans,3613066,balance swapped with trans_id 579431
FAULT-02542,balance_corruption,trans,1188250,balance swapped with trans_id 315619
FAULT-02543,balance_corruption,trans,315619,balance swapped with trans_id 1188250
FAULT-02544,balance_corruption,trans,674269,balance 64077.5 -> -64070.5
FAULT-02545,balance_corruption,trans,735798,balance swapped with trans_id 3579689
FAULT-02546,balance_corruption,trans,3579689,balance swapped with trans_id 735798
FAULT-02547,balance_corruption,trans,3456955,balance 48978.1 -> 391803.1
FAULT-02548,balance_corruption,trans,527598,balance 94372.1 -> 1415554.5
FAULT-02549,balance_corruption,trans,853560,balance 37270.5 -> 558980.0
FAULT-02550,balance_corruption,trans,1130399,balance 29674.5 -> -29652.0
FAULT-02551,balance_corruption,trans,759043,balance swapped with trans_id 246697
FAULT-02552,balance_corruption,trans,246697,balance swapped with trans_id 759043
FAULT-02553,balance_corruption,trans,522504,balance 31513.7 -> 252089.4
FAULT-02554,balance_corruption,trans,186244,balance 29011.7 -> 435068.0
FAULT-02555,balance_corruption,trans,996048,balance swapped with trans_id 475510
FAULT-02556,balance_corruption,trans,475510,balance swapped with trans_id 996048
FAULT-02557,balance_corruption,trans,71385,balance 15275.8 -> 229182.3
FAULT-02558,balance_corruption,trans,1001897,balance 29606.8 -> -236835.8
FAULT-02559,balance_corruption,trans,2521969,balance 30522.0 -> -30542.1
FAULT-02560,balance_corruption,trans,3599965,balance 15796.4 -> 126354.5
FAULT-02561,balance_corruption,trans,1754619,balance swapped with trans_id 1150344
FAULT-02562,balance_corruption,trans,1150344,balance swapped with trans_id 1754619
FAULT-02563,balance_corruption,trans,3682418,balance 30100.5 -> -30062.6
FAULT-02564,balance_corruption,trans,3541780,balance 21421.7 -> 321317.5
FAULT-02565,balance_corruption,trans,288410,balance 17356.4 -> 138774.8
FAULT-02566,balance_corruption,trans,947230,balance 29327.8 -> 439865.5
FAULT-02567,balance_corruption,trans,141135,balance 91295.7 -> -730365.4
FAULT-02568,balance_corruption,trans,39993,balance 19695.6 -> 295407.1
FAULT-02569,balance_corruption,trans,247810,balance 64284.4 -> 514211.2
FAULT-02570,balance_corruption,trans,550378,balance 30919.1 -> 247395.4
FAULT-02571,balance_corruption,trans,3145294,balance 25892.8 -> 207190.3
FAULT-02572,balance_corruption,trans,2301527,balance 92800.8 -> 742417.1
FAULT-02573,balance_corruption,trans,1112654,balance 21439.9 -> -171482.1
FAULT-02574,balance_corruption,trans,1069700,balance swapped with trans_id 530599
FAULT-02575,balance_corruption,trans,530599,balance swapped with trans_id 1069700
FAULT-02576,balance_corruption,trans,2094826,balance 27112.6 -> -27130.9
FAULT-02577,balance_corruption,trans,1039010,balance 17570.7 -> 263601.4
FAULT-02578,balance_corruption,trans,110264,balance 33897.2 -> -271123.2
FAULT-02579,balance_corruption,trans,102396,balance 50358.9 -> -50357.8
FAULT-02580,balance_corruption,trans,756696,balance 78860.9 -> -630939.7
FAULT-02581,balance_corruption,trans,212547,balance 19371.0 -> -154969.3
FAULT-02582,balance_corruption,trans,3424088,balance swapped with trans_id 3574271
FAULT-02583,balance_corruption,trans,3574271,balance swapped with trans_id 3424088
FAULT-02584,balance_corruption,trans,3561846,balance swapped with trans_id 129516
FAULT-02585,balance_corruption,trans,129516,balance swapped with trans_id 3561846
FAULT-02586,balance_corruption,trans,2135627,balance 92199.8 -> 1382991.3
FAULT-02587,balance_corruption,trans,167012,balance 24337.0 -> 365128.9
FAULT-02588,balance_corruption,trans,659193,balance 28664.8 -> -229299.9
FAULT-02589,balance_corruption,trans,1180543,balance 31812.1 -> -254646.4
FAULT-02590,balance_corruption,trans,638503,balance 30504.6 -> 244026.6
FAULT-02591,balance_corruption,trans,688464,balance 54523.2 -> 817867.2
FAULT-02592,balance_corruption,trans,304456,balance 16228.1 -> 129803.3
FAULT-02593,balance_corruption,trans,848330,balance swapped with trans_id 1138751
FAULT-02594,balance_corruption,trans,1138751,balance swapped with trans_id 848330
FAULT-02595,balance_corruption,trans,1791463,balance 10763.9 -> 161389.5
FAULT-02596,balance_corruption,trans,238374,balance 19026.5 -> 285430.9
FAULT-02597,balance_corruption,trans,38122,balance 20102.8 -> -20051.2
FAULT-02598,balance_corruption,trans,1037131,balance 24498.6 -> 196032.4
FAULT-02599,balance_corruption,trans,206256,balance 19701.1 -> -157656.2
FAULT-02600,balance_corruption,trans,469628,balance swapped with trans_id 2910748
FAULT-02601,balance_corruption,trans,2910748,balance swapped with trans_id 469628
FAULT-02602,balance_corruption,trans,557289,balance 28946.0 -> -231591.0
FAULT-02603,balance_corruption,trans,3461816,balance swapped with trans_id 3640562
FAULT-02604,balance_corruption,trans,3640562,balance swapped with trans_id 3461816
FAULT-02605,balance_corruption,trans,3446967,balance swapped with trans_id 1153703
FAULT-02606,balance_corruption,trans,1153703,balance swapped with trans_id 3446967
FAULT-02607,balance_corruption,trans,3637933,balance swapped with trans_id 2722004
FAULT-02608,balance_corruption,trans,2722004,balance swapped with trans_id 3637933
FAULT-02609,balance_corruption,trans,1295312,balance 23684.0 -> -23640.4
FAULT-02610,balance_corruption,trans,3644498,balance 39784.7 -> 318313.2
FAULT-02611,balance_corruption,trans,3449382,balance 57447.0 -> 459612.1
FAULT-02612,balance_corruption,trans,669700,balance swapped with trans_id 748309
FAULT-02613,balance_corruption,trans,748309,balance swapped with trans_id 669700
FAULT-02614,balance_corruption,trans,317529,balance swapped with trans_id 320475
FAULT-02615,balance_corruption,trans,320475,balance swapped with trans_id 317529
FAULT-02616,balance_corruption,trans,680319,balance 42582.9 -> -42548.3
FAULT-02617,balance_corruption,trans,918015,balance 24765.0 -> -198125.2
FAULT-02618,balance_corruption,trans,1109350,balance 43050.9 -> -344447.3
FAULT-02619,balance_corruption,trans,139448,balance 23640.3 -> 354644.4
FAULT-02620,balance_corruption,trans,383442,balance swapped with trans_id 1273994
FAULT-02621,balance_corruption,trans,1273994,balance swapped with trans_id 383442
FAULT-02622,balance_corruption,trans,628704,balance swapped with trans_id 1001321
FAULT-02623,balance_corruption,trans,1001321,balance swapped with trans_id 628704
FAULT-02624,balance_corruption,trans,1154258,balance 45391.6 -> 363203.5
FAULT-02625,balance_corruption,trans,729843,balance 32483.2 -> -32463.7
FAULT-02626,balance_corruption,trans,340623,balance 70072.3 -> 1051096.8
FAULT-02627,balance_corruption,trans,342301,balance 36971.4 -> -295780.1
FAULT-02628,balance_corruption,trans,145618,balance 34047.1 -> 510772.8
FAULT-02629,balance_corruption,trans,548210,balance swapped with trans_id 502841
FAULT-02630,balance_corruption,trans,502841,balance swapped with trans_id 548210
FAULT-02631,balance_corruption,trans,2120505,balance 38769.5 -> 581532.7
FAULT-02632,balance_corruption,trans,835596,balance swapped with trans_id 3640773
FAULT-02633,balance_corruption,trans,3640773,balance swapped with trans_id 835596
FAULT-02634,balance_corruption,trans,3494108,balance 39959.0 -> -319612.3
FAULT-02635,balance_corruption,trans,2477552,balance swapped with trans_id 355535
FAULT-02636,balance_corruption,trans,355535,balance swapped with trans_id 2477552
FAULT-02637,balance_corruption,trans,692116,balance 24930.0 -> 199460.5
FAULT-02638,balance_corruption,trans,853056,balance 16165.1 -> -16220.0
FAULT-02639,balance_corruption,trans,3632650,balance 18494.2 -> 277394.3
FAULT-02640,balance_corruption,trans,543127,balance swapped with trans_id 282095
FAULT-02641,balance_corruption,trans,282095,balance swapped with trans_id 543127
FAULT-02642,balance_corruption,trans,3542438,balance 18182.1 -> -145492.3
FAULT-02643,balance_corruption,trans,56953,balance 29960.9 -> -239744.9
FAULT-02644,balance_corruption,trans,1316081,balance 7897.0 -> 63244.1
FAULT-02645,balance_corruption,trans,668315,balance swapped with trans_id 989768
FAULT-02646,balance_corruption,trans,989768,balance swapped with trans_id 668315
FAULT-02647,balance_corruption,trans,670343,balance 56078.7 -> -448558.1
FAULT-02648,balance_corruption,trans,10286,balance swapped with trans_id 3655404
FAULT-02649,balance_corruption,trans,3655404,balance swapped with trans_id 10286
FAULT-02650,balance_corruption,trans,29368,balance swapped with trans_id 2121824
FAULT-02651,balance_corruption,trans,2121824,balance swapped with trans_id 29368
FAULT-02652,balance_corruption,trans,3587695,balance 43522.4 -> -348194.6
FAULT-02653,balance_corruption,trans,1035499,balance 21010.0 -> 315152.4
FAULT-02654,balance_corruption,trans,1579246,balance 33199.6 -> -33158.7
FAULT-02655,balance_corruption,trans,3646215,balance 17252.2 -> 137943.8
FAULT-02656,balance_corruption,trans,746044,balance swapped with trans_id 798925
FAULT-02657,balance_corruption,trans,798925,balance swapped with trans_id 746044
FAULT-02658,balance_corruption,trans,727947,balance 25324.1 -> 202585.4
FAULT-02659,balance_corruption,trans,309476,balance 30430.6 -> 243371.3
FAULT-02660,balance_corruption,trans,306193,balance 36583.0 -> 548738.9
FAULT-02661,balance_corruption,trans,548819,balance 33005.8 -> 495023.0
FAULT-02662,balance_corruption,trans,3596726,balance 52638.2 -> -52572.5
FAULT-02663,balance_corruption,trans,846204,balance swapped with trans_id 420306
FAULT-02664,balance_corruption,trans,420306,balance swapped with trans_id 846204
FAULT-02665,balance_corruption,trans,819725,balance 77210.0 -> 1158113.6
FAULT-02666,balance_corruption,trans,486506,balance 19419.8 -> -155425.1
FAULT-02667,balance_corruption,trans,695846,balance swapped with trans_id 795666
FAULT-02668,balance_corruption,trans,795666,balance swapped with trans_id 695846
FAULT-02669,balance_corruption,trans,3292901,balance 104270.2 -> 834159.9
FAULT-02670,balance_corruption,trans,917794,balance 30616.9 -> -245012.9
FAULT-02671,balance_corruption,trans,268785,balance 18427.2 -> -18497.8
FAULT-02672,balance_corruption,trans,865522,balance 25072.9 -> -200610.4
FAULT-02673,balance_corruption,trans,1145425,balance swapped with trans_id 241030
FAULT-02674,balance_corruption,trans,241030,balance swapped with trans_id 1145425
FAULT-02675,balance_corruption,trans,1014820,balance swapped with trans_id 1021456
FAULT-02676,balance_corruption,trans,1021456,balance swapped with trans_id 1014820
FAULT-02677,balance_corruption,trans,471051,balance 51368.0 -> 410939.1
FAULT-02678,balance_corruption,trans,1141229,balance 36451.8 -> 291654.8
FAULT-02679,balance_corruption,trans,3577489,balance 50385.2 -> -403198.8
FAULT-02680,balance_corruption,trans,1466436,balance 13200.0 -> 198087.2
FAULT-02681,balance_corruption,trans,2841220,balance swapped with trans_id 3438347
FAULT-02682,balance_corruption,trans,3438347,balance swapped with trans_id 2841220
FAULT-02683,balance_corruption,trans,3573711,balance 37751.4 -> -37693.9
FAULT-02684,balance_corruption,trans,2472497,balance swapped with trans_id 416368
FAULT-02685,balance_corruption,trans,416368,balance swapped with trans_id 2472497
FAULT-02686,balance_corruption,trans,119276,balance swapped with trans_id 3650616
FAULT-02687,balance_corruption,trans,3650616,balance swapped with trans_id 119276
FAULT-02688,balance_corruption,trans,3459703,balance 16361.5 -> 130865.9
FAULT-02689,balance_corruption,trans,783980,balance 26279.8 -> -210207.0
FAULT-02690,balance_corruption,trans,2893315,balance 37228.3 -> -37190.7
FAULT-02691,balance_corruption,trans,616373,balance 23468.0 -> -23470.6
FAULT-02692,balance_corruption,trans,169063,balance 34192.6 -> 512894.9
FAULT-02693,balance_corruption,trans,603043,balance 32353.0 -> -32413.4
FAULT-02694,balance_corruption,trans,3213651,balance swapped with trans_id 3616806
FAULT-02695,balance_corruption,trans,3616806,balance swapped with trans_id 3213651
FAULT-02696,balance_corruption,trans,258782,balance swapped with trans_id 563097
FAULT-02697,balance_corruption,trans,563097,balance swapped with trans_id 258782
FAULT-02698,balance_corruption,trans,391371,balance 27435.1 -> 411570.3
FAULT-02699,balance_corruption,trans,279919,balance 29142.1 -> 233129.5
FAULT-02700,balance_corruption,trans,883798,balance 17761.4 -> 266445.1
FAULT-02701,balance_corruption,trans,325306,balance 29334.0 -> -29292.8
FAULT-02702,balance_corruption,trans,2590023,balance 45403.0 -> 681018.1
FAULT-02703,balance_corruption,trans,1032919,balance 27937.8 -> 223582.6
FAULT-02704,balance_corruption,trans,135068,balance 42139.7 -> 337132.5
FAULT-02705,balance_corruption,trans,384195,balance 34039.3 -> 272318.2
FAULT-02706,balance_corruption,trans,141204,balance 46980.1 -> -375815.1
FAULT-02707,balance_corruption,trans,374427,balance 29872.7 -> -238999.8
FAULT-02708,balance_corruption,trans,2308001,balance 38063.2 -> -38041.4
FAULT-02709,balance_corruption,trans,3454220,balance 33404.7 -> 501020.1
FAULT-02710,balance_corruption,trans,16563,balance 57316.8 -> -458640.1
FAULT-02711,balance_corruption,trans,963400,balance 25355.8 -> 202786.5
FAULT-02712,balance_corruption,trans,3461684,balance 5997.4 -> -5986.4
FAULT-02713,balance_corruption,trans,791057,balance 27414.3 -> -27443.1
FAULT-02714,balance_corruption,trans,768192,balance 33314.8 -> 499754.5
FAULT-02715,balance_corruption,trans,266558,balance 400.0 -> -424.0
FAULT-02716,balance_corruption,trans,20780,balance 94270.0 -> -754157.4
FAULT-02717,balance_corruption,trans,323829,balance 44698.0 -> -357528.2
FAULT-02718,balance_corruption,trans,3664058,balance swapped with trans_id 622135
FAULT-02719,balance_corruption,trans,622135,balance swapped with trans_id 3664058
FAULT-02720,balance_corruption,trans,3235755,balance 41547.0 -> -332376.0
FAULT-02721,balance_corruption,trans,3614811,balance swapped with trans_id 537034
FAULT-02722,balance_corruption,trans,537034,balance swapped with trans_id 3614811
FAULT-02723,balance_corruption,trans,770918,balance 29745.6 -> 237965.6
FAULT-02724,balance_corruption,trans,380776,balance swapped with trans_id 547902
FAULT-02725,balance_corruption,trans,547902,balance swapped with trans_id 380776
FAULT-02726,balance_corruption,trans,3633702,balance swapped with trans_id 1157039
FAULT-02727,balance_corruption,trans,1157039,balance swapped with trans_id 3633702
FAULT-02728,balance_corruption,trans,3633924,balance 24854.0 -> -198871.6
FAULT-02729,balance_corruption,trans,132706,balance 39783.1 -> -39847.6
FAULT-02730,balance_corruption,trans,403434,balance 21154.7 -> 169215.1
FAULT-02731,balance_corruption,trans,848127,balance 12477.4 -> -99741.4
FAULT-02732,balance_corruption,trans,1061819,balance swapped with trans_id 385621
FAULT-02733,balance_corruption,trans,385621,balance swapped with trans_id 1061819
FAULT-02734,balance_corruption,trans,656778,balance 27511.0 -> 412628.8
FAULT-02735,balance_corruption,trans,108211,balance 57761.0 -> -462031.4
FAULT-02736,balance_corruption,trans,92796,balance 32707.3 -> -32736.4
FAULT-02737,balance_corruption,trans,491062,balance 19075.6 -> 286175.3
FAULT-02738,balance_corruption,trans,2730515,balance 60930.3 -> 914000.7
FAULT-02739,balance_corruption,trans,323180,balance 52390.5 -> 419158.8
FAULT-02740,balance_corruption,trans,3629945,balance 13948.7 -> 209145.0
FAULT-02741,balance_corruption,trans,798456,balance 20226.8 -> -161874.6
FAULT-02742,balance_corruption,trans,1108074,balance 98735.4 -> 789860.2
FAULT-02743,balance_corruption,trans,637310,balance 14554.2 -> -14640.5
FAULT-02744,balance_corruption,trans,519270,balance 14630.8 -> 117029.2
FAULT-02745,balance_corruption,trans,1089771,balance 22776.4 -> 341592.6
FAULT-02746,balance_corruption,trans,172345,balance swapped with trans_id 1897510
FAULT-02747,balance_corruption,trans,1897510,balance swapped with trans_id 172345
FAULT-02748,balance_corruption,trans,1203028,balance 25693.7 -> -25652.1
FAULT-02749,balance_corruption,trans,1138853,balance swapped with trans_id 176677
FAULT-02750,balance_corruption,trans,176677,balance swapped with trans_id 1138853
FAULT-02751,balance_corruption,trans,1055057,balance 90257.3 -> 721960.1
FAULT-02752,balance_corruption,trans,188471,balance 32939.7 -> -263507.5
FAULT-02753,balance_corruption,trans,3035495,balance swapped with trans_id 3467490
FAULT-02754,balance_corruption,trans,3467490,balance swapped with trans_id 3035495
FAULT-02755,balance_corruption,trans,506674,balance 28119.3 -> 224934.0
FAULT-02756,balance_corruption,trans,3629563,balance 36297.3 -> -290428.5
FAULT-02757,balance_corruption,trans,1066783,balance swapped with trans_id 328568
FAULT-02758,balance_corruption,trans,328568,balance swapped with trans_id 1066783
FAULT-02759,balance_corruption,trans,493094,balance 29067.0 -> -232544.3
FAULT-02760,balance_corruption,trans,54604,balance 46316.5 -> 370623.0
FAULT-02761,balance_corruption,trans,2797213,balance 22694.4 -> 340291.4
FAULT-02762,balance_corruption,trans,1117008,balance 22193.2 -> -177450.3
FAULT-02763,balance_corruption,trans,3654963,balance swapped with trans_id 1097305
FAULT-02764,balance_corruption,trans,1097305,balance swapped with trans_id 3654963
FAULT-02765,balance_corruption,trans,183502,balance 57477.3 -> 862135.0
FAULT-02766,balance_corruption,trans,306477,balance swapped with trans_id 484748
FAULT-02767,balance_corruption,trans,484748,balance swapped with trans_id 306477
FAULT-02768,balance_corruption,trans,463036,balance 38249.5 -> 306003.9
FAULT-02769,balance_corruption,trans,6971,balance 30540.3 -> 458112.7
FAULT-02770,balance_corruption,trans,497336,balance swapped with trans_id 499143
FAULT-02771,balance_corruption,trans,499143,balance swapped with trans_id 497336
FAULT-02772,balance_corruption,trans,900910,balance 43836.6 -> -43765.4
FAULT-02773,balance_corruption,trans,494945,balance 11678.0 -> 93395.5
FAULT-02774,balance_corruption,trans,274722,balance 23687.6 -> 189478.0
FAULT-02775,balance_corruption,trans,162137,balance swapped with trans_id 14186
FAULT-02776,balance_corruption,trans,14186,balance swapped with trans_id 162137
FAULT-02777,balance_corruption,trans,3423087,balance 52821.4 -> 792284.0
FAULT-02778,balance_corruption,trans,1073467,balance 32600.0 -> -32539.9
FAULT-02779,balance_corruption,trans,2287882,balance 40647.1 -> -325225.8
FAULT-02780,balance_corruption,trans,1153251,balance 30575.5 -> -244548.5
FAULT-02781,balance_corruption,trans,3353872,balance 30891.6 -> 463451.0
FAULT-02782,balance_corruption,trans,236516,balance swapped with trans_id 171987
FAULT-02783,balance_corruption,trans,171987,balance swapped with trans_id 236516
FAULT-02784,balance_corruption,trans,3624872,balance 73529.9 -> -73666.8
FAULT-02785,balance_corruption,trans,2451969,balance 15429.7 -> -123460.5
FAULT-02786,balance_corruption,trans,1127682,balance 26528.5 -> 212229.8
FAULT-02787,balance_corruption,trans,479933,balance swapped with trans_id 3614427
FAULT-02788,balance_corruption,trans,3614427,balance swapped with trans_id 479933
FAULT-02789,balance_corruption,trans,739459,balance 24732.9 -> 197897.2
FAULT-02790,balance_corruption,trans,579798,balance 23005.3 -> -23005.9
FAULT-02791,balance_corruption,trans,1154342,balance swapped with trans_id 477136
FAULT-02792,balance_corruption,trans,477136,balance swapped with trans_id 1154342
FAULT-02793,balance_corruption,trans,299263,balance 40728.0 -> 610928.0
FAULT-02794,balance_corruption,trans,1137606,balance 27789.9 -> 416832.9
FAULT-02795,balance_corruption,trans,3409810,balance 22529.3 -> -180287.2
FAULT-02796,balance_corruption,trans,3527309,balance 29904.3 -> 448583.4
FAULT-02797,balance_corruption,trans,951089,balance swapped with trans_id 1523859
FAULT-02798,balance_corruption,trans,1523859,balance swapped with trans_id 951089
FAULT-02799,balance_corruption,trans,2042792,balance 19101.1 -> 286455.8
FAULT-02800,balance_corruption,trans,432701,balance 32666.8 -> -32638.9
FAULT-02801,balance_corruption,trans,528558,balance 56711.1 -> -453724.7
FAULT-02802,balance_corruption,trans,3447601,balance swapped with trans_id 359555
FAULT-02803,balance_corruption,trans,359555,balance swapped with trans_id 3447601
FAULT-02804,balance_corruption,trans,857271,balance 18888.5 -> 151129.9
FAULT-02805,balance_corruption,trans,582969,balance 43902.5 -> 658493.2
FAULT-02806,balance_corruption,trans,1977188,balance 38446.9 -> 307600.9
FAULT-02807,balance_corruption,trans,3586162,balance 18170.7 -> -18128.4
FAULT-02808,balance_corruption,trans,621892,balance 21023.9 -> -21026.3
FAULT-02809,balance_corruption,trans,3642684,balance 35144.6 -> -281166.7
FAULT-02810,balance_corruption,trans,146592,balance swapped with trans_id 377406
FAULT-02811,balance_corruption,trans,377406,balance swapped with trans_id 146592
FAULT-02812,balance_corruption,trans,3448654,balance swapped with trans_id 2979035
FAULT-02813,balance_corruption,trans,2979035,balance swapped with trans_id 3448654
FAULT-02814,balance_corruption,trans,976480,balance 62765.0 -> -502080.7
FAULT-02815,balance_corruption,trans,698075,balance swapped with trans_id 1100473
FAULT-02816,balance_corruption,trans,1100473,balance swapped with trans_id 698075
FAULT-02817,balance_corruption,trans,3498324,balance 23561.2 -> -188564.1
FAULT-02818,balance_corruption,trans,3637105,balance 20722.2 -> -165774.6
FAULT-02819,balance_corruption,trans,1263654,balance 60245.9 -> 481899.4
FAULT-02820,balance_corruption,trans,3586568,balance 6362.1 -> 50863.7
FAULT-02821,balance_corruption,trans,85422,balance 14286.0 -> 114289.2
FAULT-02822,balance_corruption,trans,267973,balance 16534.5 -> 132234.2
FAULT-02823,balance_corruption,trans,995604,balance swapped with trans_id 84358
FAULT-02824,balance_corruption,trans,84358,balance swapped with trans_id 995604
FAULT-02825,balance_corruption,trans,1486376,balance swapped with trans_id 405565
FAULT-02826,balance_corruption,trans,405565,balance swapped with trans_id 1486376
FAULT-02827,balance_corruption,trans,1296524,balance 18229.4 -> 273415.8
FAULT-02828,balance_corruption,trans,1365693,balance 64309.1 -> -64261.1
FAULT-02829,balance_corruption,trans,992793,balance swapped with trans_id 3585316
FAULT-02830,balance_corruption,trans,3585316,balance swapped with trans_id 992793
FAULT-02831,balance_corruption,trans,578808,balance 66001.2 -> -527930.8
FAULT-02832,balance_corruption,trans,124853,balance swapped with trans_id 49506
FAULT-02833,balance_corruption,trans,49506,balance swapped with trans_id 124853
FAULT-02834,balance_corruption,trans,515512,balance 43790.1 -> -43812.8
FAULT-02835,balance_corruption,trans,837944,balance 30522.9 -> -244190.1
FAULT-02836,balance_corruption,trans,84493,balance 11411.7 -> -11437.6
FAULT-02837,balance_corruption,trans,842103,balance 35173.7 -> 281434.8
FAULT-02838,balance_corruption,trans,115274,balance 23209.5 -> -185608.0
FAULT-02839,balance_corruption,trans,3478237,balance swapped with trans_id 495151
FAULT-02840,balance_corruption,trans,495151,balance swapped with trans_id 3478237
FAULT-02841,balance_corruption,trans,1876472,balance 32563.4 -> -260511.0
FAULT-02842,balance_corruption,trans,3514486,balance swapped with trans_id 754007
FAULT-02843,balance_corruption,trans,754007,balance swapped with trans_id 3514486
FAULT-02844,balance_corruption,trans,1244000,balance 86787.9 -> 1301799.2
FAULT-02845,balance_corruption,trans,3446084,balance swapped with trans_id 3547217
FAULT-02846,balance_corruption,trans,3547217,balance swapped with trans_id 3446084
FAULT-02847,balance_corruption,trans,152362,balance swapped with trans_id 3580361
FAULT-02848,balance_corruption,trans,3580361,balance swapped with trans_id 152362
FAULT-02849,balance_corruption,trans,567685,balance 14399.5 -> -115146.9
FAULT-02850,balance_corruption,trans,1147272,balance 26336.8 -> 210751.3
FAULT-02851,balance_corruption,trans,2833877,balance 85700.4 -> 1285532.1
FAULT-02852,balance_corruption,trans,263245,balance 22292.2 -> 334320.6
FAULT-02853,balance_corruption,trans,447847,balance swapped with trans_id 1681834
FAULT-02854,balance_corruption,trans,1681834,balance swapped with trans_id 447847
FAULT-02855,balance_corruption,trans,1781597,balance 42622.2 -> -42676.4
FAULT-02856,balance_corruption,trans,444057,balance 15605.0 -> -15580.3
FAULT-02857,balance_corruption,trans,929024,balance 52967.6 -> 423759.4
FAULT-02858,balance_corruption,trans,26327,balance 22372.6 -> 178958.6
FAULT-02859,balance_corruption,trans,716190,balance swapped with trans_id 1157105
FAULT-02860,balance_corruption,trans,1157105,balance swapped with trans_id 716190
FAULT-02861,balance_corruption,trans,3324500,balance swapped with trans_id 1167527
FAULT-02862,balance_corruption,trans,1167527,balance swapped with trans_id 3324500
FAULT-02863,balance_corruption,trans,1228474,balance 22846.7 -> -182787.1
FAULT-02864,balance_corruption,trans,387452,balance 16731.8 -> 133914.0
FAULT-02865,balance_corruption,trans,316489,balance 26697.2 -> 213584.7
FAULT-02866,balance_corruption,trans,55450,balance 147613.6 -> -1180854.5
FAULT-02867,balance_corruption,trans,1659316,balance 28706.1 -> 229619.1
FAULT-02868,balance_corruption,trans,403810,balance 58621.3 -> 469015.1
FAULT-02869,balance_corruption,trans,1090306,balance 71492.4 -> 1072469.4
FAULT-02870,balance_corruption,trans,113923,balance 27658.0 -> -221281.1
FAULT-02871,balance_corruption,trans,87828,balance 54773.8 -> 821589.7
FAULT-02872,balance_corruption,trans,2374324,balance swapped with trans_id 3531924
FAULT-02873,balance_corruption,trans,3531924,balance swapped with trans_id 2374324
FAULT-02874,balance_corruption,trans,3613249,balance swapped with trans_id 1168220
FAULT-02875,balance_corruption,trans,1168220,balance swapped with trans_id 3613249
FAULT-02876,balance_corruption,trans,3554132,balance 27302.2 -> -218458.2
FAULT-02877,balance_corruption,trans,255731,balance 11818.3 -> -94529.3
FAULT-02878,balance_corruption,trans,3640225,balance 48523.3 -> -48533.4
FAULT-02879,balance_corruption,trans,3327478,balance 30503.7 -> -244083.3
FAULT-02880,balance_corruption,trans,122744,balance 36447.4 -> -36355.5
FAULT-02881,balance_corruption,trans,207823,balance 9506.4 -> -76052.0
FAULT-02882,balance_corruption,trans,3544057,balance swapped with trans_id 3579292
FAULT-02883,balance_corruption,trans,3579292,balance swapped with trans_id 3544057
FAULT-02884,balance_corruption,trans,3535301,balance 17801.1 -> -17697.3
FAULT-02885,balance_corruption,trans,641427,balance 47739.3 -> -381972.5
FAULT-02886,balance_corruption,trans,413699,balance swapped with trans_id 3551391
FAULT-02887,balance_corruption,trans,3551391,balance swapped with trans_id 413699
FAULT-02888,balance_corruption,trans,728124,balance 28460.2 -> 426871.9
FAULT-02889,balance_corruption,trans,1027512,balance 47347.4 -> 710245.1
FAULT-02890,balance_corruption,trans,909661,balance 31827.6 -> 254665.8
FAULT-02891,balance_corruption,trans,255974,balance 38322.4 -> -38200.4
FAULT-02892,balance_corruption,trans,489967,balance 48022.7 -> 720389.6
FAULT-02893,balance_corruption,trans,1460096,balance 42187.0 -> 632761.5
FAULT-02894,balance_corruption,trans,176115,balance swapped with trans_id 3629739
FAULT-02895,balance_corruption,trans,3629739,balance swapped with trans_id 176115
FAULT-02896,balance_corruption,trans,709279,balance swapped with trans_id 3524468
FAULT-02897,balance_corruption,trans,3524468,balance swapped with trans_id 709279
FAULT-02898,balance_corruption,trans,3553946,balance 12287.9 -> 184300.5
FAULT-02899,balance_corruption,trans,184036,balance 51709.7 -> 413672.9
FAULT-02900,balance_corruption,trans,296690,balance 48752.3 -> -389946.6
FAULT-02901,balance_corruption,trans,3667579,balance 46925.3 -> 375428.0
FAULT-02902,balance_corruption,trans,115319,balance 21313.2 -> -170482.1
FAULT-02903,balance_corruption,trans,302280,balance 35200.7 -> -281656.4
FAULT-02904,balance_corruption,trans,211954,balance 43223.9 -> 648298.6
FAULT-02905,balance_corruption,trans,3597878,balance 16556.5 -> -16595.3
FAULT-02906,balance_corruption,trans,3619543,balance 58277.3 -> 466176.0
FAULT-02907,balance_corruption,trans,2637,balance swapped with trans_id 305260
FAULT-02908,balance_corruption,trans,305260,balance swapped with trans_id 2637
FAULT-02909,balance_corruption,trans,1008328,balance swapped with trans_id 1241030
FAULT-02910,balance_corruption,trans,1241030,balance swapped with trans_id 1008328
FAULT-02911,balance_corruption,trans,642290,balance 28236.6 -> -28167.0
FAULT-02912,balance_corruption,trans,1160044,balance 32870.1 -> -262935.6
FAULT-02913,balance_corruption,trans,112019,balance 47701.1 -> -47754.8
FAULT-02914,balance_corruption,trans,728770,balance swapped with trans_id 923526
FAULT-02915,balance_corruption,trans,923526,balance swapped with trans_id 728770
FAULT-02916,balance_corruption,trans,501576,balance 49788.6 -> -398389.0
FAULT-02917,balance_corruption,trans,3590087,balance 15235.1 -> 228405.1
FAULT-02918,balance_corruption,trans,587821,balance 64221.3 -> 513777.8
FAULT-02919,balance_corruption,trans,745147,balance 46979.5 -> 704545.5
FAULT-02920,balance_corruption,trans,3455029,balance 27419.4 -> 219399.4
FAULT-02921,balance_corruption,trans,223498,balance 31710.8 -> -31662.0
FAULT-02922,balance_corruption,trans,656146,balance swapped with trans_id 3628016
FAULT-02923,balance_corruption,trans,3628016,balance swapped with trans_id 656146
FAULT-02924,balance_corruption,trans,119925,balance swapped with trans_id 532113
FAULT-02925,balance_corruption,trans,532113,balance swapped with trans_id 119925
FAULT-02926,balance_corruption,trans,436574,balance 23395.7 -> -187213.5
FAULT-02927,balance_corruption,trans,582479,balance 25695.4 -> 205511.0
FAULT-02928,balance_corruption,trans,792675,balance 40326.2 -> -40416.2
FAULT-02929,balance_corruption,trans,870643,balance 30631.9 -> 459494.8
FAULT-02930,balance_corruption,trans,3146012,balance 38678.7 -> -309332.0
FAULT-02931,balance_corruption,trans,707259,balance 25443.1 -> -25406.0
FAULT-02932,balance_corruption,trans,1268185,balance 54383.5 -> 815849.6
FAULT-02933,balance_corruption,trans,265184,balance 13274.7 -> -106210.3
FAULT-02934,balance_corruption,trans,2357123,balance 65425.2 -> 981295.0
FAULT-02935,balance_corruption,trans,3642359,balance swapped with trans_id 166120
FAULT-02936,balance_corruption,trans,166120,balance swapped with trans_id 3642359
FAULT-02937,balance_corruption,trans,3627,balance 35106.2 -> 280932.7
FAULT-02938,balance_corruption,trans,954242,balance swapped with trans_id 3638398
FAULT-02939,balance_corruption,trans,3638398,balance swapped with trans_id 954242
FAULT-02940,balance_corruption,trans,617857,balance 30651.0 -> 245184.2
FAULT-02941,balance_corruption,trans,86915,balance 49427.0 -> -395435.1
FAULT-02942,balance_corruption,trans,117974,balance 48471.8 -> -48473.8
FAULT-02943,balance_corruption,trans,3515386,balance 27738.4 -> 221857.5
FAULT-02944,balance_corruption,trans,609573,balance 19773.9 -> -19751.9
FAULT-02945,balance_corruption,trans,681301,balance 17597.2 -> 263937.4
FAULT-02946,balance_corruption,trans,1135675,balance 15731.5 -> 125847.2
FAULT-02947,balance_corruption,trans,924106,balance 45128.6 -> 676873.4
FAULT-02948,balance_corruption,trans,356199,balance 57578.2 -> 460685.9
FAULT-02949,balance_corruption,trans,119287,balance swapped with trans_id 529031
FAULT-02950,balance_corruption,trans,529031,balance swapped with trans_id 119287
FAULT-02951,balance_corruption,trans,96078,balance swapped with trans_id 775463
FAULT-02952,balance_corruption,trans,775463,balance swapped with trans_id 96078
FAULT-02953,balance_corruption,trans,3540456,balance swapped with trans_id 1424093
FAULT-02954,balance_corruption,trans,1424093,balance swapped with trans_id 3540456
FAULT-02955,balance_corruption,trans,783307,balance 65615.6 -> -65602.2
FAULT-02956,balance_corruption,trans,266576,balance 21421.8 -> 171397.3
FAULT-02957,balance_corruption,trans,1890009,balance 59510.0 -> 476132.1
FAULT-02958,balance_corruption,trans,1127016,balance swapped with trans_id 955767
FAULT-02959,balance_corruption,trans,955767,balance swapped with trans_id 1127016
FAULT-02960,balance_corruption,trans,3630100,balance swapped with trans_id 3656205
FAULT-02961,balance_corruption,trans,3656205,balance swapped with trans_id 3630100
FAULT-02962,balance_corruption,trans,1112725,balance swapped with trans_id 2382784
FAULT-02963,balance_corruption,trans,2382784,balance swapped with trans_id 1112725
FAULT-02964,balance_corruption,trans,312207,balance 28063.0 -> -224508.9
FAULT-02965,balance_corruption,trans,3161991,balance 78616.5 -> 628871.9
FAULT-02966,balance_corruption,trans,242471,balance swapped with trans_id 442076
FAULT-02967,balance_corruption,trans,442076,balance swapped with trans_id 242471
FAULT-02968,balance_corruption,trans,3496400,balance 24252.8 -> 194047.2
FAULT-02969,balance_corruption,trans,713260,balance 16143.9 -> 129173.2
FAULT-02970,balance_corruption,trans,229590,balance 14635.2 -> -117076.6
FAULT-02971,balance_corruption,trans,384315,balance 600.0 -> 4857.5
FAULT-02972,balance_corruption,trans,593283,balance 28668.8 -> 229334.3
FAULT-02973,balance_corruption,trans,375876,balance 16243.0 -> 243638.3
FAULT-02974,balance_corruption,trans,1111704,balance 38288.3 -> 306255.7
FAULT-02975,balance_corruption,trans,811874,balance 27196.6 -> -27190.1
FAULT-02976,balance_corruption,trans,1043141,balance 16113.8 -> -128916.1
FAULT-02977,balance_corruption,trans,2616341,balance 31944.8 -> 479168.0
FAULT-02978,balance_corruption,trans,3624534,balance 21724.1 -> -21747.7
FAULT-02979,balance_corruption,trans,755255,balance 33935.5 -> 271410.7
FAULT-02980,balance_corruption,trans,1258154,balance 19219.8 -> 288297.0
FAULT-02981,balance_corruption,trans,2938647,balance swapped with trans_id 832500
FAULT-02982,balance_corruption,trans,832500,balance swapped with trans_id 2938647
FAULT-02983,balance_corruption,trans,973002,balance swapped with trans_id 799728
FAULT-02984,balance_corruption,trans,799728,balance swapped with trans_id 973002
FAULT-02985,balance_corruption,trans,3642966,balance 19206.2 -> -19256.6
FAULT-02986,balance_corruption,trans,119330,balance swapped with trans_id 456853
FAULT-02987,balance_corruption,trans,456853,balance swapped with trans_id 119330
FAULT-02988,balance_corruption,trans,1299630,balance 20278.5 -> 304244.5
FAULT-02989,balance_corruption,trans,438182,balance 21130.7 -> 169108.8
FAULT-02990,balance_corruption,trans,1281588,balance swapped with trans_id 451307
FAULT-02991,balance_corruption,trans,451307,balance swapped with trans_id 1281588
FAULT-02992,balance_corruption,trans,3608978,balance swapped with trans_id 181302
FAULT-02993,balance_corruption,trans,181302,balance swapped with trans_id 3608978
FAULT-02994,balance_corruption,trans,1065188,balance 15252.8 -> -15255.6
FAULT-02995,balance_corruption,trans,999187,balance swapped with trans_id 3441093
FAULT-02996,balance_corruption,trans,3441093,balance swapped with trans_id 999187
FAULT-02997,balance_corruption,trans,514663,balance 35007.9 -> 280079.0
FAULT-02998,balance_corruption,trans,1437085,balance 45803.4 -> -366431.5
FAULT-02999,balance_corruption,trans,3628885,balance 75209.0 -> 1128125.8
FAULT-03000,balance_corruption,trans,1271268,balance swapped with trans_id 1116605
FAULT-03001,balance_corruption,trans,1116605,balance swapped with trans_id 1271268
FAULT-03002,balance_corruption,trans,3551152,balance 70076.5 -> 1051218.3
FAULT-03003,balance_corruption,trans,1694776,balance 25962.8 -> 207710.4
FAULT-03004,balance_corruption,trans,2819240,balance swapped with trans_id 1353167
FAULT-03005,balance_corruption,trans,1353167,balance swapped with trans_id 2819240
FAULT-03006,balance_corruption,trans,1007519,balance 36439.8 -> -291494.1
FAULT-03007,balance_corruption,trans,1784353,balance swapped with trans_id 855605
FAULT-03008,balance_corruption,trans,855605,balance swapped with trans_id 1784353
FAULT-03009,balance_corruption,trans,784595,balance swapped with trans_id 3681630
FAULT-03010,balance_corruption,trans,3681630,balance swapped with trans_id 784595
FAULT-03011,balance_corruption,trans,82381,balance 14838.4 -> -118762.6
FAULT-03012,balance_corruption,trans,777552,balance swapped with trans_id 257129
FAULT-03013,balance_corruption,trans,257129,balance swapped with trans_id 777552
FAULT-03014,balance_corruption,trans,2626169,balance 16402.5 -> -16464.8
FAULT-03015,balance_corruption,trans,1614373,balance swapped with trans_id 2579520
FAULT-03016,balance_corruption,trans,2579520,balance swapped with trans_id 1614373
FAULT-03017,balance_corruption,trans,62924,balance 25865.0 -> 388007.5
FAULT-03018,balance_corruption,trans,1905318,balance 25576.1 -> -204698.8
FAULT-03019,balance_corruption,trans,861787,balance swapped with trans_id 3655514
FAULT-03020,balance_corruption,trans,3655514,balance swapped with trans_id 861787
FAULT-03021,balance_corruption,trans,895879,balance 70425.4 -> -70468.6
FAULT-03022,balance_corruption,trans,589946,balance 30996.1 -> 248001.8
FAULT-03023,balance_corruption,trans,675153,balance 12483.9 -> 99863.5
FAULT-03024,balance_corruption,trans,597702,balance 63692.4 -> 509535.4
FAULT-03025,balance_corruption,trans,560135,balance swapped with trans_id 3468693
FAULT-03026,balance_corruption,trans,3468693,balance swapped with trans_id 560135
FAULT-03027,balance_corruption,trans,950936,balance 65717.2 -> 985830.1
FAULT-03028,balance_corruption,trans,803511,balance 17991.2 -> -143864.7
FAULT-03029,balance_corruption,trans,3582345,balance 40749.8 -> 611307.3
FAULT-03030,balance_corruption,trans,990390,balance 38563.8 -> 308437.3
FAULT-03031,balance_corruption,trans,894596,balance 73805.6 -> -590380.4
FAULT-03032,balance_corruption,trans,790963,balance swapped with trans_id 102970
FAULT-03033,balance_corruption,trans,102970,balance swapped with trans_id 790963
FAULT-03034,balance_corruption,trans,43715,balance swapped with trans_id 3394111
FAULT-03035,balance_corruption,trans,3394111,balance swapped with trans_id 43715
FAULT-03036,balance_corruption,trans,330555,balance 40403.2 -> 323307.0
FAULT-03037,balance_corruption,trans,614948,balance swapped with trans_id 2687898
FAULT-03038,balance_corruption,trans,2687898,balance swapped with trans_id 614948
FAULT-03039,balance_corruption,trans,1035225,balance 33529.8 -> -33519.5
FAULT-03040,balance_corruption,trans,631930,balance 40277.5 -> 604156.2
FAULT-03041,balance_corruption,trans,1166437,balance swapped with trans_id 250041
FAULT-03042,balance_corruption,trans,250041,balance swapped with trans_id 1166437
FAULT-03043,balance_corruption,trans,2259216,balance 18257.3 -> -18288.5
FAULT-03044,balance_corruption,trans,635313,balance 65085.5 -> 976322.4
FAULT-03045,balance_corruption,trans,255787,balance 17127.4 -> 137005.7
FAULT-03046,balance_corruption,trans,341230,balance swapped with trans_id 3545558
FAULT-03047,balance_corruption,trans,3545558,balance swapped with trans_id 341230
FAULT-03048,balance_corruption,trans,454984,balance 66594.1 -> -66561.5
FAULT-03049,balance_corruption,trans,860160,balance swapped with trans_id 836480
FAULT-03050,balance_corruption,trans,836480,balance swapped with trans_id 860160
FAULT-03051,balance_corruption,trans,3605097,balance 29667.5 -> 445055.9
FAULT-03052,balance_corruption,trans,1073124,balance 13471.2 -> -107763.2
FAULT-03053,balance_corruption,trans,366810,balance swapped with trans_id 1045528
FAULT-03054,balance_corruption,trans,1045528,balance swapped with trans_id 366810
FAULT-03055,balance_corruption,trans,316644,balance swapped with trans_id 924105
FAULT-03056,balance_corruption,trans,924105,balance swapped with trans_id 316644
FAULT-03057,balance_corruption,trans,115641,balance 112780.3 -> 902225.6
FAULT-03058,balance_corruption,trans,3595009,balance 28612.6 -> 228873.5
FAULT-03059,balance_corruption,trans,3511081,balance 22531.7 -> 180252.6
FAULT-03060,balance_corruption,trans,221755,balance 17423.7 -> -139400.3
FAULT-03061,balance_corruption,trans,531479,balance swapped with trans_id 75974
FAULT-03062,balance_corruption,trans,75974,balance swapped with trans_id 531479
FAULT-03063,balance_corruption,trans,142624,balance 35565.1 -> 533474.5
FAULT-03064,balance_corruption,trans,903904,balance 14220.1 -> 113662.2
FAULT-03065,balance_corruption,trans,130502,balance 110839.1 -> -110761.4
FAULT-03066,balance_corruption,trans,656337,balance swapped with trans_id 258289
FAULT-03067,balance_corruption,trans,258289,balance swapped with trans_id 656337
FAULT-03068,balance_corruption,trans,2862339,balance 88820.4 -> -88818.5
FAULT-03069,balance_corruption,trans,587417,balance 35609.6 -> 284904.5
FAULT-03070,balance_corruption,trans,294287,balance swapped with trans_id 2652390
FAULT-03071,balance_corruption,trans,2652390,balance swapped with trans_id 294287
FAULT-03072,balance_corruption,trans,90683,balance swapped with trans_id 479986
FAULT-03073,balance_corruption,trans,479986,balance swapped with trans_id 90683
FAULT-03074,balance_corruption,trans,43035,balance swapped with trans_id 4840
FAULT-03075,balance_corruption,trans,4840,balance swapped with trans_id 43035
FAULT-03076,balance_corruption,trans,944420,balance 20674.0 -> -20728.1
FAULT-03077,balance_corruption,trans,922077,balance swapped with trans_id 3495839
FAULT-03078,balance_corruption,trans,3495839,balance swapped with trans_id 922077
FAULT-03079,balance_corruption,trans,572428,balance swapped with trans_id 3638423
FAULT-03080,balance_corruption,trans,3638423,balance swapped with trans_id 572428
FAULT-03081,balance_corruption,trans,989203,balance 55186.9 -> 827788.1
FAULT-03082,balance_corruption,trans,555780,balance swapped with trans_id 3568217
FAULT-03083,balance_corruption,trans,3568217,balance swapped with trans_id 555780
FAULT-03084,balance_corruption,trans,1080195,balance swapped with trans_id 3207745
FAULT-03085,balance_corruption,trans,3207745,balance swapped with trans_id 1080195
FAULT-03086,balance_corruption,trans,2036678,balance 46803.7 -> 702079.9
FAULT-03087,balance_corruption,trans,3395532,balance swapped with trans_id 941208
FAULT-03088,balance_corruption,trans,941208,balance swapped with trans_id 3395532
FAULT-03089,balance_corruption,trans,860944,balance 106163.3 -> 849221.4
FAULT-03090,balance_corruption,trans,3545192,balance 22632.3 -> 181128.5
FAULT-03091,balance_corruption,trans,3536893,balance 36468.3 -> 291820.8
FAULT-03092,balance_corruption,trans,3637182,balance swapped with trans_id 166581
FAULT-03093,balance_corruption,trans,166581,balance swapped with trans_id 3637182
FAULT-03094,balance_corruption,trans,496816,balance swapped with trans_id 779322
FAULT-03095,balance_corruption,trans,779322,balance swapped with trans_id 496816
FAULT-03096,balance_corruption,trans,1583795,balance 29529.2 -> -29553.2
FAULT-03097,balance_corruption,trans,704880,balance 16861.8 -> -16845.6
FAULT-03098,balance_corruption,trans,1891071,balance 56822.7 -> -56781.9
FAULT-03099,balance_corruption,trans,294341,balance 48262.3 -> 386076.1
FAULT-03100,balance_corruption,trans,83947,balance 30117.6 -> 451713.5
FAULT-03101,balance_corruption,trans,3521275,balance 57832.4 -> 867524.3
FAULT-03102,balance_corruption,trans,154869,balance 25023.0 -> -200181.0
FAULT-03103,balance_corruption,trans,913917,balance 36274.4 -> -36263.7
FAULT-03104,balance_corruption,trans,1014424,balance swapped with trans_id 84739
FAULT-03105,balance_corruption,trans,84739,balance swapped with trans_id 1014424
FAULT-03106,balance_corruption,trans,2106519,balance 4647.0 -> -4640.7
FAULT-03107,balance_corruption,trans,236853,balance 12106.2 -> 96846.9
FAULT-03108,balance_corruption,trans,3594595,balance 45161.8 -> 361393.6
FAULT-03109,balance_corruption,trans,663496,balance swapped with trans_id 121538
FAULT-03110,balance_corruption,trans,121538,balance swapped with trans_id 663496
FAULT-03111,balance_corruption,trans,68992,balance 66172.2 -> -66261.3
FAULT-03112,balance_corruption,trans,3558745,balance swapped with trans_id 2286723
FAULT-03113,balance_corruption,trans,2286723,balance swapped with trans_id 3558745
FAULT-03114,balance_corruption,trans,81054,balance swapped with trans_id 341787
FAULT-03115,balance_corruption,trans,341787,balance swapped with trans_id 81054
FAULT-03116,balance_corruption,trans,1657343,balance swapped with trans_id 2956289
FAULT-03117,balance_corruption,trans,2956289,balance swapped with trans_id 1657343
FAULT-03118,balance_corruption,trans,445367,balance 84160.2 -> 1262420.5
FAULT-03119,balance_corruption,trans,1299758,balance 23090.7 -> -184676.1
FAULT-03120,balance_corruption,trans,887728,balance swapped with trans_id 77033
FAULT-03121,balance_corruption,trans,77033,balance swapped with trans_id 887728
FAULT-03122,balance_corruption,trans,764691,balance 60346.7 -> 482793.5
FAULT-03123,balance_corruption,trans,435622,balance 83892.5 -> 671131.4
FAULT-03124,balance_corruption,trans,1959102,balance 89715.6 -> -717802.3
FAULT-03125,balance_corruption,trans,323661,balance 124819.8 -> 998491.7
FAULT-03126,balance_corruption,trans,274359,balance 49433.6 -> -395546.8
FAULT-03127,balance_corruption,trans,275356,balance swapped with trans_id 274958
FAULT-03128,balance_corruption,trans,274958,balance swapped with trans_id 275356
FAULT-03129,balance_corruption,trans,996599,balance 143922.9 -> 2158846.0
FAULT-03130,balance_corruption,trans,3630569,balance 16434.3 -> -16427.5
FAULT-03131,balance_corruption,trans,968560,balance 23300.2 -> 349481.5
FAULT-03132,balance_corruption,trans,3638910,balance 26021.1 -> 390342.3
FAULT-03133,balance_corruption,trans,107145,balance swapped with trans_id 1548885
FAULT-03134,balance_corruption,trans,1548885,balance swapped with trans_id 107145
FAULT-03135,balance_corruption,trans,3487917,balance 22277.0 -> -178199.6
FAULT-03136,balance_corruption,trans,3664001,balance 47290.7 -> -47346.4
FAULT-03137,balance_corruption,trans,592450,balance 12751.0 -> 101998.7
FAULT-03138,balance_corruption,trans,849302,balance swapped with trans_id 177883
FAULT-03139,balance_corruption,trans,177883,balance swapped with trans_id 849302
FAULT-03140,balance_corruption,trans,798141,balance 14932.1 -> 119354.7
FAULT-03141,balance_corruption,trans,303368,balance 34021.3 -> -34075.0
FAULT-03142,balance_corruption,trans,1095383,balance 80708.1 -> -80688.6
FAULT-03143,balance_corruption,trans,746288,balance 22166.4 -> -177282.1
FAULT-03144,balance_corruption,trans,539647,balance 51818.3 -> -51819.4
FAULT-03145,balance_corruption,trans,594686,balance 23253.2 -> 186062.3
FAULT-03146,balance_corruption,trans,662148,balance 35342.5 -> -35326.2
FAULT-03147,balance_corruption,trans,636972,balance 58350.0 -> -58316.4
FAULT-03148,balance_corruption,trans,144816,balance swapped with trans_id 754575
FAULT-03149,balance_corruption,trans,754575,balance swapped with trans_id 144816
FAULT-03150,balance_corruption,trans,332755,balance swapped with trans_id 65513
FAULT-03151,balance_corruption,trans,65513,balance swapped with trans_id 332755
FAULT-03152,balance_corruption,trans,497541,balance 101761.8 -> -814114.0
FAULT-03153,balance_corruption,trans,2408055,balance 41661.0 -> 624975.1
FAULT-03154,balance_corruption,trans,1302651,balance swapped with trans_id 523369
FAULT-03155,balance_corruption,trans,523369,balance swapped with trans_id 1302651
FAULT-03156,balance_corruption,trans,3314688,balance swapped with trans_id 1008111
FAULT-03157,balance_corruption,trans,1008111,balance swapped with trans_id 3314688
FAULT-03158,balance_corruption,trans,662446,balance swapped with trans_id 420913
FAULT-03159,balance_corruption,trans,420913,balance swapped with trans_id 662446
FAULT-03160,balance_corruption,trans,1716049,balance 18205.4 -> -145685.6
FAULT-03161,balance_corruption,trans,850288,balance swapped with trans_id 238781
FAULT-03162,balance_corruption,trans,238781,balance swapped with trans_id 850288
FAULT-03163,balance_corruption,trans,1098692,balance 29332.3 -> 234743.2
FAULT-03164,balance_corruption,trans,3500863,balance 40643.4 -> 609639.2
FAULT-03165,balance_corruption,trans,3567540,balance 44657.7 -> -44610.0
FAULT-03166,balance_corruption,trans,2454211,balance 11803.6 -> 94379.8
FAULT-03167,balance_corruption,trans,120529,balance 55322.0 -> -442612.7
FAULT-03168,balance_corruption,trans,770186,balance swapped with trans_id 128673
FAULT-03169,balance_corruption,trans,128673,balance swapped with trans_id 770186
FAULT-03170,balance_corruption,trans,307160,balance 21067.5 -> 168563.3
FAULT-03171,balance_corruption,trans,554479,balance swapped with trans_id 1039717
FAULT-03172,balance_corruption,trans,1039717,balance swapped with trans_id 554479
FAULT-03173,balance_corruption,trans,291060,balance swapped with trans_id 3538000
FAULT-03174,balance_corruption,trans,3538000,balance swapped with trans_id 291060
FAULT-03175,balance_corruption,trans,887616,balance 19389.9 -> 155071.3
FAULT-03176,balance_corruption,trans,760853,balance 19699.1 -> -19734.3
FAULT-03177,balance_corruption,trans,796901,balance 17815.8 -> 267226.3
FAULT-03178,balance_corruption,trans,2383432,balance swapped with trans_id 145607
FAULT-03179,balance_corruption,trans,145607,balance swapped with trans_id 2383432
FAULT-03180,balance_corruption,trans,410467,balance 33946.2 -> -34023.0
FAULT-03181,balance_corruption,trans,2963763,balance 43823.9 -> 350571.4
FAULT-03182,balance_corruption,trans,267257,balance 22806.1 -> 182528.4
FAULT-03183,balance_corruption,trans,694390,balance swapped with trans_id 967466
FAULT-03184,balance_corruption,trans,967466,balance swapped with trans_id 694390
FAULT-03185,balance_corruption,trans,83355,balance 22144.0 -> -22162.8
FAULT-03186,balance_corruption,trans,2374356,balance 35369.7 -> -282932.9
FAULT-03187,balance_corruption,trans,1131263,balance 54715.2 -> -54672.2
FAULT-03188,balance_corruption,trans,3634753,balance swapped with trans_id 1061684
FAULT-03189,balance_corruption,trans,1061684,balance swapped with trans_id 3634753
FAULT-03190,balance_corruption,trans,3612229,balance swapped with trans_id 153423
FAULT-03191,balance_corruption,trans,153423,balance swapped with trans_id 3612229
FAULT-03192,balance_corruption,trans,3134855,balance 55650.7 -> 445213.1
FAULT-03193,balance_corruption,trans,956477,balance swapped with trans_id 956595
FAULT-03194,balance_corruption,trans,956595,balance swapped with trans_id 956477
FAULT-03195,balance_corruption,trans,406406,balance 34800.2 -> 521975.7
FAULT-03196,balance_corruption,trans,678420,balance 66698.4 -> 1000521.0
FAULT-03197,balance_corruption,trans,1470797,balance 88062.0 -> 1320865.9
FAULT-03198,balance_corruption,trans,98424,balance 17299.9 -> -138311.9
FAULT-03199,balance_corruption,trans,497447,balance 32643.5 -> 489711.3
FAULT-03200,temporal_violations,trans,43696,date 960331 -> 930422 (account_id 146)
FAULT-03201,temporal_violations,trans,3662365,date 980331 -> 991203 (account_id 4033)
FAULT-03202,temporal_violations,trans,2355729,date 980630 -> 921128 (account_id 7769)
FAULT-03203,temporal_violations,trans,1157124,date 940107 -> 921006 (account_id 3960)
FAULT-03204,temporal_violations,trans,1096561,date 950331 -> 930919 (account_id 3747)
FAULT-03205,temporal_violations,trans,244982,date 970307 -> 930701 (account_id 841)
FAULT-03206,temporal_violations,trans,45059,date 940513 -> 921222 (account_id 151)
FAULT-03207,temporal_violations,trans,3464462,date 940930 -> 930430 (account_id 3003)
FAULT-03208,temporal_violations,trans,3560549,date 971231 -> 320 (account_id 912)
FAULT-03209,temporal_violations,trans,1099304,date 981105 -> 941219 (account_id 3755)
FAULT-03210,temporal_violations,trans,3574211,date 980930 -> 990927 (account_id 1326)
FAULT-03211,temporal_violations,trans,601866,date 980513 -> 930919 (account_id 2050)
FAULT-03212,temporal_violations,trans,223753,date 980217 -> 940109 (account_id 761)
FAULT-03213,temporal_violations,trans,229521,date 960512 -> 990530 (account_id 781)
FAULT-03214,temporal_violations,trans,472226,date 970110 -> 941231 (account_id 1606)
FAULT-03215,temporal_violations,trans,506465,date 940306 -> 921130 (account_id 1730)
FAULT-03216,temporal_violations,trans,877055,date 950310 -> 220 (account_id 2987)
FAULT-03217,temporal_violations,trans,2442434,date 940712 -> 990826 (account_id 8051)
FAULT-03218,temporal_violations,trans,621883,date 950711 -> 911117 (account_id 2122)
FAULT-03219,temporal_violations,trans,1122250,date 981107 -> 921006 (account_id 3834)
FAULT-03220,temporal_violations,trans,1026966,date 980902 -> 960918 (account_id 3507)
FAULT-03221,temporal_violations,trans,1250234,date 971222 -> 940129 (account_id 4276)
FAULT-03222,temporal_violations,trans,484135,date 980718 -> 990711 (account_id 1648)
FAULT-03223,temporal_violations,trans,257298,date 950312 -> 931108 (account_id 883)
FAULT-03224,temporal_violations,trans,248772,date 980630 -> 124 (account_id 854)
FAULT-03225,temporal_violations,trans,761025,date 980103 -> 960429 (account_id 2597)
FAULT-03226,temporal_violations,trans,842639,date 950227 -> 930204 (account_id 2867)
FAULT-03227,temporal_violations,trans,3317958,date 960731 -> 920813 (account_id 11021)
FAULT-03228,temporal_violations,trans,887646,date 971007 -> 121 (account_id 3027)
FAULT-03229,temporal_violations,trans,1535012,date 960512 -> 921125 (account_id 5228)
FAULT-03230,temporal_violations,trans,3625905,date 960831 -> 420 (account_id 2884)
FAULT-03231,temporal_violations,trans,1162747,date 981103 -> 991003 (account_id 3980)
FAULT-03232,temporal_violations,trans,314301,date 980613 -> 921212 (account_id 1073)
FAULT-03233,temporal_violations,trans,48063,date 970506 -> 930310 (account_id 161)
FAULT-03234,temporal_violations,trans,1089884,date 970531 -> 950426 (account_id 3725)
FAULT-03235,temporal_violations,trans,751125,date 980710 -> 950102 (account_id 2562)
FAULT-03236,temporal_violations,trans,510056,date 980112 -> 990816 (account_id 1746)
FAULT-03237,temporal_violations,trans,71419,date 971107 -> 930627 (account_id 238)
FAULT-03238,temporal_violations,trans,3540423,date 981031 -> 950728 (account_id 296)
FAULT-03239,temporal_violations,trans,582817,date 970607 -> 707 (account_id 1982)
FAULT-03240,temporal_violations,trans,496889,date 951110 -> 920530 (account_id 1694)
FAULT-03241,temporal_violations,trans,2908203,date 971012 -> 401 (account_id 9633)
FAULT-03242,temporal_violations,trans,891720,date 980123 -> 920914 (account_id 3039)
FAULT-03243,temporal_violations,trans,671485,date 961212 -> 920925 (account_id 2293)
FAULT-03244,temporal_violations,trans,201317,date 970805 -> 319 (account_id 684)
FAULT-03245,temporal_violations,trans,3478034,date 980630 -> 921215 (account_id 8982)
FAULT-03246,temporal_violations,trans,988903,date 951115 -> 427 (account_id 3371)
FAULT-03247,temporal_violations,trans,1071238,date 980416 -> 729 (account_id 3660)
FAULT-03248,temporal_violations,trans,880711,date 961125 -> 920529 (account_id 3000)
FAULT-03249,temporal_violations,trans,3612890,date 940930 -> 921020 (account_id 2501)
FAULT-03250,temporal_violations,trans,80635,date 950622 -> 940511 (account_id 270)
FAULT-03251,temporal_violations,trans,1466540,date 960505 -> 931024 (account_id 4995)
FAULT-03252,temporal_violations,trans,3681627,date 960229 -> 711 (account_id 2572)
FAULT-03253,temporal_violations,trans,1017521,date 980708 -> 930202 (account_id 3477)
FAULT-03254,temporal_violations,trans,535035,date 951028 -> 301 (account_id 1822)
FAULT-03255,temporal_violations,trans,2592463,date 941130 -> 921222 (account_id 8564)
FAULT-03256,temporal_violations,trans,3642061,date 980630 -> 930709 (account_id 3371)
FAULT-03257,temporal_violations,trans,465569,date 970607 -> 920806 (account_id 1584)
FAULT-03258,temporal_violations,trans,871750,date 940131 -> 920803 (account_id 2970)
FAULT-03259,temporal_violations,trans,557799,date 970628 -> 951117 (account_id 1897)
FAULT-03260,temporal_violations,trans,3110460,date 960710 -> 990807 (account_id 10320)
FAULT-03261,temporal_violations,trans,1051219,date 970707 -> 816 (account_id 3595)
FAULT-03262,temporal_violations,trans,368381,date 970712 -> 412 (account_id 1252)
FAULT-03263,temporal_violations,trans,69214,date 960725 -> 950719 (account_id 230)
FAULT-03264,temporal_violations,trans,237789,date 980809 -> 920202 (account_id 813)
FAULT-03265,temporal_violations,trans,29788,date 970428 -> 725 (account_id 96)
FAULT-03266,temporal_violations,trans,1466763,date 970331 -> 990419 (account_id 4995)
FAULT-03267,temporal_violations,trans,426588,date 960104 -> 530 (account_id 1449)
FAULT-03268,temporal_violations,trans,1166690,date 961017 -> 990804 (account_id 3998)
FAULT-03269,temporal_violations,trans,1244643,date 960430 -> 950315 (account_id 4258)
FAULT-03270,temporal_violations,trans,986930,date 980124 -> 991018 (account_id 3366)
FAULT-03271,temporal_violations,trans,110164,date 980514 -> 941126 (account_id 372)
FAULT-03272,temporal_violations,trans,146340,date 961008 -> 940201 (account_id 490)
FAULT-03273,temporal_violations,trans,139080,date 970331 -> 921105 (account_id 465)
FAULT-03274,temporal_violations,trans,475790,date 961016 -> 990920 (account_id 1621)
FAULT-03275,temporal_violations,trans,352083,date 980103 -> 941114 (account_id 1196)
FAULT-03276,temporal_violations,trans,1078192,date 951205 -> 320 (account_id 3683)
FAULT-03277,temporal_violations,trans,762979,date 980827 -> 990710 (account_id 2605)
FAULT-03278,temporal_violations,trans,3638666,date 930831 -> 991005 (account_id 3267)
FAULT-03279,temporal_violations,trans,905475,date 960531 -> 930819 (account_id 3086)
FAULT-03280,temporal_violations,trans,379684,date 960107 -> 991024 (account_id 1291)
FAULT-03281,temporal_violations,trans,3394151,date 930514 -> 920409 (account_id 11265)
FAULT-03282,temporal_violations,trans,886046,date 980630 -> 950924 (account_id 3019)
FAULT-03283,temporal_violations,trans,1747402,date 940707 -> 991109 (account_id 5927)
FAULT-03284,temporal_violations,trans,3493142,date 950831 -> 930424 (account_id 7857)
FAULT-03285,temporal_violations,trans,2472745,date 950605 -> 931031 (account_id 8159)
FAULT-03286,temporal_violations,trans,279837,date 981112 -> 990601 (account_id 958)
FAULT-03287,temporal_violations,trans,3506494,date 981031 -> 950701 (account_id 9024)
FAULT-03288,temporal_violations,trans,606730,date 981006 -> 950903 (account_id 2065)
FAULT-03289,temporal_violations,trans,1080346,date 980908 -> 302 (account_id 3689)
FAULT-03290,temporal_violations,trans,601305,date 961130 -> 950106 (account_id 2047)
FAULT-03291,temporal_violations,trans,1141296,date 980313 -> 950117 (account_id 3902)
FAULT-03292,temporal_violations,trans,254814,date 961019 -> 517 (account_id 874)
FAULT-03293,temporal_violations,trans,1062070,date 981212 -> 921108 (account_id 3629)
FAULT-03294,temporal_violations,trans,74377,date 981031 -> 930723 (account_id 245)
FAULT-03295,temporal_violations,trans,952874,date 961011 -> 991016 (account_id 3249)
FAULT-03296,temporal_violations,trans,3586314,date 980630 -> 970315 (account_id 1697)
FAULT-03297,temporal_violations,trans,775943,date 980719 -> 970225 (account_id 2646)
FAULT-03298,temporal_violations,trans,796474,date 941113 -> 931208 (account_id 2713)
FAULT-03299,temporal_violations,trans,795854,date 961127 -> 921212 (account_id 2711)
FAULT-03300,temporal_violations,trans,55249,date 980310 -> 961219 (account_id 185)
FAULT-03301,temporal_violations,trans,3462078,date 981231 -> 229 (account_id 2399)
FAULT-03302,temporal_violations,trans,744646,date 970509 -> 921107 (account_id 2542)
FAULT-03303,temporal_violations,trans,245524,date 981031 -> 940129 (account_id 842)
FAULT-03304,temporal_violations,trans,675298,date 961122 -> 931003 (account_id 2306)
FAULT-03305,temporal_violations,trans,3600968,date 980331 -> 991129 (account_id 2140)
FAULT-03306,temporal_violations,trans,2489353,date 950817 -> 609 (account_id 8212)
FAULT-03307,temporal_violations,trans,442699,date 980427 -> 990901 (account_id 1505)
FAULT-03308,temporal_violations,trans,558752,date 980103 -> 941022 (account_id 1901)
FAULT-03309,temporal_violations,trans,613010,date 980807 -> 991108 (account_id 2088)
FAULT-03310,temporal_violations,trans,51556,date 951109 -> 920807 (account_id 173)
FAULT-03311,temporal_violations,trans,28902,date 980112 -> 940520 (account_id 95)
FAULT-03312,temporal_violations,trans,3036230,date 960622 -> 990613 (account_id 10065)
FAULT-03313,temporal_violations,trans,2415306,date 961023 -> 930326 (account_id 7965)
FAULT-03314,temporal_violations,trans,987645,date 980612 -> 990621 (account_id 3368)
FAULT-03315,temporal_violations,trans,3422966,date 980512 -> 930722 (account_id 11359)
FAULT-03316,temporal_violations,trans,2439111,date 960106 -> 920720 (account_id 8041)
FAULT-03317,temporal_violations,trans,679629,date 950730 -> 921031 (account_id 2321)
FAULT-03318,temporal_violations,trans,3464402,date 940731 -> 921116 (account_id 3001)
FAULT-03319,temporal_violations,trans,966499,date 980630 -> 960721 (account_id 3293)
FAULT-03320,temporal_violations,trans,8502,date 971129 -> 941209 (account_id 30)
FAULT-03321,temporal_violations,trans,2439074,date 970608 -> 408 (account_id 8041)
FAULT-03322,temporal_violations,trans,866216,date 970211 -> 403 (account_id 2949)
FAULT-03323,temporal_violations,trans,3596750,date 950430 -> 931226 (account_id 2001)
FAULT-03324,temporal_violations,trans,607710,date 940917 -> 990601 (account_id 2068)
FAULT-03325,temporal_violations,trans,787930,date 980831 -> 991103 (account_id 2685)
FAULT-03326,temporal_violations,trans,366388,date 980813 -> 930920 (account_id 1246)
FAULT-03327,temporal_violations,trans,184286,date 960308 -> 920714 (account_id 626)
FAULT-03328,temporal_violations,trans,3494402,date 970630 -> 991116 (account_id 7965)
FAULT-03329,temporal_violations,trans,318139,date 981105 -> 991214 (account_id 1086)
FAULT-03330,temporal_violations,trans,1106978,date 980512 -> 930106 (account_id 3781)
FAULT-03331,temporal_violations,trans,162946,date 971219 -> 940424 (account_id 544)
FAULT-03332,temporal_violations,trans,2583095,date 960906 -> 990522 (account_id 8533)
FAULT-03333,temporal_violations,trans,3451313,date 951130 -> 950605 (account_id 5125)
FAULT-03334,temporal_violations,trans,303717,date 971125 -> 990811 (account_id 1034)
FAULT-03335,temporal_violations,trans,1596675,date 940408 -> 991114 (account_id 5423)
FAULT-03336,temporal_violations,trans,573479,date 980514 -> 961005 (account_id 1951)
FAULT-03337,temporal_violations,trans,573348,date 980331 -> 991201 (account_id 1950)
FAULT-03338,temporal_violations,trans,1562978,date 940306 -> 990624 (account_id 5313)
FAULT-03339,temporal_violations,trans,698359,date 950430 -> 930422 (account_id 2388)
FAULT-03340,temporal_violations,trans,2592108,date 940315 -> 930610 (account_id 8564)
FAULT-03341,temporal_violations,trans,498738,date 960930 -> 921210 (account_id 1699)
FAULT-03342,temporal_violations,trans,495005,date 980409 -> 911020 (account_id 1688)
FAULT-03343,temporal_violations,trans,1256714,date 970228 -> 920424 (account_id 4296)
FAULT-03344,temporal_violations,trans,3582745,date 971031 -> 960828 (account_id 1594)
FAULT-03345,temporal_violations,trans,190584,date 980206 -> 930108 (account_id 648)
FAULT-03346,temporal_violations,trans,146991,date 970430 -> 614 (account_id 492)
FAULT-03347,temporal_violations,trans,508718,date 970819 -> 960322 (account_id 1740)
FAULT-03348,temporal_violations,trans,646028,date 970302 -> 950411 (account_id 2206)
FAULT-03349,temporal_violations,trans,209157,date 960506 -> 930811 (account_id 710)
FAULT-03350,temporal_violations,trans,278329,date 971114 -> 940920 (account_id 953)
FAULT-03351,temporal_violations,trans,3456740,date 980531 -> 951215 (account_id 9484)
FAULT-03352,temporal_violations,trans,3505197,date 971130 -> 961213 (account_id 8926)
FAULT-03353,temporal_violations,trans,53406,date 980412 -> 961114 (account_id 177)
FAULT-03354,temporal_violations,trans,33797,date 970422 -> 990723 (account_id 108)
FAULT-03355,temporal_violations,trans,264488,date 981203 -> 990806 (account_id 903)
FAULT-03356,temporal_violations,trans,453621,date 980512 -> 941022 (account_id 1540)
FAULT-03357,temporal_violations,trans,2027,date 980110 -> 950519 (account_id 8)
FAULT-03358,temporal_violations,trans,2780677,date 941025 -> 920327 (account_id 9203)
FAULT-03359,temporal_violations,trans,3104240,date 980106 -> 991226 (account_id 10297)
FAULT-03360,temporal_violations,trans,3568191,date 980228 -> 990520 (account_id 1136)
FAULT-03361,temporal_violations,trans,1292670,date 971223 -> 921010 (account_id 4416)
FAULT-03362,temporal_violations,trans,700187,date 970605 -> 921203 (account_id 2396)
FAULT-03363,temporal_violations,trans,1142813,date 970713 -> 920624 (account_id 3909)
FAULT-03364,temporal_violations,trans,305689,date 970114 -> 930306 (account_id 1042)
FAULT-03365,temporal_violations,trans,3327354,date 980911 -> 229 (account_id 11053)
FAULT-03366,temporal_violations,trans,673211,date 980430 -> 990811 (account_id 2299)
FAULT-03367,temporal_violations,trans,3445117,date 971130 -> 990820 (account_id 103)
FAULT-03368,temporal_violations,trans,453106,date 960430 -> 910918 (account_id 1539)
FAULT-03369,temporal_violations,trans,66199,date 931128 -> 930213 (account_id 220)
FAULT-03370,temporal_violations,trans,3600116,date 960229 -> 990716 (account_id 2111)
FAULT-03371,temporal_violations,trans,451386,date 981025 -> 930107 (account_id 1534)
FAULT-03372,temporal_violations,trans,393891,date 980113 -> 418 (account_id 1338)
FAULT-03373,temporal_violations,trans,359516,date 930512 -> 991207 (account_id 1222)
FAULT-03374,temporal_violations,trans,30587,date 961031 -> 991013 (account_id 99)
FAULT-03375,temporal_violations,trans,485585,date 970124 -> 603 (account_id 1654)
FAULT-03376,temporal_violations,trans,1054021,date 980513 -> 941116 (account_id 3605)
FAULT-03377,temporal_violations,trans,3461884,date 960531 -> 940704 (account_id 2333)
FAULT-03378,temporal_violations,trans,478084,date 961210 -> 950115 (account_id 1629)
FAULT-03379,temporal_violations,trans,3584267,date 980731 -> 216 (account_id 1637)
FAULT-03380,temporal_violations,trans,132739,date 980514 -> 990626 (account_id 445)
FAULT-03381,temporal_violations,trans,1089733,date 970306 -> 940721 (account_id 3725)
FAULT-03382,temporal_violations,trans,819403,date 960520 -> 991208 (account_id 2789)
FAULT-03383,temporal_violations,trans,553947,date 970913 -> 950422 (account_id 1886)
FAULT-03384,temporal_violations,trans,987053,date 940313 -> 816 (account_id 3367)
FAULT-03385,temporal_violations,trans,476300,date 971026 -> 960101 (account_id 1623)
FAULT-03386,temporal_violations,trans,640126,date 980731 -> 214 (account_id 2185)
FAULT-03387,temporal_violations,trans,1103974,date 930909 -> 930430 (account_id 3771)
FAULT-03388,temporal_violations,trans,3623824,date 950131 -> 704 (account_id 2824)
FAULT-03389,temporal_violations,trans,2313455,date 980515 -> 718 (account_id 7632)
FAULT-03390,temporal_violations,trans,859863,date 970904 -> 950813 (account_id 2930)
FAULT-03391,temporal_violations,trans,286422,date 980209 -> 920412 (account_id 982)
FAULT-03392,temporal_violations,trans,2370142,date 980411 -> 991230 (account_id 7815)
FAULT-03393,temporal_violations,trans,859460,date 981031 -> 931014 (account_id 2928)
FAULT-03394,temporal_violations,trans,1544922,date 971130 -> 921209 (account_id 5256)
FAULT-03395,temporal_violations,trans,211151,date 970516 -> 920214 (account_id 717)
FAULT-03396,temporal_violations,trans,55896,date 970314 -> 920809 (account_id 187)
FAULT-03397,temporal_violations,trans,111467,date 971119 -> 930901 (account_id 377)
FAULT-03398,temporal_violations,trans,3573832,date 970831 -> 930330 (account_id 1314)
FAULT-03399,temporal_violations,trans,23622,date 950106 -> 920729 (account_id 78)
FAULT-03400,temporal_violations,trans,588207,date 950106 -> 990814 (account_id 2002)
FAULT-03401,temporal_violations,trans,143302,date 980206 -> 960811 (account_id 480)
FAULT-03402,temporal_violations,trans,870753,date 981215 -> 960101 (account_id 2966)
FAULT-03403,temporal_violations,trans,963421,date 961130 -> 921220 (account_id 3283)
FAULT-03404,temporal_violations,trans,580682,date 971208 -> 960301 (account_id 1976)
FAULT-03405,temporal_violations,trans,1200991,date 970609 -> 990818 (account_id 4109)
FAULT-03406,temporal_violations,trans,108435,date 971130 -> 960904 (account_id 367)
FAULT-03407,temporal_violations,trans,1108232,date 961127 -> 920510 (account_id 3785)
FAULT-03408,temporal_violations,trans,417896,date 960914 -> 113 (account_id 1417)
FAULT-03409,temporal_violations,trans,951400,date 950228 -> 930227 (account_id 3243)
FAULT-03410,temporal_violations,trans,358128,date 981202 -> 950412 (account_id 1216)
FAULT-03411,temporal_violations,trans,108212,date 970912 -> 951025 (account_id 366)
FAULT-03412,temporal_violations,trans,281562,date 950124 -> 920624 (account_id 965)
FAULT-03413,temporal_violations,trans,752178,date 931223 -> 990817 (account_id 2566)
FAULT-03414,temporal_violations,trans,1062204,date 980210 -> 921122 (account_id 3629)
FAULT-03415,temporal_violations,trans,466374,date 940406 -> 990912 (account_id 1588)
FAULT-03416,temporal_violations,trans,366219,date 980602 -> 990627 (account_id 1245)
FAULT-03417,temporal_violations,trans,105841,date 951207 -> 920324 (account_id 361)
FAULT-03418,temporal_violations,trans,1288068,date 980306 -> 991218 (account_id 4405)
FAULT-03419,temporal_violations,trans,257458,date 960705 -> 218 (account_id 883)
FAULT-03420,temporal_violations,trans,232071,date 931008 -> 920327 (account_id 790)
FAULT-03421,temporal_violations,trans,1150774,date 961214 -> 940520 (account_id 3936)
FAULT-03422,temporal_violations,trans,263932,date 941212 -> 921116 (account_id 902)
FAULT-03423,temporal_violations,trans,3550996,date 951231 -> 950403 (account_id 625)
FAULT-03424,temporal_violations,trans,983525,date 950130 -> 930907 (account_id 3355)
FAULT-03425,temporal_violations,trans,456557,date 971110 -> 812 (account_id 1551)
FAULT-03426,temporal_violations,trans,308743,date 951031 -> 920614 (account_id 1052)
FAULT-03427,temporal_violations,trans,1891264,date 981122 -> 990703 (account_id 6400)
FAULT-03428,temporal_violations,trans,163979,date 941225 -> 931005 (account_id 548)
FAULT-03429,temporal_violations,trans,681959,date 970731 -> 930309 (account_id 2327)
FAULT-03430,temporal_violations,trans,3505905,date 961031 -> 960209 (account_id 8972)
FAULT-03431,temporal_violations,trans,497641,date 980530 -> 920131 (account_id 1695)
FAULT-03432,temporal_violations,trans,548477,date 960712 -> 403 (account_id 1867)
FAULT-03433,temporal_violations,trans,377150,date 980217 -> 720 (account_id 1284)
FAULT-03434,temporal_violations,trans,2712438,date 970516 -> 951223 (account_id 8972)
FAULT-03435,temporal_violations,trans,2747234,date 980309 -> 921003 (account_id 9093)
FAULT-03436,temporal_violations,trans,1485628,date 981025 -> 990603 (account_id 5063)
FAULT-03437,temporal_violations,trans,227593,date 960930 -> 920526 (account_id 773)
FAULT-03438,temporal_violations,trans,3533015,date 980531 -> 215 (account_id 73)
FAULT-03439,temporal_violations,trans,3439524,date 980831 -> 960109 (account_id 847)
FAULT-03440,temporal_violations,trans,48768,date 970813 -> 920510 (account_id 163)
FAULT-03441,temporal_violations,trans,3558816,date 940731 -> 991127 (account_id 866)
FAULT-03442,temporal_violations,trans,742205,date 940712 -> 991209 (account_id 2534)
FAULT-03443,temporal_violations,trans,29647,date 971223 -> 990524 (account_id 96)
FAULT-03444,temporal_violations,trans,915052,date 961105 -> 950920 (account_id 3118)
FAULT-03445,temporal_violations,trans,122777,date 981211 -> 940923 (account_id 412)
FAULT-03446,temporal_violations,trans,62583,date 941231 -> 930421 (account_id 207)
FAULT-03447,temporal_violations,trans,884690,date 950627 -> 991111 (account_id 3014)
FAULT-03448,temporal_violations,trans,3545982,date 980228 -> 421 (account_id 462)
FAULT-03449,temporal_violations,trans,1123582,date 960101 -> 921220 (account_id 3837)
FAULT-03450,temporal_violations,trans,12286,date 960831 -> 990908 (account_id 40)
FAULT-03451,temporal_violations,trans,1127102,date 941007 -> 930216 (account_id 3850)
FAULT-03452,temporal_violations,trans,505170,date 970222 -> 950415 (account_id 1725)
FAULT-03453,temporal_violations,trans,3459634,date 950731 -> 921207 (account_id 135)
FAULT-03454,temporal_violations,trans,199821,date 950111 -> 930402 (account_id 678)
FAULT-03455,temporal_violations,trans,993633,date 971121 -> 960228 (account_id 3390)
FAULT-03456,temporal_violations,trans,653041,date 970731 -> 505 (account_id 2232)
FAULT-03457,temporal_violations,trans,49256,date 931111 -> 920715 (account_id 165)
FAULT-03458,temporal_violations,trans,3663927,date 961031 -> 626 (account_id 4342)
FAULT-03459,temporal_violations,trans,690241,date 980413 -> 625 (account_id 2358)
FAULT-03460,temporal_violations,trans,2730901,date 981122 -> 921229 (account_id 9034)
FAULT-03461,temporal_violations,trans,3616329,date 980228 -> 950829 (account_id 2593)
FAULT-03462,temporal_violations,trans,545926,date 980731 -> 711 (account_id 1857)
FAULT-03463,temporal_violations,trans,3601528,date 980331 -> 416 (account_id 2155)
FAULT-03464,temporal_violations,trans,2887882,date 980608 -> 990929 (account_id 9560)
FAULT-03465,temporal_violations,trans,405598,date 970213 -> 950630 (account_id 1380)
FAULT-03466,temporal_violations,trans,935073,date 971116 -> 960520 (account_id 3191)
FAULT-03467,temporal_violations,trans,63795,date 931105 -> 920112 (account_id 212)
FAULT-03468,temporal_violations,trans,122924,date 960905 -> 991014 (account_id 413)
FAULT-03469,temporal_violations,trans,131042,date 981226 -> 960709 (account_id 440)
FAULT-03470,temporal_violations,trans,1524565,date 971219 -> 960228 (account_id 5196)
FAULT-03471,temporal_violations,trans,1167164,date 940730 -> 920110 (account_id 3999)
FAULT-03472,temporal_violations,trans,536705,date 940831 -> 930624 (account_id 1827)
FAULT-03473,temporal_violations,trans,247235,date 971207 -> 960102 (account_id 850)
FAULT-03474,temporal_violations,trans,288412,date 960808 -> 921127 (account_id 989)
FAULT-03475,temporal_violations,trans,552476,date 951018 -> 930405 (account_id 1880)
FAULT-03476,temporal_violations,trans,62521,date 980118 -> 920713 (account_id 207)
FAULT-03477,temporal_violations,trans,966621,date 981010 -> 950603 (account_id 3294)
FAULT-03478,temporal_violations,trans,1011578,date 980607 -> 202 (account_id 3457)
FAULT-03479,temporal_violations,trans,595462,date 950605 -> 708 (account_id 2027)
FAULT-03480,temporal_violations,trans,3539516,date 931231 -> 222 (account_id 273)
FAULT-03481,temporal_violations,trans,1743770,date 971020 -> 960916 (account_id 5912)
FAULT-03482,temporal_violations,trans,686806,date 950214 -> 930628 (account_id 2345)
FAULT-03483,temporal_violations,trans,3123486,date 981010 -> 990906 (account_id 10365)
FAULT-03484,temporal_violations,trans,1103327,date 971031 -> 960101 (account_id 3769)
FAULT-03485,temporal_violations,trans,1207245,date 980630 -> 960628 (account_id 4130)
FAULT-03486,temporal_violations,trans,3663660,date 980930 -> 940223 (account_id 4276)
FAULT-03487,temporal_violations,trans,371603,date 980411 -> 951107 (account_id 1266)
FAULT-03488,temporal_violations,trans,401233,date 940517 -> 990624 (account_id 1366)
FAULT-03489,temporal_violations,trans,2448923,date 971205 -> 991001 (account_id 8073)
FAULT-03490,temporal_violations,trans,2349807,date 981129 -> 921105 (account_id 7753)
FAULT-03491,temporal_violations,trans,1029955,date 980131 -> 950712 (account_id 3518)
FAULT-03492,temporal_violations,trans,3663330,date 941031 -> 930508 (account_id 4245)
FAULT-03493,temporal_violations,trans,300099,date 960426 -> 424 (account_id 1022)
FAULT-03494,temporal_violations,trans,2906908,date 981005 -> 811 (account_id 9627)
FAULT-03495,temporal_violations,trans,1595865,date 951111 -> 930901 (account_id 5422)
FAULT-03496,temporal_violations,trans,3442613,date 941130 -> 310 (account_id 1518)
FAULT-03497,temporal_violations,trans,107651,date 960805 -> 930501 (account_id 365)
FAULT-03498,temporal_violations,trans,3642897,date 980430 -> 991230 (account_id 3405)
FAULT-03499,temporal_violations,trans,551016,date 940210 -> 930429 (account_id 1877)
FAULT-03500,temporal_violations,trans,3617289,date 960731 -> 316 (account_id 2623)
FAULT-03501,temporal_violations,trans,504747,date 980305 -> 970625 (account_id 1723)
FAULT-03502,temporal_violations,trans,1157825,date 980111 -> 990603 (account_id 3964)
FAULT-03503,temporal_violations,trans,1113800,date 961231 -> 990825 (account_id 12774)
FAULT-03504,temporal_violations,trans,605351,date 941209 -> 990829 (account_id 2061)
FAULT-03505,temporal_violations,trans,1068481,date 941130 -> 414 (account_id 3650)
FAULT-03506,temporal_violations,trans,1110606,date 970912 -> 325 (account_id 3792)
FAULT-03507,temporal_violations,trans,609378,date 980120 -> 990421 (account_id 2074)
FAULT-03508,temporal_violations,trans,54669,date 960412 -> 921024 (account_id 183)
FAULT-03509,temporal_violations,trans,264592,date 960731 -> 990507 (account_id 903)
FAULT-03510,temporal_violations,trans,1156543,date 961227 -> 810 (account_id 3956)
FAULT-03511,temporal_violations,trans,3602812,date 940831 -> 920830 (account_id 2201)
FAULT-03512,temporal_violations,trans,756739,date 940714 -> 990708 (account_id 2582)
FAULT-03513,temporal_violations,trans,1003839,date 961213 -> 990812 (account_id 3425)
FAULT-03514,temporal_violations,trans,773577,date 980430 -> 951022 (account_id 2640)
FAULT-03515,temporal_violations,trans,155766,date 980203 -> 941224 (account_id 521)
FAULT-03516,temporal_violations,trans,669832,date 970314 -> 991206 (account_id 2286)
FAULT-03517,temporal_violations,trans,113009,date 940308 -> 920610 (account_id 381)
FAULT-03518,temporal_violations,trans,827341,date 940213 -> 706 (account_id 2818)
FAULT-03519,temporal_violations,trans,603652,date 960430 -> 990619 (account_id 2054)
FAULT-03520,temporal_violations,trans,2247081,date 960912 -> 990622 (account_id 7418)
FAULT-03521,temporal_violations,trans,1044564,date 960331 -> 921206 (account_id 3571)
FAULT-03522,temporal_violations,trans,407836,date 950831 -> 930709 (account_id 1388)
FAULT-03523,temporal_violations,trans,3449367,date 980831 -> 920804 (account_id 3678)
FAULT-03524,temporal_violations,trans,1097795,date 940405 -> 930714 (account_id 3751)
FAULT-03525,temporal_violations,trans,559788,date 971010 -> 951203 (account_id 1904)
FAULT-03526,temporal_violations,trans,2108064,date 980110 -> 941027 (account_id 7136)
FAULT-03527,temporal_violations,trans,3609605,date 970930 -> 951108 (account_id 2409)
FAULT-03528,temporal_violations,trans,1141236,date 970307 -> 991109 (account_id 3902)
FAULT-03529,temporal_violations,trans,3352853,date 960508 -> 991227 (account_id 11135)
FAULT-03530,temporal_violations,trans,209598,date 960930 -> 990427 (account_id 711)
FAULT-03531,temporal_violations,trans,3145835,date 980311 -> 921222 (account_id 10440)
FAULT-03532,temporal_violations,trans,614284,date 961113 -> 960622 (account_id 2094)
FAULT-03533,temporal_violations,trans,280578,date 980115 -> 803 (account_id 960)
FAULT-03534,temporal_violations,trans,118932,date 980123 -> 990417 (account_id 399)
FAULT-03535,temporal_violations,trans,1273933,date 971130 -> 921227 (account_id 4356)
FAULT-03536,temporal_violations,trans,320739,date 970929 -> 951107 (account_id 1096)
FAULT-03537,temporal_violations,trans,935804,date 950712 -> 921022 (account_id 3195)
FAULT-03538,temporal_violations,trans,825786,date 970206 -> 111 (account_id 2813)
FAULT-03539,temporal_violations,trans,3660897,date 951130 -> 990422 (account_id 3954)
FAULT-03540,temporal_violations,trans,263107,date 940608 -> 940206 (account_id 900)
FAULT-03541,temporal_violations,trans,627162,date 980608 -> 970405 (account_id 2142)
FAULT-03542,temporal_violations,trans,991343,date 970410 -> 990628 (account_id 3380)
FAULT-03543,temporal_violations,trans,626451,date 960430 -> 940309 (account_id 2139)
FAULT-03544,temporal_violations,trans,880731,date 980718 -> 930509 (account_id 3000)
FAULT-03545,temporal_violations,trans,469230,date 980212 -> 107 (account_id 1598)
FAULT-03546,temporal_violations,trans,2775669,date 940612 -> 911107 (account_id 9188)
FAULT-03547,temporal_violations,trans,534258,date 950709 -> 226 (account_id 1820)
FAULT-03548,temporal_violations,trans,963795,date 940831 -> 991222 (account_id 3284)
FAULT-03549,temporal_violations,trans,3643578,date 961130 -> 931030 (account_id 3429)
FAULT-03550,temporal_violations,trans,653015,date 970504 -> 414 (account_id 2232)
FAULT-03551,temporal_violations,trans,601227,date 970108 -> 940501 (account_id 2047)
FAULT-03552,temporal_violations,trans,471797,date 970605 -> 119 (account_id 1605)
FAULT-03553,temporal_violations,trans,804116,date 960811 -> 990428 (account_id 2740)
FAULT-03554,temporal_violations,trans,846057,date 970313 -> 921110 (account_id 2881)
FAULT-03555,temporal_violations,trans,176702,date 970530 -> 930729 (account_id 596)
FAULT-03556,temporal_violations,trans,754574,date 961014 -> 920910 (account_id 2574)
FAULT-03557,temporal_violations,trans,266776,date 980207 -> 950922 (account_id 913)
FAULT-03558,temporal_violations,trans,52109,date 940326 -> 930121 (account_id 173)
FAULT-03559,temporal_violations,trans,2944183,date 940516 -> 103 (account_id 9750)
FAULT-03560,temporal_violations,trans,1018042,date 951031 -> 931205 (account_id 3478)
FAULT-03561,temporal_violations,trans,3583798,date 981031 -> 990823 (account_id 1624)
FAULT-03562,temporal_violations,trans,279575,date 971109 -> 941026 (account_id 957)
FAULT-03563,temporal_violations,trans,1255454,date 980611 -> 990709 (account_id 4293)
FAULT-03564,temporal_violations,trans,116644,date 961225 -> 991228 (account_id 393)
FAULT-03565,temporal_violations,trans,3055854,date 980704 -> 214 (account_id 10131)
FAULT-03566,temporal_violations,trans,138902,date 961014 -> 910929 (account_id 465)
FAULT-03567,temporal_violations,trans,782247,date 960130 -> 991018 (account_id 2666)
FAULT-03568,temporal_violations,trans,559139,date 950430 -> 404 (account_id 1902)
FAULT-03569,temporal_violations,trans,619902,date 970527 -> 941229 (account_id 2116)
FAULT-03570,temporal_violations,trans,960538,date 970907 -> 950729 (account_id 3272)
FAULT-03571,temporal_violations,trans,87016,date 940630 -> 501 (account_id 290)
FAULT-03572,temporal_violations,trans,1218822,date 940806 -> 920229 (account_id 4171)
FAULT-03573,temporal_violations,trans,1207792,date 971101 -> 991018 (account_id 4131)
FAULT-03574,temporal_violations,trans,351057,date 940406 -> 990504 (account_id 1193)
FAULT-03575,temporal_violations,trans,8711,date 960912 -> 991109 (account_id 31)
FAULT-03576,temporal_violations,trans,498979,date 960820 -> 950113 (account_id 1700)
FAULT-03577,temporal_violations,trans,324322,date 970130 -> 920723 (account_id 1107)
FAULT-03578,temporal_violations,trans,683362,date 980430 -> 960720 (account_id 2332)
FAULT-03579,temporal_violations,trans,841431,date 981211 -> 991002 (account_id 2864)
FAULT-03580,temporal_violations,trans,533489,date 950731 -> 930601 (account_id 1816)
FAULT-03581,temporal_violations,trans,1089507,date 961130 -> 950823 (account_id 3723)
FAULT-03582,temporal_violations,trans,11602,date 970314 -> 930616 (account_id 39)
FAULT-03583,temporal_violations,trans,479712,date 970614 -> 509 (account_id 1635)
FAULT-03584,temporal_violations,trans,3438402,date 970331 -> 991005 (account_id 574)
FAULT-03585,temporal_violations,trans,86235,date 950309 -> 930527 (account_id 289)
FAULT-03586,temporal_violations,trans,419433,date 980106 -> 920612 (account_id 1422)
FAULT-03587,temporal_violations,trans,1122338,date 940308 -> 427 (account_id 3834)
FAULT-03588,temporal_violations,trans,3437967,date 981231 -> 228 (account_id 523)
FAULT-03589,temporal_violations,trans,1159112,date 931201 -> 991031 (account_id 3969)
FAULT-03590,temporal_violations,trans,875422,date 980918 -> 950829 (account_id 2982)
FAULT-03591,temporal_violations,trans,1135806,date 970511 -> 920326 (account_id 3882)
FAULT-03592,temporal_violations,trans,1101088,date 960331 -> 920922 (account_id 3760)
FAULT-03593,temporal_violations,trans,1602958,date 940430 -> 921205 (account_id 5442)
FAULT-03594,temporal_violations,trans,3597326,date 950731 -> 941126 (account_id 2018)
FAULT-03595,temporal_violations,trans,763727,date 971206 -> 613 (account_id 2608)
FAULT-03596,temporal_violations,trans,226747,date 940912 -> 921103 (account_id 772)
FAULT-03597,temporal_violations,trans,565477,date 981209 -> 990512 (account_id 1925)
FAULT-03598,temporal_violations,trans,2258786,date 940408 -> 722 (account_id 7454)
FAULT-03599,temporal_violations,trans,299225,date 950708 -> 920523 (account_id 1019)
FAULT-03600,temporal_violations,trans,676651,date 980630 -> 991114 (account_id 2311)
FAULT-03601,temporal_violations,trans,3353888,date 970409 -> 991021 (account_id 11138)
FAULT-03602,temporal_violations,trans,441616,date 980424 -> 950704 (account_id 1500)
FAULT-03603,temporal_violations,trans,3546508,date 960731 -> 991117 (account_id 478)
FAULT-03604,temporal_violations,trans,1016468,date 960613 -> 940829 (account_id 3474)
FAULT-03605,temporal_violations,trans,133224,date 981213 -> 628 (account_id 446)
FAULT-03606,temporal_violations,trans,987263,date 940910 -> 105 (account_id 3367)
FAULT-03607,temporal_violations,trans,3593172,date 961130 -> 951201 (account_id 1899)
FAULT-03608,temporal_violations,trans,670138,date 961129 -> 960221 (account_id 2287)
FAULT-03609,temporal_violations,trans,1147220,date 981012 -> 941103 (account_id 3924)
FAULT-03610,temporal_violations,trans,495474,date 970111 -> 991018 (account_id 1689)
FAULT-03611,temporal_violations,trans,3467022,date 970831 -> 961125 (account_id 3768)
FAULT-03612,temporal_violations,trans,3479782,date 980731 -> 920120 (account_id 9265)
FAULT-03613,temporal_violations,trans,441449,date 961001 -> 950522 (account_id 1500)
FAULT-03614,temporal_violations,trans,3566135,date 960731 -> 931017 (account_id 1080)
FAULT-03615,temporal_violations,trans,859752,date 970831 -> 960130 (account_id 2929)
FAULT-03616,temporal_violations,trans,2304838,date 950606 -> 819 (account_id 7606)
FAULT-03617,temporal_violations,trans,2502402,date 980814 -> 921125 (account_id 8261)
FAULT-03618,temporal_violations,trans,630256,date 970829 -> 314 (account_id 2151)
FAULT-03619,temporal_violations,trans,2885595,date 980930 -> 960214 (account_id 9549)
FAULT-03620,temporal_violations,trans,614838,date 960105 -> 940422 (account_id 2096)
FAULT-03621,temporal_violations,trans,603684,date 950223 -> 941126 (account_id 2054)
FAULT-03622,temporal_violations,trans,465920,date 960324 -> 990907 (account_id 1585)
FAULT-03623,temporal_violations,trans,1890927,date 971012 -> 990921 (account_id 6400)
FAULT-03624,temporal_violations,trans,3439852,date 941130 -> 990713 (account_id 964)
FAULT-03625,temporal_violations,trans,3441220,date 950731 -> 920811 (account_id 1180)
FAULT-03626,temporal_violations,trans,2833775,date 970423 -> 940805 (account_id 9377)
FAULT-03627,temporal_violations,trans,397521,date 950427 -> 940622 (account_id 1352)
FAULT-03628,temporal_violations,trans,403788,date 940507 -> 930220 (account_id 1375)
FAULT-03629,temporal_violations,trans,1596243,date 980228 -> 991128 (account_id 5422)
FAULT-03630,temporal_violations,trans,759057,date 980809 -> 131 (account_id 2589)
FAULT-03631,temporal_violations,trans,262437,date 980612 -> 951221 (account_id 898)
FAULT-03632,temporal_violations,trans,534452,date 980831 -> 930805 (account_id 1820)
FAULT-03633,temporal_violations,trans,1001202,date 960531 -> 950308 (account_id 3417)
FAULT-03634,temporal_violations,trans,13598,date 980331 -> 960919 (account_id 45)
FAULT-03635,temporal_violations,trans,1095734,date 950831 -> 920823 (account_id 3745)
FAULT-03636,temporal_violations,trans,524102,date 960604 -> 911214 (account_id 1787)
FAULT-03637,temporal_violations,trans,4539,date 950910 -> 940419 (account_id 19)
FAULT-03638,temporal_violations,trans,395563,date 950413 -> 990815 (account_id 1345)
FAULT-03639,temporal_violations,trans,3633031,date 981031 -> 960520 (account_id 3104)
FAULT-03640,temporal_violations,trans,959732,date 980909 -> 940607 (account_id 3269)
FAULT-03641,temporal_violations,trans,3545423,date 981231 -> 990916 (account_id 447)
FAULT-03642,temporal_violations,trans,49366,date 970105 -> 991227 (account_id 165)
FAULT-03643,temporal_violations,trans,138777,date 980507 -> 911120 (account_id 465)
FAULT-03644,temporal_violations,trans,3495830,date 980131 -> 128 (account_id 8051)
FAULT-03645,temporal_violations,trans,494456,date 970311 -> 921111 (account_id 1686)
FAULT-03646,temporal_violations,trans,1977675,date 980321 -> 920206 (account_id 6701)
FAULT-03647,temporal_violations,trans,981427,date 980815 -> 991105 (account_id 3349)
FAULT-03648,temporal_violations,trans,534595,date 970310 -> 322 (account_id 1821)
FAULT-03649,temporal_violations,trans,3588473,date 960229 -> 990728 (account_id 1770)
FAULT-03650,temporal_violations,trans,3469349,date 981130 -> 930424 (account_id 4255)
FAULT-03651,temporal_violations,trans,551265,date 970130 -> 920905 (account_id 1877)
FAULT-03652,temporal_violations,trans,734687,date 950731 -> 930125 (account_id 2510)
FAULT-03653,temporal_violations,trans,679845,date 930723 -> 920815 (account_id 2321)
FAULT-03654,temporal_violations,trans,971007,date 950308 -> 921017 (account_id 3309)
FAULT-03655,temporal_violations,trans,3549054,date 970930 -> 951013 (account_id 557)
FAULT-03656,temporal_violations,trans,3182552,date 980731 -> 951214 (account_id 10558)
FAULT-03657,temporal_violations,trans,3633214,date 950731 -> 990921 (account_id 3112)
FAULT-03658,temporal_violations,trans,1073880,date 950228 -> 991017 (account_id 3669)
FAULT-03659,temporal_violations,trans,853512,date 971213 -> 208 (account_id 2909)
FAULT-03660,temporal_violations,trans,304356,date 980911 -> 960716 (account_id 1037)
FAULT-03661,temporal_violations,trans,368447,date 970119 -> 950129 (account_id 1252)
FAULT-03662,temporal_violations,trans,433482,date 980408 -> 991016 (account_id 1473)
FAULT-03663,temporal_violations,trans,3599408,date 980430 -> 950927 (account_id 2083)
FAULT-03664,temporal_violations,trans,347423,date 981113 -> 990930 (account_id 1178)
FAULT-03665,temporal_violations,trans,2464404,date 960902 -> 931121 (account_id 8127)
FAULT-03666,temporal_violations,trans,1099305,date 981205 -> 951121 (account_id 3755)
FAULT-03667,temporal_violations,trans,3633103,date 931130 -> 991128 (account_id 3108)
FAULT-03668,temporal_violations,trans,259829,date 931010 -> 920911 (account_id 890)
FAULT-03669,temporal_violations,trans,3560575,date 970731 -> 950501 (account_id 913)
FAULT-03670,temporal_violations,trans,741261,date 980112 -> 990501 (account_id 2530)
FAULT-03671,temporal_violations,trans,1563022,date 971106 -> 991015 (account_id 5313)
FAULT-03672,temporal_violations,trans,45809,date 951211 -> 226 (account_id 153)
FAULT-03673,temporal_violations,trans,1092400,date 960711 -> 940917 (account_id 3735)
FAULT-03674,temporal_violations,trans,2989260,date 980113 -> 602 (account_id 9897)
FAULT-03675,temporal_violations,trans,625272,date 970702 -> 960706 (account_id 2134)
FAULT-03676,temporal_violations,trans,3677908,date 971130 -> 426 (account_id 6738)
FAULT-03677,temporal_violations,trans,957536,date 970731 -> 921230 (account_id 3261)
FAULT-03678,temporal_violations,trans,3580331,date 940630 -> 930305 (account_id 1515)
FAULT-03679,temporal_violations,trans,1047355,date 970525 -> 990502 (account_id 3581)
FAULT-03680,temporal_violations,trans,622854,date 970118 -> 921008 (account_id 2124)
FAULT-03681,temporal_violations,trans,145625,date 981014 -> 505 (account_id 487)
FAULT-03682,temporal_violations,trans,1754590,date 980812 -> 220 (account_id 5952)
FAULT-03683,temporal_violations,trans,449910,date 960213 -> 941018 (account_id 1530)
FAULT-03684,temporal_violations,trans,3573839,date 980331 -> 930622 (account_id 1314)
FAULT-03685,temporal_violations,trans,12447,date 981111 -> 960921 (account_id 41)
FAULT-03686,temporal_violations,trans,537473,date 931212 -> 920404 (account_id 1829)
FAULT-03687,temporal_violations,trans,3493261,date 980228 -> 990510 (account_id 7861)
FAULT-03688,temporal_violations,trans,171513,date 970306 -> 930113 (account_id 575)
FAULT-03689,temporal_violations,trans,960771,date 970809 -> 950125 (account_id 3273)
FAULT-03690,temporal_violations,trans,438936,date 980714 -> 960331 (account_id 1492)
FAULT-03691,temporal_violations,trans,3452364,date 970831 -> 930131 (account_id 5546)
FAULT-03692,temporal_violations,trans,938975,date 980228 -> 990912 (account_id 3204)
FAULT-03693,temporal_violations,trans,348159,date 940713 -> 921015 (account_id 1180)
FAULT-03694,temporal_violations,trans,1231106,date 971111 -> 950630 (account_id 4214)
FAULT-03695,temporal_violations,trans,117728,date 940805 -> 921205 (account_id 396)
FAULT-03696,temporal_violations,trans,699192,date 971214 -> 110 (account_id 2392)
FAULT-03697,temporal_violations,trans,866082,date 951211 -> 940831 (account_id 2949)
FAULT-03698,temporal_violations,trans,204325,date 970531 -> 931226 (account_id 693)
FAULT-03699,temporal_violations,trans,618423,date 960408 -> 920210 (account_id 2110)
FAULT-03700,temporal_violations,trans,1143614,date 970113 -> 930511 (account_id 3912)
FAULT-03701,temporal_violations,trans,651591,date 960812 -> 990620 (account_id 2227)
FAULT-03702,temporal_violations,trans,3470446,date 960131 -> 931023 (account_id 4416)
FAULT-03703,temporal_violations,trans,2253741,date 981012 -> 970514 (account_id 7437)
FAULT-03704,temporal_violations,trans,651815,date 971130 -> 930416 (account_id 2227)
FAULT-03705,temporal_violations,trans,629321,date 980607 -> 940926 (account_id 2148)
FAULT-03706,temporal_violations,trans,624620,date 960612 -> 921117 (account_id 2132)
FAULT-03707,temporal_violations,trans,28865,date 950330 -> 950121 (account_id 95)
FAULT-03708,temporal_violations,trans,928146,date 970507 -> 920921 (account_id 3164)
FAULT-03709,temporal_violations,trans,291105,date 960407 -> 920820 (account_id 998)
FAULT-03710,temporal_violations,trans,3622161,date 970531 -> 930203 (account_id 2768)
FAULT-03711,temporal_violations,trans,1069709,date 950617 -> 930315 (account_id 3654)
FAULT-03712,temporal_violations,trans,982244,date 950630 -> 921229 (account_id 3352)
FAULT-03713,temporal_violations,trans,1977959,date 960818 -> 920816 (account_id 6701)
FAULT-03714,temporal_violations,trans,1001884,date 960731 -> 930830 (account_id 3419)
FAULT-03715,temporal_violations,trans,362016,date 960811 -> 990708 (account_id 1231)
FAULT-03716,temporal_violations,trans,444355,date 960405 -> 921115 (account_id 1511)
FAULT-03717,temporal_violations,trans,164218,date 980113 -> 802 (account_id 549)
FAULT-03718,temporal_violations,trans,3444203,date 940831 -> 309 (account_id 1880)
FAULT-03719,temporal_violations,trans,766057,date 950807 -> 920812 (account_id 2616)
FAULT-03720,temporal_violations,trans,176387,date 971015 -> 990730 (account_id 595)
FAULT-03721,temporal_violations,trans,20340,date 980912 -> 990531 (account_id 68)
FAULT-03722,temporal_violations,trans,3621346,date 951130 -> 990713 (account_id 2747)
FAULT-03723,temporal_violations,trans,1910910,date 960501 -> 426 (account_id 6473)
FAULT-03724,temporal_violations,trans,1165838,date 980405 -> 320 (account_id 3995)
FAULT-03725,temporal_violations,trans,2452158,date 960508 -> 950621 (account_id 8085)
FAULT-03726,temporal_violations,trans,153066,date 970410 -> 960806 (account_id 512)
FAULT-03727,temporal_violations,trans,530885,date 951231 -> 991106 (account_id 1809)
FAULT-03728,temporal_violations,trans,1867610,date 980121 -> 529 (account_id 6321)
FAULT-03729,temporal_violations,trans,850699,date 981212 -> 961028 (account_id 2897)
FAULT-03730,temporal_violations,trans,900676,date 940314 -> 930121 (account_id 3069)
FAULT-03731,temporal_violations,trans,140408,date 940813 -> 930507 (account_id 470)
FAULT-03732,temporal_violations,trans,3548689,date 960229 -> 940730 (account_id 544)
FAULT-03733,temporal_violations,trans,730460,date 971106 -> 512 (account_id 2497)
FAULT-03734,temporal_violations,trans,1290895,date 950810 -> 805 (account_id 4413)
FAULT-03735,temporal_violations,trans,986022,date 970709 -> 991117 (account_id 3363)
FAULT-03736,temporal_violations,trans,897888,date 980430 -> 960918 (account_id 3059)
FAULT-03737,temporal_violations,trans,1080884,date 961109 -> 111 (account_id 3691)
FAULT-03738,temporal_violations,trans,2956235,date 980504 -> 612 (account_id 9790)
FAULT-03739,temporal_violations,trans,1070914,date 980519 -> 106 (account_id 3658)
FAULT-03740,temporal_violations,trans,1486580,date 970119 -> 950617 (account_id 5066)
FAULT-03741,temporal_violations,trans,3302631,date 951010 -> 920218 (account_id 10973)
FAULT-03742,temporal_violations,trans,3494135,date 961231 -> 991009 (account_id 7944)
FAULT-03743,temporal_violations,trans,3591190,date 971130 -> 950317 (account_id 1836)
FAULT-03744,temporal_violations,trans,959451,date 971011 -> 930407 (account_id 3268)
FAULT-03745,temporal_violations,trans,856263,date 980331 -> 960331 (account_id 2917)
FAULT-03746,temporal_violations,trans,701672,date 970630 -> 990706 (account_id 2401)
FAULT-03747,temporal_violations,trans,1008749,date 971130 -> 990612 (account_id 3445)
FAULT-03748,temporal_violations,trans,592074,date 970605 -> 401 (account_id 2015)
FAULT-03749,temporal_violations,trans,364572,date 950506 -> 921212 (account_id 1239)
FAULT-03750,temporal_violations,trans,675318,date 980715 -> 930726 (account_id 2306)
FAULT-03751,temporal_violations,trans,675477,date 980906 -> 990529 (account_id 2307)
FAULT-03752,temporal_violations,trans,901076,date 980910 -> 317 (account_id 3070)
FAULT-03753,temporal_violations,trans,612028,date 971205 -> 951012 (account_id 2085)
FAULT-03754,temporal_violations,trans,2502811,date 951210 -> 920905 (account_id 8261)
FAULT-03755,temporal_violations,trans,1273145,date 980710 -> 991009 (account_id 4354)
FAULT-03756,temporal_violations,trans,87532,date 970930 -> 217 (account_id 292)
FAULT-03757,temporal_violations,trans,3386910,date 980104 -> 950910 (account_id 11244)
FAULT-03758,temporal_violations,trans,1077645,date 980406 -> 951020 (account_id 3681)
FAULT-03759,temporal_violations,trans,741228,date 980412 -> 960528 (account_id 2530)
FAULT-03760,temporal_violations,trans,1024401,date 960104 -> 990504 (account_id 3497)
FAULT-03761,temporal_violations,trans,351307,date 960921 -> 931030 (account_id 1193)
FAULT-03762,temporal_violations,trans,429630,date 980831 -> 313 (account_id 1458)
FAULT-03763,temporal_violations,trans,3533946,date 940630 -> 920929 (account_id 104)
FAULT-03764,temporal_violations,trans,532213,date 980512 -> 990918 (account_id 1813)
FAULT-03765,temporal_violations,trans,476140,date 970206 -> 941215 (account_id 1623)
FAULT-03766,temporal_violations,trans,509836,date 970807 -> 106 (account_id 1745)
FAULT-03767,temporal_violations,trans,3608920,date 971130 -> 951011 (account_id 2385)
FAULT-03768,temporal_violations,trans,1576263,date 971004 -> 990913 (account_id 5358)
FAULT-03769,temporal_violations,trans,1988680,date 940728 -> 325 (account_id 6738)
FAULT-03770,temporal_violations,trans,757060,date 961115 -> 930129 (account_id 2582)
FAULT-03771,temporal_violations,trans,474049,date 970312 -> 418 (account_id 1614)
FAULT-03772,temporal_violations,trans,2288093,date 970110 -> 726 (account_id 7546)
FAULT-03773,temporal_violations,trans,3644038,date 971031 -> 990530 (account_id 3442)
FAULT-03774,temporal_violations,trans,350491,date 970630 -> 951213 (account_id 1190)
FAULT-03775,temporal_violations,trans,174206,date 980201 -> 970625 (account_id 585)
FAULT-03776,temporal_violations,trans,424023,date 980102 -> 921010 (account_id 1440)
FAULT-03777,temporal_violations,trans,1014558,date 980309 -> 950901 (account_id 3468)
FAULT-03778,temporal_violations,trans,17507,date 960731 -> 990507 (account_id 59)
FAULT-03779,temporal_violations,trans,3619204,date 980930 -> 712 (account_id 2681)
FAULT-03780,temporal_violations,trans,580149,date 940912 -> 990418 (account_id 1975)
FAULT-03781,temporal_violations,trans,572786,date 941211 -> 931018 (account_id 1949)
FAULT-03782,temporal_violations,trans,2472940,date 951010 -> 940219 (account_id 8159)
FAULT-03783,temporal_violations,trans,860491,date 940207 -> 990502 (account_id 2932)
FAULT-03784,temporal_violations,trans,380146,date 960909 -> 301 (account_id 1292)
FAULT-03785,temporal_violations,trans,1493270,date 950806 -> 930623 (account_id 5092)
FAULT-03786,temporal_violations,trans,78713,date 971117 -> 991126 (account_id 262)
FAULT-03787,temporal_violations,trans,3647471,date 960531 -> 940511 (account_id 3555)
FAULT-03788,temporal_violations,trans,850278,date 960411 -> 990516 (account_id 2896)
FAULT-03789,temporal_violations,trans,285919,date 960115 -> 940905 (account_id 981)
FAULT-03790,temporal_violations,trans,1855612,date 950330 -> 930408 (account_id 6281)
FAULT-03791,temporal_violations,trans,369000,date 970516 -> 991026 (account_id 1254)
FAULT-03792,temporal_violations,trans,604490,date 971112 -> 604 (account_id 2058)
FAULT-03793,temporal_violations,trans,724183,date 960214 -> 921217 (account_id 2479)
FAULT-03794,temporal_violations,trans,2340368,date 981031 -> 991218 (account_id 7721)
FAULT-03795,temporal_violations,trans,3460768,date 970228 -> 930322 (account_id 1998)
FAULT-03796,temporal_violations,trans,877064,date 951205 -> 920608 (account_id 2987)
FAULT-03797,temporal_violations,trans,3123734,date 981007 -> 950629 (account_id 10365)
FAULT-03798,temporal_violations,trans,691507,date 981009 -> 940523 (account_id 2363)
FAULT-03799,temporal_violations,trans,877783,date 980611 -> 712 (account_id 2990)
FAULT-03800,temporal_violations,trans,978818,date 960621 -> 941025 (account_id 3338)
FAULT-03801,temporal_violations,trans,185396,date 970228 -> 930325 (account_id 628)
FAULT-03802,temporal_violations,trans,3586762,date 950930 -> 990430 (account_id 1708)
FAULT-03803,temporal_violations,trans,867880,date 980610 -> 990522 (account_id 2955)
FAULT-03804,temporal_violations,trans,648306,date 980117 -> 991213 (account_id 2216)
FAULT-03805,temporal_violations,trans,215690,date 980831 -> 950418 (account_id 732)
FAULT-03806,temporal_violations,trans,240268,date 970210 -> 950421 (account_id 820)
FAULT-03807,temporal_violations,trans,53354,date 980203 -> 990928 (account_id 176)
FAULT-03808,temporal_violations,trans,151863,date 960915 -> 950510 (account_id 507)
FAULT-03809,temporal_violations,trans,94231,date 971119 -> 723 (account_id 320)
FAULT-03810,temporal_violations,trans,1571829,date 930906 -> 920322 (account_id 5343)
FAULT-03811,temporal_violations,trans,329299,date 980914 -> 702 (account_id 1123)
FAULT-03812,temporal_violations,trans,572942,date 971207 -> 990627 (account_id 1949)
FAULT-03813,temporal_violations,trans,3542418,date 970131 -> 611 (account_id 358)
FAULT-03814,temporal_violations,trans,2833769,date 961012 -> 941201 (account_id 9377)
FAULT-03815,temporal_violations,trans,1149020,date 970809 -> 940530 (account_id 3930)
FAULT-03816,temporal_violations,trans,854396,date 960117 -> 990726 (account_id 2912)
FAULT-03817,temporal_violations,trans,1114076,date 950101 -> 940106 (account_id 3805)
FAULT-03818,temporal_violations,trans,967333,date 980209 -> 950105 (account_id 3296)
FAULT-03819,temporal_violations,trans,175039,date 960626 -> 920806 (account_id 588)
FAULT-03820,temporal_violations,trans,854415,date 970812 -> 930322 (account_id 2912)
FAULT-03821,temporal_violations,trans,618353,date 931231 -> 991202 (account_id 2110)
FAULT-03822,temporal_violations,trans,1104660,date 980707 -> 990612 (account_id 3774)
FAULT-03823,temporal_violations,trans,3521533,date 940831 -> 321 (account_id 10451)
FAULT-03824,temporal_violations,trans,1299950,date 970512 -> 222 (account_id 4438)
FAULT-03825,temporal_violations,trans,1130409,date 981106 -> 921025 (account_id 3863)
FAULT-03826,temporal_violations,trans,578501,date 940830 -> 940206 (account_id 1969)
FAULT-03827,temporal_violations,trans,1130799,date 980826 -> 950418 (account_id 3864)
FAULT-03828,temporal_violations,trans,159028,date 960407 -> 990718 (account_id 533)
FAULT-03829,temporal_violations,trans,959035,date 980131 -> 121 (account_id 3267)
FAULT-03830,temporal_violations,trans,2068937,date 940629 -> 930221 (account_id 7011)
FAULT-03831,temporal_violations,trans,502328,date 971130 -> 990918 (account_id 1712)
FAULT-03832,temporal_violations,trans,1288970,date 981031 -> 940311 (account_id 4408)
FAULT-03833,temporal_violations,trans,361247,date 970510 -> 950516 (account_id 1227)
FAULT-03834,temporal_violations,trans,870935,date 980807 -> 113 (account_id 2967)
FAULT-03835,temporal_violations,trans,3464868,date 941031 -> 991007 (account_id 3167)
FAULT-03836,temporal_violations,trans,371575,date 960701 -> 428 (account_id 1266)
FAULT-03837,temporal_violations,trans,111987,date 980613 -> 710 (account_id 378)
FAULT-03838,temporal_violations,trans,20977,date 981130 -> 950820 (account_id 69)
FAULT-03839,temporal_violations,trans,3123026,date 950611 -> 990811 (account_id 10364)
FAULT-03840,temporal_violations,trans,3548291,date 960430 -> 941115 (account_id 533)
FAULT-03841,temporal_violations,trans,1071995,date 980112 -> 930705 (account_id 3663)
FAULT-03842,temporal_violations,trans,1079535,date 980531 -> 970416 (account_id 3686)
FAULT-03843,temporal_violations,trans,660091,date 960809 -> 512 (account_id 2253)
FAULT-03844,temporal_violations,trans,631785,date 960910 -> 941107 (account_id 2157)
FAULT-03845,temporal_violations,trans,3564317,date 980531 -> 920206 (account_id 1019)
FAULT-03846,temporal_violations,trans,1133656,date 950602 -> 219 (account_id 3874)
FAULT-03847,temporal_violations,trans,907519,date 980107 -> 950615 (account_id 3092)
FAULT-03848,temporal_violations,trans,684365,date 940813 -> 990619 (account_id 2336)
FAULT-03849,temporal_violations,trans,2402,date 960630 -> 990423 (account_id 9)
FAULT-03850,temporal_violations,trans,568455,date 980517 -> 414 (account_id 1934)
FAULT-03851,temporal_violations,trans,1291175,date 970228 -> 990929 (account_id 4413)
FAULT-03852,temporal_violations,trans,67375,date 971031 -> 960315 (account_id 224)
FAULT-03853,temporal_violations,trans,381359,date 970831 -> 940610 (account_id 1295)
FAULT-03854,temporal_violations,trans,1154574,date 970122 -> 930124 (account_id 3948)
FAULT-03855,temporal_violations,trans,188644,date 970930 -> 940424 (account_id 638)
FAULT-03856,temporal_violations,trans,3620182,date 950630 -> 920120 (account_id 2712)
FAULT-03857,temporal_violations,trans,406541,date 980831 -> 960202 (account_id 1383)
FAULT-03858,temporal_violations,trans,894611,date 960320 -> 920824 (account_id 3050)
FAULT-03859,temporal_violations,trans,975564,date 980316 -> 930204 (account_id 3323)
FAULT-03860,temporal_violations,trans,841125,date 960909 -> 951004 (account_id 2863)
FAULT-03861,temporal_violations,trans,311638,date 980913 -> 710 (account_id 1062)
FAULT-03862,temporal_violations,trans,403737,date 971007 -> 951205 (account_id 1374)
FAULT-03863,temporal_violations,trans,3122959,date 951107 -> 990530 (account_id 10364)
FAULT-03864,temporal_violations,trans,3644412,date 960331 -> 940302 (account_id 3458)
FAULT-03865,temporal_violations,trans,1876241,date 980305 -> 515 (account_id 6353)
FAULT-03866,temporal_violations,trans,195547,date 961204 -> 624 (account_id 662)
FAULT-03867,temporal_violations,trans,280341,date 980413 -> 991019 (account_id 960)
FAULT-03868,temporal_violations,trans,402869,date 951229 -> 921125 (account_id 1372)
FAULT-03869,temporal_violations,trans,367815,date 980605 -> 950201 (account_id 1250)
FAULT-03870,temporal_violations,trans,3447825,date 950531 -> 990825 (account_id 2260)
FAULT-03871,temporal_violations,trans,3577123,date 950731 -> 950215 (account_id 1420)
FAULT-03872,temporal_violations,trans,3460735,date 940531 -> 920620 (account_id 1998)
FAULT-03873,temporal_violations,trans,2256467,date 940831 -> 990811 (account_id 7445)
FAULT-03874,temporal_violations,trans,3608621,date 950630 -> 911119 (account_id 2378)
FAULT-03875,temporal_violations,trans,3465919,date 980831 -> 229 (account_id 3480)
FAULT-03876,temporal_violations,trans,804263,date 980831 -> 990731 (account_id 2740)
FAULT-03877,temporal_violations,trans,64462,date 970905 -> 961012 (account_id 214)
FAULT-03878,temporal_violations,trans,2023392,date 960430 -> 941025 (account_id 6856)
FAULT-03879,temporal_violations,trans,3423269,date 960920 -> 990411 (account_id 11359)
FAULT-03880,temporal_violations,trans,1070016,date 960811 -> 810 (account_id 3655)
FAULT-03881,temporal_violations,trans,3643275,date 960930 -> 105 (account_id 3421)
FAULT-03882,temporal_violations,trans,1081447,date 961205 -> 609 (account_id 3693)
FAULT-03883,temporal_violations,trans,441354,date 960317 -> 920929 (account_id 1499)
FAULT-03884,temporal_violations,trans,267447,date 970210 -> 411 (account_id 915)
FAULT-03885,temporal_violations,trans,845783,date 951007 -> 107 (account_id 2880)
FAULT-03886,temporal_violations,trans,15605,date 980107 -> 327 (account_id 52)
FAULT-03887,temporal_violations,trans,3438530,date 980630 -> 811 (account_id 593)
FAULT-03888,temporal_violations,trans,518213,date 941031 -> 930623 (account_id 1770)
FAULT-03889,temporal_violations,trans,1596244,date 980331 -> 990416 (account_id 5422)
FAULT-03890,temporal_violations,trans,185450,date 960919 -> 930615 (account_id 628)
FAULT-03891,temporal_violations,trans,124479,date 950412 -> 218 (account_id 419)
FAULT-03892,temporal_violations,trans,2120050,date 971227 -> 961030 (account_id 7180)
FAULT-03893,temporal_violations,trans,1080862,date 950109 -> 920918 (account_id 3691)
FAULT-03894,temporal_violations,trans,672460,date 970109 -> 210 (account_id 2297)
FAULT-03895,temporal_violations,trans,2688797,date 950731 -> 940315 (account_id 8899)
FAULT-03896,temporal_violations,trans,299790,date 980531 -> 950723 (account_id 1020)
FAULT-03897,temporal_violations,trans,808031,date 981107 -> 950422 (account_id 2753)
FAULT-03898,temporal_violations,trans,102704,date 970311 -> 950621 (account_id 350)
FAULT-03899,temporal_violations,trans,1060976,date 971008 -> 414 (account_id 3626)
FAULT-03900,temporal_violations,trans,564543,date 981026 -> 990411 (account_id 1921)
FAULT-03901,temporal_violations,trans,3508189,date 980630 -> 990602 (account_id 9140)
FAULT-03902,temporal_violations,trans,575363,date 971106 -> 930528 (account_id 1959)
FAULT-03903,temporal_violations,trans,175877,date 980930 -> 951128 (account_id 593)
FAULT-03904,temporal_violations,trans,369196,date 980528 -> 970228 (account_id 1255)
FAULT-03905,temporal_violations,trans,1207722,date 970731 -> 931119 (account_id 4131)
FAULT-03906,temporal_violations,trans,670126,date 981011 -> 950211 (account_id 2287)
FAULT-03907,temporal_violations,trans,183742,date 980430 -> 930530 (account_id 624)
FAULT-03908,temporal_violations,trans,967644,date 981130 -> 931117 (account_id 3297)
FAULT-03909,temporal_violations,trans,1778005,date 951112 -> 920710 (account_id 6030)
FAULT-03910,temporal_violations,trans,144454,date 950818 -> 940801 (account_id 484)
FAULT-03911,temporal_violations,trans,294958,date 950930 -> 920613 (account_id 1006)
FAULT-03912,temporal_violations,trans,315287,date 970108 -> 991122 (account_id 1076)
FAULT-03913,temporal_violations,trans,158033,date 980211 -> 951005 (account_id 528)
FAULT-03914,temporal_violations,trans,157430,date 980107 -> 960428 (account_id 526)
FAULT-03915,temporal_violations,trans,2023344,date 970122 -> 528 (account_id 6856)
FAULT-03916,temporal_violations,trans,593246,date 940706 -> 721 (account_id 2020)
FAULT-03917,temporal_violations,trans,2699837,date 961221 -> 921013 (account_id 8934)
FAULT-03918,temporal_violations,trans,887867,date 941008 -> 920821 (account_id 3028)
FAULT-03919,temporal_violations,trans,3614287,date 961231 -> 624 (account_id 2536)
FAULT-03920,temporal_violations,trans,3574513,date 940731 -> 920426 (account_id 1337)
FAULT-03921,temporal_violations,trans,1531601,date 960117 -> 713 (account_id 5215)
FAULT-03922,temporal_violations,trans,618105,date 960731 -> 950919 (account_id 2109)
FAULT-03923,temporal_violations,trans,7939,date 960510 -> 940626 (account_id 29)
FAULT-03924,temporal_violations,trans,732912,date 970131 -> 921023 (account_id 2504)
FAULT-03925,temporal_violations,trans,518037,date 960110 -> 302 (account_id 1770)
FAULT-03926,temporal_violations,trans,712361,date 980604 -> 921014 (account_id 2435)
FAULT-03927,temporal_violations,trans,3636718,date 960731 -> 990904 (account_id 3218)
FAULT-03928,temporal_violations,trans,329401,date 960107 -> 930803 (account_id 1123)
FAULT-03929,temporal_violations,trans,967689,date 981029 -> 940404 (account_id 3297)
FAULT-03930,temporal_violations,trans,1312018,date 980117 -> 950410 (account_id 4480)
FAULT-03931,temporal_violations,trans,734761,date 960613 -> 930205 (account_id 2510)
FAULT-03932,temporal_violations,trans,676465,date 980430 -> 950415 (account_id 2310)
FAULT-03933,temporal_violations,trans,372195,date 950214 -> 930330 (account_id 1268)
FAULT-03934,temporal_violations,trans,3319498,date 971217 -> 960412 (account_id 11027)
FAULT-03935,temporal_violations,trans,933673,date 981130 -> 990605 (account_id 3184)
FAULT-03936,temporal_violations,trans,919629,date 981010 -> 930107 (account_id 3134)
FAULT-03937,temporal_violations,trans,766392,date 951212 -> 920802 (account_id 2617)
FAULT-03938,temporal_violations,trans,160804,date 940831 -> 920106 (account_id 539)
FAULT-03939,temporal_violations,trans,721401,date 981130 -> 940212 (account_id 2470)
FAULT-03940,temporal_violations,trans,503963,date 940731 -> 930702 (account_id 1719)
FAULT-03941,temporal_violations,trans,207566,date 981013 -> 920405 (account_id 704)
FAULT-03942,temporal_violations,trans,568093,date 980611 -> 931117 (account_id 1934)
FAULT-03943,temporal_violations,trans,880493,date 960610 -> 930130 (account_id 3000)
FAULT-03944,temporal_violations,trans,1051743,date 971211 -> 814 (account_id 3597)
FAULT-03945,temporal_violations,trans,964277,date 981130 -> 318 (account_id 3286)
FAULT-03946,temporal_violations,trans,344051,date 960331 -> 116 (account_id 1166)
FAULT-03947,temporal_violations,trans,3628795,date 970531 -> 991211 (account_id 2970)
FAULT-03948,temporal_violations,trans,568276,date 980911 -> 228 (account_id 1934)
FAULT-03949,temporal_violations,trans,935750,date 981011 -> 960306 (account_id 3194)
FAULT-03950,temporal_violations,trans,624247,date 970117 -> 960918 (account_id 2130)
FAULT-03951,temporal_violations,trans,993420,date 970114 -> 950816 (account_id 3389)
FAULT-03952,temporal_violations,trans,655522,date 951006 -> 991212 (account_id 2241)
FAULT-03953,temporal_violations,trans,298424,date 971123 -> 931105 (account_id 1017)
FAULT-03954,temporal_violations,trans,3450683,date 970630 -> 960707 (account_id 4588)
FAULT-03955,temporal_violations,trans,3530856,date 940331 -> 921110 (account_id 15)
FAULT-03956,temporal_violations,trans,3649218,date 961031 -> 950308 (account_id 3606)
FAULT-03957,temporal_violations,trans,770483,date 980714 -> 990521 (account_id 2629)
FAULT-03958,temporal_violations,trans,299433,date 930521 -> 990527 (account_id 1019)
FAULT-03959,temporal_violations,trans,1897495,date 951112 -> 129 (account_id 6425)
FAULT-03960,temporal_violations,trans,592436,date 971031 -> 705 (account_id 2016)
FAULT-03961,temporal_violations,trans,1134151,date 980509 -> 712 (account_id 3876)
FAULT-03962,temporal_violations,trans,3662919,date 981031 -> 991129 (account_id 4116)
FAULT-03963,temporal_violations,trans,1045300,date 971011 -> 920427 (account_id 3575)
FAULT-03964,temporal_violations,trans,642836,date 971105 -> 940416 (account_id 2195)
FAULT-03965,temporal_violations,trans,667029,date 980331 -> 920918 (account_id 2276)
FAULT-03966,temporal_violations,trans,864465,date 980607 -> 990921 (account_id 2942)
FAULT-03967,temporal_violations,trans,420236,date 980213 -> 990517 (account_id 1425)
FAULT-03968,temporal_violations,trans,68587,date 980513 -> 930309 (account_id 228)
FAULT-03969,temporal_violations,trans,2089157,date 971230 -> 960710 (account_id 7082)
FAULT-03970,temporal_violations,trans,758010,date 970913 -> 991226 (account_id 2585)
FAULT-03971,temporal_violations,trans,3649362,date 980228 -> 705 (account_id 3610)
FAULT-03972,temporal_violations,trans,263820,date 970806 -> 921223 (account_id 902)
FAULT-03973,temporal_violations,trans,846934,date 980909 -> 920520 (account_id 2884)
FAULT-03974,temporal_violations,trans,885435,date 960705 -> 502 (account_id 3017)
FAULT-03975,temporal_violations,trans,926520,date 970505 -> 991106 (account_id 3158)
FAULT-03976,temporal_violations,trans,741434,date 980808 -> 990819 (account_id 2531)
FAULT-03977,temporal_violations,trans,3562157,date 980131 -> 950323 (account_id 957)
FAULT-03978,temporal_violations,trans,507054,date 971222 -> 623 (account_id 1731)
FAULT-03979,temporal_violations,trans,276003,date 950626 -> 920831 (account_id 944)
FAULT-03980,temporal_violations,trans,3599250,date 951031 -> 930118 (account_id 2078)
FAULT-03981,temporal_violations,trans,842181,date 960221 -> 950224 (account_id 2866)
FAULT-03982,temporal_violations,trans,728612,date 960608 -> 950824 (account_id 2491)
FAULT-03983,temporal_violations,trans,958923,date 960114 -> 930514 (account_id 3267)
FAULT-03984,temporal_violations,trans,3589058,date 980430 -> 991218 (account_id 1782)
FAULT-03985,temporal_violations,trans,890445,date 951107 -> 329 (account_id 3036)
FAULT-03986,temporal_violations,trans,71376,date 940407 -> 990721 (account_id 238)
FAULT-03987,temporal_violations,trans,477188,date 950531 -> 991108 (account_id 1626)
FAULT-03988,temporal_violations,trans,866859,date 981013 -> 920830 (account_id 2951)
FAULT-03989,temporal_violations,trans,1146767,date 941212 -> 921218 (account_id 3923)
FAULT-03990,temporal_violations,trans,84696,date 970114 -> 950621 (account_id 283)
FAULT-03991,temporal_violations,trans,1155188,date 980107 -> 951110 (account_id 3952)
FAULT-03992,temporal_violations,trans,3496054,date 980228 -> 930718 (account_id 8073)
FAULT-03993,temporal_violations,trans,447373,date 960119 -> 940828 (account_id 1519)
FAULT-03994,temporal_violations,trans,3315031,date 980717 -> 920607 (account_id 11013)
FAULT-03995,temporal_violations,trans,30006,date 961205 -> 950802 (account_id 97)
FAULT-03996,temporal_violations,trans,89794,date 981026 -> 991127 (account_id 302)
FAULT-03997,temporal_violations,trans,58149,date 981031 -> 951224 (account_id 194)
FAULT-03998,temporal_violations,trans,1820,date 980816 -> 960122 (account_id 7)
FAULT-03999,temporal_violations,trans,2893483,date 960710 -> 930228 (account_id 9583)
FAULT-04000,temporal_violations,trans,365017,date 971110 -> 960708 (account_id 1240)
FAULT-04001,temporal_violations,trans,3580355,date 960630 -> 104 (account_id 1515)
FAULT-04002,temporal_violations,trans,3530897,date 970831 -> 103 (account_id 15)
FAULT-04003,temporal_violations,trans,207679,date 960215 -> 920731 (account_id 704)
FAULT-04004,temporal_violations,trans,635580,date 960914 -> 940107 (account_id 2170)
FAULT-04005,temporal_violations,trans,806710,date 980818 -> 930321 (account_id 2749)
FAULT-04006,temporal_violations,trans,2357078,date 940228 -> 930328 (account_id 7774)
FAULT-04007,temporal_violations,trans,3599659,date 970331 -> 102 (account_id 2092)
FAULT-04008,temporal_violations,trans,3612851,date 960430 -> 990629 (account_id 2499)
FAULT-04009,temporal_violations,trans,3622806,date 971031 -> 940823 (account_id 2790)
FAULT-04010,temporal_violations,trans,3512771,date 960930 -> 930306 (account_id 9583)
FAULT-04011,temporal_violations,trans,1068464,date 970709 -> 126 (account_id 3650)
FAULT-04012,temporal_violations,trans,310185,date 951213 -> 920416 (account_id 1057)
FAULT-04013,temporal_violations,trans,1583831,date 961111 -> 990625 (account_id 5385)
FAULT-04014,temporal_violations,trans,956042,date 951122 -> 990928 (account_id 3258)
FAULT-04015,temporal_violations,trans,389044,date 960229 -> 126 (account_id 1322)
FAULT-04016,temporal_violations,trans,3451062,date 980331 -> 950523 (account_id 4768)
FAULT-04017,temporal_violations,trans,2715900,date 940430 -> 930322 (account_id 8982)
FAULT-04018,temporal_violations,trans,456454,date 980105 -> 950930 (account_id 1550)
FAULT-04019,temporal_violations,trans,3605839,date 960930 -> 921012 (account_id 2293)
FAULT-04020,temporal_violations,trans,539298,date 960207 -> 930308 (account_id 1834)
FAULT-04021,temporal_violations,trans,792551,date 940114 -> 990523 (account_id 2701)
FAULT-04022,temporal_violations,trans,129126,date 951130 -> 921001 (account_id 433)
FAULT-04023,temporal_violations,trans,47480,date 940512 -> 920825 (account_id 160)
FAULT-04024,temporal_violations,trans,3630381,date 980228 -> 801 (account_id 3023)
FAULT-04025,temporal_violations,trans,3145152,date 960208 -> 931021 (account_id 10439)
FAULT-04026,temporal_violations,trans,712166,date 940329 -> 991007 (account_id 2434)
FAULT-04027,temporal_violations,trans,116634,date 960229 -> 629 (account_id 393)
FAULT-04028,temporal_violations,trans,3547703,date 970630 -> 426 (account_id 516)
FAULT-04029,temporal_violations,trans,733816,date 970210 -> 920511 (account_id 2508)
FAULT-04030,temporal_violations,trans,3532499,date 940531 -> 930207 (account_id 61)
FAULT-04031,temporal_violations,trans,13202,date 971005 -> 920827 (account_id 44)
FAULT-04032,temporal_violations,trans,847472,date 970905 -> 930909 (account_id 2886)
FAULT-04033,temporal_violations,trans,104999,date 961113 -> 931010 (account_id 358)
FAULT-04034,temporal_violations,trans,127419,date 950630 -> 931103 (account_id 427)
FAULT-04035,temporal_violations,trans,1731152,date 980430 -> 990429 (account_id 5870)
FAULT-04036,temporal_violations,trans,766586,date 950108 -> 208 (account_id 2618)
FAULT-04037,temporal_violations,trans,976288,date 940805 -> 990505 (account_id 3327)
FAULT-04038,temporal_violations,trans,370336,date 980627 -> 960115 (account_id 1259)
FAULT-04039,temporal_violations,trans,3542305,date 971130 -> 991003 (account_id 355)
FAULT-04040,temporal_violations,trans,717787,date 950331 -> 920507 (account_id 2458)
FAULT-04041,temporal_violations,trans,1044581,date 970831 -> 990719 (account_id 3571)
FAULT-04042,temporal_violations,trans,3394144,date 980831 -> 990707 (account_id 11265)
FAULT-04043,temporal_violations,trans,277997,date 961212 -> 950322 (account_id 951)
FAULT-04044,temporal_violations,trans,1306852,date 970430 -> 951116 (account_id 4462)
FAULT-04045,temporal_violations,trans,205863,date 950808 -> 920917 (account_id 699)
FAULT-04046,temporal_violations,trans,1162404,date 940806 -> 328 (account_id 3980)
FAULT-04047,temporal_violations,trans,1054097,date 970605 -> 950719 (account_id 3606)
FAULT-04048,temporal_violations,trans,3455747,date 980430 -> 610 (account_id 8759)
FAULT-04049,temporal_violations,trans,1331618,date 971107 -> 990825 (account_id 4550)
FAULT-04050,temporal_violations,trans,3460067,date 950831 -> 920202 (account_id 299)
FAULT-04051,temporal_violations,trans,3561292,date 981130 -> 990724 (account_id 930)
FAULT-04052,temporal_violations,trans,147153,date 950307 -> 930806 (account_id 493)
FAULT-04053,temporal_violations,trans,3632227,date 950531 -> 930426 (account_id 3078)
FAULT-04054,temporal_violations,trans,629135,date 980630 -> 950623 (account_id 2147)
FAULT-04055,temporal_violations,trans,2571488,date 960806 -> 990925 (account_id 8489)
FAULT-04056,temporal_violations,trans,329172,date 940212 -> 519 (account_id 1123)
FAULT-04057,temporal_violations,trans,2938194,date 971031 -> 317 (account_id 9730)
FAULT-04058,temporal_violations,trans,1095637,date 961201 -> 930109 (account_id 3745)
FAULT-04059,temporal_violations,trans,568548,date 980906 -> 960425 (account_id 1935)
FAULT-04060,temporal_violations,trans,594065,date 970310 -> 990902 (account_id 2023)
FAULT-04061,temporal_violations,trans,217987,date 950124 -> 940613 (account_id 741)
FAULT-04062,temporal_violations,trans,1076871,date 930423 -> 921031 (account_id 3678)
FAULT-04063,temporal_violations,trans,3083898,date 950731 -> 990416 (account_id 10227)
FAULT-04064,temporal_violations,trans,3540139,date 950831 -> 940816 (account_id 288)
FAULT-04065,temporal_violations,trans,1047262,date 971007 -> 960507 (account_id 3581)
FAULT-04066,temporal_violations,trans,2586489,date 970114 -> 950429 (account_id 8547)
FAULT-04067,temporal_violations,trans,430806,date 970529 -> 991021 (account_id 1463)
FAULT-04068,temporal_violations,trans,391075,date 980630 -> 950723 (account_id 1330)
FAULT-04069,temporal_violations,trans,2979054,date 960213 -> 930712 (account_id 9869)
FAULT-04070,temporal_violations,trans,1122997,date 960831 -> 921028 (account_id 3835)
FAULT-04071,temporal_violations,trans,562023,date 970407 -> 990806 (account_id 1912)
FAULT-04072,temporal_violations,trans,544246,date 970910 -> 991221 (account_id 1851)
FAULT-04073,temporal_violations,trans,3644902,date 980630 -> 941023 (account_id 3474)
FAULT-04074,temporal_violations,trans,872147,date 980115 -> 931031 (account_id 2971)
FAULT-04075,temporal_violations,trans,1066735,date 980111 -> 950215 (account_id 3645)
FAULT-04076,temporal_violations,trans,2121623,date 960611 -> 211 (account_id 7184)
FAULT-04077,temporal_violations,trans,3501510,date 980731 -> 990707 (account_id 8547)
FAULT-04078,temporal_violations,trans,575961,date 960923 -> 940516 (account_id 1961)
FAULT-04079,temporal_violations,trans,579532,date 951226 -> 991110 (account_id 1972)
FAULT-04080,temporal_violations,trans,625798,date 950901 -> 603 (account_id 2137)
FAULT-04081,temporal_violations,trans,2135372,date 950615 -> 920518 (account_id 7231)
FAULT-04082,temporal_violations,trans,3542368,date 971231 -> 950112 (account_id 357)
FAULT-04083,temporal_violations,trans,3449381,date 960630 -> 950806 (account_id 3689)
FAULT-04084,temporal_violations,trans,3617772,date 930630 -> 920711 (account_id 2641)
FAULT-04085,temporal_violations,trans,515912,date 961031 -> 417 (account_id 1763)
FAULT-04086,temporal_violations,trans,714818,date 980228 -> 124 (account_id 2445)
FAULT-04087,temporal_violations,trans,344119,date 960505 -> 930224 (account_id 1166)
FAULT-04088,temporal_violations,trans,1305051,date 981222 -> 950512 (account_id 4456)
FAULT-04089,temporal_violations,trans,2451953,date 980920 -> 950928 (account_id 8085)
FAULT-04090,temporal_violations,trans,1099338,date 980607 -> 950417 (account_id 3755)
FAULT-04091,temporal_violations,trans,699977,date 970305 -> 950525 (account_id 2395)
FAULT-04092,temporal_violations,trans,621927,date 940504 -> 990902 (account_id 2122)
FAULT-04093,temporal_violations,trans,550356,date 970430 -> 120 (account_id 1874)
FAULT-04094,temporal_violations,trans,850017,date 980228 -> 990519 (account_id 2895)
FAULT-04095,temporal_violations,trans,2707574,date 950531 -> 125 (account_id 8957)
FAULT-04096,temporal_violations,trans,682371,date 970306 -> 960502 (account_id 2329)
FAULT-04097,temporal_violations,trans,3457994,date 980430 -> 941017 (account_id 10558)
FAULT-04098,temporal_violations,trans,1313314,date 940928 -> 911207 (account_id 4484)
FAULT-04099,temporal_violations,trans,377247,date 981124 -> 990508 (account_id 1284)
FAULT-04100,temporal_violations,trans,97806,date 940428 -> 920818 (account_id 334)
FAULT-04101,temporal_violations,trans,1246621,date 950430 -> 930806 (account_id 4264)
FAULT-04102,temporal_violations,trans,630894,date 970311 -> 940208 (account_id 2154)
FAULT-04103,temporal_violations,trans,3643155,date 971231 -> 204 (account_id 3413)
FAULT-04104,temporal_violations,trans,774226,date 960305 -> 950110 (account_id 2642)
FAULT-04105,temporal_violations,trans,363126,date 940412 -> 930910 (account_id 1235)
FAULT-04106,temporal_violations,trans,1614312,date 980831 -> 930528 (account_id 5481)
FAULT-04107,temporal_violations,trans,1165578,date 980102 -> 951024 (account_id 3994)
FAULT-04108,temporal_violations,trans,950029,date 980831 -> 703 (account_id 3238)
FAULT-04109,temporal_violations,trans,3492638,date 950731 -> 950127 (account_id 7815)
FAULT-04110,temporal_violations,trans,903362,date 970910 -> 528 (account_id 3078)
FAULT-04111,temporal_violations,trans,3533047,date 970930 -> 950702 (account_id 75)
FAULT-04112,temporal_violations,trans,880396,date 980930 -> 960619 (account_id 2999)
FAULT-04113,temporal_violations,trans,805012,date 950731 -> 930911 (account_id 2742)
FAULT-04114,temporal_violations,trans,3553357,date 980630 -> 940206 (account_id 693)
FAULT-04115,temporal_violations,trans,193841,date 970811 -> 921104 (account_id 657)
FAULT-04116,temporal_violations,trans,2144399,date 980531 -> 990422 (account_id 7262)
FAULT-04117,temporal_violations,trans,393632,date 960908 -> 920507 (account_id 1338)
FAULT-04118,temporal_violations,trans,282423,date 950113 -> 921211 (account_id 969)
FAULT-04119,temporal_violations,trans,587807,date 941206 -> 930202 (account_id 2001)
FAULT-04120,temporal_violations,trans,3653039,date 940531 -> 627 (account_id 3714)
FAULT-04121,temporal_violations,trans,820056,date 970824 -> 951011 (account_id 2792)
FAULT-04122,temporal_violations,trans,3336038,date 980114 -> 950828 (account_id 11079)
FAULT-04123,temporal_violations,trans,86450,date 971130 -> 931008 (account_id 289)
FAULT-04124,temporal_violations,trans,1105226,date 980108 -> 951013 (account_id 3776)
FAULT-04125,temporal_violations,trans,876511,date 961205 -> 960229 (account_id 2986)
FAULT-04126,temporal_violations,trans,2476005,date 970515 -> 226 (account_id 8169)
FAULT-04127,temporal_violations,trans,963034,date 970618 -> 991112 (account_id 3282)
FAULT-04128,temporal_violations,trans,891750,date 970430 -> 127 (account_id 3039)
FAULT-04129,temporal_violations,trans,829998,date 980108 -> 960606 (account_id 2826)
FAULT-04130,temporal_violations,trans,158713,date 970908 -> 950617 (account_id 532)
FAULT-04131,temporal_violations,trans,765109,date 970610 -> 130 (account_id 2613)
FAULT-04132,temporal_violations,trans,2912791,date 980611 -> 951030 (account_id 9645)
FAULT-04133,temporal_violations,trans,2438317,date 970212 -> 950503 (account_id 8039)
FAULT-04134,temporal_violations,trans,122365,date 970310 -> 920203 (account_id 411)
FAULT-04135,temporal_violations,trans,1037700,date 970430 -> 960707 (account_id 3549)
FAULT-04136,temporal_violations,trans,516384,date 981013 -> 940623 (account_id 1766)
FAULT-04137,temporal_violations,trans,3580623,date 970930 -> 950920 (account_id 1525)
FAULT-04138,temporal_violations,trans,3573495,date 981031 -> 931015 (account_id 1302)
FAULT-04139,temporal_violations,trans,784850,date 960630 -> 950131 (account_id 2674)
FAULT-04140,temporal_violations,trans,26006,date 970621 -> 960814 (account_id 85)
FAULT-04141,temporal_violations,trans,1057708,date 951207 -> 920827 (account_id 3617)
FAULT-04142,temporal_violations,trans,1147391,date 970716 -> 306 (account_id 3925)
FAULT-04143,temporal_violations,trans,3282074,date 981206 -> 991011 (account_id 10905)
FAULT-04144,temporal_violations,trans,1014516,date 970913 -> 521 (account_id 3468)
FAULT-04145,temporal_violations,trans,2434954,date 950826 -> 418 (account_id 8027)
FAULT-04146,temporal_violations,trans,3544150,date 950731 -> 921110 (account_id 411)
FAULT-04147,temporal_violations,trans,759715,date 961211 -> 920527 (account_id 2592)
FAULT-04148,temporal_violations,trans,377498,date 931130 -> 930125 (account_id 1285)
FAULT-04149,temporal_violations,trans,943105,date 980125 -> 961004 (account_id 3217)
FAULT-04150,temporal_violations,trans,739033,date 971014 -> 940717 (account_id 2524)
FAULT-04151,temporal_violations,trans,849419,date 940815 -> 921002 (account_id 2894)
FAULT-04152,temporal_violations,trans,1166582,date 960911 -> 951123 (account_id 3998)
FAULT-04153,temporal_violations,trans,813905,date 960509 -> 920827 (account_id 2771)
FAULT-04154,temporal_violations,trans,1339332,date 950310 -> 990529 (account_id 4576)
FAULT-04155,temporal_violations,trans,3555567,date 960831 -> 950518 (account_id 762)
FAULT-04156,temporal_violations,trans,20214,date 970903 -> 517 (account_id 67)
FAULT-04157,temporal_violations,trans,84421,date 981017 -> 960118 (account_id 281)
FAULT-04158,temporal_violations,trans,1921619,date 980531 -> 950526 (account_id 6512)
FAULT-04159,temporal_violations,trans,2733192,date 970213 -> 930301 (account_id 9041)
FAULT-04160,temporal_violations,trans,1781619,date 970101 -> 990809 (account_id 6040)
FAULT-04161,temporal_violations,trans,3440688,date 971130 -> 930408 (account_id 1091)
FAULT-04162,temporal_violations,trans,412238,date 970203 -> 920107 (account_id 1402)
FAULT-04163,temporal_violations,trans,1055498,date 950331 -> 519 (account_id 3609)
FAULT-04164,temporal_violations,trans,792674,date 980405 -> 921023 (account_id 2701)
FAULT-04165,temporal_violations,trans,245065,date 980214 -> 990509 (account_id 841)
FAULT-04166,temporal_violations,trans,852987,date 970406 -> 920624 (account_id 2907)
FAULT-04167,temporal_violations,trans,2372935,date 980409 -> 990612 (account_id 7824)
FAULT-04168,temporal_violations,trans,859746,date 970228 -> 950715 (account_id 2929)
FAULT-04169,temporal_violations,trans,1276912,date 980301 -> 990814 (account_id 4368)
FAULT-04170,temporal_violations,trans,3469714,date 970331 -> 204 (account_id 4296)
FAULT-04171,temporal_violations,trans,609844,date 970807 -> 513 (account_id 2076)
FAULT-04172,temporal_violations,trans,56004,date 951225 -> 628 (account_id 187)
FAULT-04173,temporal_violations,trans,156000,date 970206 -> 941008 (account_id 522)
FAULT-04174,temporal_violations,trans,3457987,date 970930 -> 950714 (account_id 10558)
FAULT-04175,temporal_violations,trans,3534616,date 980930 -> 970706 (account_id 121)
FAULT-04176,temporal_violations,trans,883160,date 931224 -> 424 (account_id 3008)
FAULT-04177,temporal_violations,trans,1321541,date 940325 -> 920917 (account_id 4511)
FAULT-04178,temporal_violations,trans,1273366,date 940818 -> 920821 (account_id 4355)
FAULT-04179,temporal_violations,trans,493,date 930822 -> 921206 (account_id 2)
FAULT-04180,temporal_violations,trans,3529392,date 950930 -> 930128 (account_id 11320)
FAULT-04181,temporal_violations,trans,238359,date 960413 -> 212 (account_id 815)
FAULT-04182,temporal_violations,trans,1169095,date 971213 -> 626 (account_id 4008)
FAULT-04183,temporal_violations,trans,261380,date 980513 -> 951108 (account_id 895)
FAULT-04184,temporal_violations,trans,3650975,date 960630 -> 940207 (account_id 3653)
FAULT-04185,temporal_violations,trans,3565640,date 970630 -> 951129 (account_id 1068)
FAULT-04186,temporal_violations,trans,458475,date 970613 -> 940501 (account_id 1559)
FAULT-04187,temporal_violations,trans,3556799,date 970731 -> 990709 (account_id 810)
FAULT-04188,temporal_violations,trans,1162371,date 971109 -> 911127 (account_id 3980)
FAULT-04189,temporal_violations,trans,509736,date 980128 -> 990723 (account_id 1744)
FAULT-04190,temporal_violations,trans,3644610,date 971231 -> 920717 (account_id 3465)
FAULT-04191,temporal_violations,trans,3135010,date 980602 -> 960328 (account_id 10404)
FAULT-04192,temporal_violations,trans,1145691,date 980930 -> 808 (account_id 3918)
FAULT-04193,temporal_violations,trans,22539,date 980814 -> 991227 (account_id 73)
FAULT-04194,temporal_violations,trans,192206,date 960211 -> 910930 (account_id 652)
FAULT-04195,temporal_violations,trans,860061,date 950912 -> 718 (account_id 2931)
FAULT-04196,temporal_violations,trans,358925,date 980908 -> 115 (account_id 1219)
FAULT-04197,temporal_violations,trans,1207699,date 950831 -> 931014 (account_id 4131)
FAULT-04198,temporal_violations,trans,788438,date 970531 -> 930129 (account_id 2687)
FAULT-04199,temporal_violations,trans,3446531,date 971130 -> 950513 (account_id 1384)
FAULT-04200,temporal_violations,trans,334212,date 941014 -> 629 (account_id 1136)
FAULT-04201,temporal_violations,trans,3532109,date 980531 -> 991031 (account_id 49)
FAULT-04202,temporal_violations,trans,1747188,date 940412 -> 990531 (account_id 5927)
FAULT-04203,temporal_violations,trans,519447,date 960430 -> 990422 (account_id 1773)
FAULT-04204,temporal_violations,trans,913250,date 970921 -> 921127 (account_id 3113)
FAULT-04205,temporal_violations,trans,3352828,date 940408 -> 930707 (account_id 11135)
FAULT-04206,temporal_violations,trans,849895,date 950128 -> 930107 (account_id 2895)
FAULT-04207,temporal_violations,trans,3657258,date 961231 -> 991116 (account_id 3837)
FAULT-04208,temporal_violations,trans,1889983,date 950804 -> 306 (account_id 6397)
FAULT-04209,temporal_violations,trans,792494,date 950410 -> 920926 (account_id 2701)
FAULT-04210,temporal_violations,trans,730316,date 940819 -> 991026 (account_id 2496)
FAULT-04211,temporal_violations,trans,462892,date 930910 -> 920305 (account_id 1575)
FAULT-04212,temporal_violations,trans,134656,date 950430 -> 990419 (account_id 451)
FAULT-04213,temporal_violations,trans,1787231,date 980125 -> 950503 (account_id 6062)
FAULT-04214,temporal_violations,trans,1148559,date 971117 -> 213 (account_id 3928)
FAULT-04215,temporal_violations,trans,364774,date 960930 -> 990912 (account_id 1239)
FAULT-04216,temporal_violations,trans,3575583,date 970531 -> 941226 (account_id 1376)
FAULT-04217,temporal_violations,trans,231789,date 970811 -> 940303 (account_id 789)
FAULT-04218,temporal_violations,trans,3584462,date 970630 -> 222 (account_id 1642)
FAULT-04219,temporal_violations,trans,3645539,date 980131 -> 325 (account_id 3491)
FAULT-04220,temporal_violations,trans,2747193,date 941009 -> 930318 (account_id 9093)
FAULT-04221,temporal_violations,trans,806765,date 960605 -> 931117 (account_id 2749)
FAULT-04222,temporal_violations,trans,3618543,date 951231 -> 319 (account_id 2663)
FAULT-04223,temporal_violations,trans,355838,date 980131 -> 940408 (account_id 1205)
FAULT-04224,temporal_violations,trans,1086774,date 971101 -> 921121 (account_id 3713)
FAULT-04225,temporal_violations,trans,913135,date 980920 -> 990624 (account_id 3112)
FAULT-04226,temporal_violations,trans,3538056,date 970430 -> 991029 (account_id 227)
FAULT-04227,temporal_violations,trans,1024897,date 970218 -> 950710 (account_id 3499)
FAULT-04228,temporal_violations,trans,1125334,date 950508 -> 209 (account_id 3844)
FAULT-04229,temporal_violations,trans,753264,date 960530 -> 314 (account_id 2569)
FAULT-04230,temporal_violations,trans,1534955,date 970805 -> 414 (account_id 5228)
FAULT-04231,temporal_violations,trans,310031,date 970621 -> 991209 (account_id 1056)
FAULT-04232,temporal_violations,trans,424079,date 941231 -> 991219 (account_id 1440)
FAULT-04233,temporal_violations,trans,812345,date 950607 -> 930521 (account_id 2768)
FAULT-04234,temporal_violations,trans,3566210,date 981130 -> 950508 (account_id 1082)
FAULT-04235,temporal_violations,trans,280875,date 961121 -> 950214 (account_id 962)
FAULT-04236,temporal_violations,trans,155451,date 940731 -> 930410 (account_id 520)
FAULT-04237,temporal_violations,trans,1271070,date 960925 -> 990426 (account_id 4346)
FAULT-04238,temporal_violations,trans,121381,date 970518 -> 118 (account_id 407)
FAULT-04239,temporal_violations,trans,764363,date 970211 -> 951211 (account_id 2610)
FAULT-04240,temporal_violations,trans,319783,date 960627 -> 950317 (account_id 1092)
FAULT-04241,temporal_violations,trans,262253,date 950615 -> 920828 (account_id 897)
FAULT-04242,temporal_violations,trans,332795,date 970811 -> 920412 (account_id 1132)
FAULT-04243,temporal_violations,trans,1223557,date 970812 -> 991130 (account_id 4190)
FAULT-04244,temporal_violations,trans,3490638,date 950430 -> 940916 (account_id 7614)
FAULT-04245,temporal_violations,trans,3539210,date 970831 -> 991223 (account_id 264)
FAULT-04246,temporal_violations,trans,100365,date 970831 -> 930110 (account_id 343)
FAULT-04247,temporal_violations,trans,1142029,date 981130 -> 991004 (account_id 3904)
FAULT-04248,temporal_violations,trans,242110,date 980709 -> 951204 (account_id 828)
FAULT-04249,temporal_violations,trans,2571545,date 950509 -> 930304 (account_id 8489)
FAULT-04250,temporal_violations,trans,1013468,date 940120 -> 920320 (account_id 3465)
FAULT-04251,temporal_violations,trans,3521332,date 970331 -> 921121 (account_id 10439)
FAULT-04252,temporal_violations,trans,2779751,date 971031 -> 807 (account_id 9199)
FAULT-04253,temporal_violations,trans,699263,date 960714 -> 921120 (account_id 2393)
FAULT-04254,temporal_violations,trans,464424,date 960608 -> 950606 (account_id 1580)
FAULT-04255,temporal_violations,trans,182916,date 980908 -> 960616 (account_id 622)
FAULT-04256,temporal_violations,trans,55298,date 980127 -> 960502 (account_id 185)
FAULT-04257,volume_spikes,trans,1577,30 synthetic transactions added on date 970812 (that day normally had 1); trans_ids 3682988-3683017
FAULT-04258,volume_spikes,trans,3354,30 synthetic transactions added on date 970110 (that day normally had 3); trans_ids 3683018-3683047
FAULT-04259,volume_spikes,trans,3877,30 synthetic transactions added on date 980930 (that day normally had 2); trans_ids 3683048-3683077
FAULT-04260,volume_spikes,trans,2689,30 synthetic transactions added on date 981014 (that day normally had 1); trans_ids 3683078-3683107
FAULT-04261,volume_spikes,trans,2536,30 synthetic transactions added on date 980609 (that day normally had 1); trans_ids 3683108-3683137
