trans_id,account_id,anomaly_score,is_anomaly,date,amount,balance,type,operation,k_symbol
753736,2572,0.6314793689974147,True,941207,73228.0,73828.0,PRIJEM,PREVOD Z UCTU,
1534971,5228,0.6310922343451688,True,981205,74522.0,142169.0,PRIJEM,PREVOD Z UCTU,
968246,3300,0.6302054618766552,True,971214,70078.0,124057.4,PRIJEM,PREVOD Z UCTU,
2477181,8173,0.6298605096667244,True,931205,61260.0,122523.5,PRIJEM,PREVOD Z UCTU,
1530384,5213,0.6298125683833106,True,951205,70071.0,130775.0,PRIJEM,PREVOD Z UCTU,
889904,3035,0.6292452831150832,True,931211,69468.0,114483.2,PRIJEM,PREVOD Z UCTU,
721551,2471,0.6286077414728476,True,971206,65392.0,131101.6,PRIJEM,PREVOD Z UCTU,
635547,2170,0.62860191748005,True,981206,74770.0,156459.0,PRIJEM,PREVOD Z UCTU,
2580440,8523,0.6282441807034965,True,981211,69780.0,115610.2,PRIJEM,PREVOD Z UCTU,
859553,2929,0.6278284733508622,True,971205,54874.0,119505.2,PRIJEM,PREVOD Z UCTU,
1534959,5228,0.6277956350316539,True,971205,74522.0,127459.0,PRIJEM,PREVOD Z UCTU,
503603,1718,0.6277163086369616,True,971213,65892.0,126478.3,PRIJEM,PREVOD Z UCTU,
3335919,11079,0.627391312126122,True,971211,73724.0,146540.3,PRIJEM,PREVOD Z UCTU,
721539,2471,0.6273273011346395,True,961206,65392.0,128580.4,PRIJEM,PREVOD Z UCTU,
1040428,3558,0.6272207971729707,True,981212,65614.0,140341.9,PRIJEM,PREVOD Z UCTU,
2383437,7859,0.6270102062719299,True,981213,54092.0,146957.6,PRIJEM,PREVOD Z UCTU,
3324335,11042,0.6269794875859955,True,961205,54286.0,112780.8,PRIJEM,PREVOD Z UCTU,
303166,1032,0.6268814785483056,True,951205,74648.0,138363.0,PRIJEM,PREVOD Z UCTU,
1548797,5270,0.6268657777702824,True,961214,67124.0,120704.4,PRIJEM,PREVOD Z UCTU,
1548785,5270,0.6268657777702824,True,951214,67124.0,122719.7,PRIJEM,PREVOD Z UCTU,
79351,266,0.6267616104442807,True,971212,74628.0,134565.1,PRIJEM,PREVOD Z UCTU,
19869,67,0.6266176087139605,True,981205,62235.0,127579.4,PRIJEM,PREVOD Z UCTU,
1534911,5228,0.6266176087139605,True,931205,74522.0,134416.6,PRIJEM,PREVOD Z UCTU,
855446,2915,0.6266050996700034,True,971210,71974.0,137318.6,PRIJEM,PREVOD Z UCTU,
1552699,5283,0.626441792411176,True,971214,67833.0,121425.0,PRIJEM,PREVOD Z UCTU,
1387154,4727,0.6263967131553658,True,981205,53613.0,123789.4,PRIJEM,PREVOD Z UCTU,
3207545,10645,0.6262670953707572,True,971206,73890.0,134634.4,PRIJEM,PREVOD Z UCTU,
3207557,10645,0.6262670953707572,True,981206,73890.0,134650.3,PRIJEM,PREVOD Z UCTU,
1644133,5574,0.6262300537100626,True,971208,71565.0,131859.0,PRIJEM,PREVOD Z UCTU,
1243214,4253,0.6261962785433518,True,981205,61878.0,121024.0,PRIJEM,PREVOD Z UCTU,
295562,1009,0.6261191505256447,True,951211,66434.0,136344.4,PRIJEM,PREVOD Z UCTU,
635523,2170,0.6260539407289569,True,961206,74770.0,145735.3,PRIJEM,PREVOD Z UCTU,
303202,1032,0.6258982918708519,True,981205,74648.0,148027.2,PRIJEM,PREVOD Z UCTU,
332492,1132,0.6258377545064684,True,961209,72147.0,143674.4,PRIJEM,PREVOD Z UCTU,
29179,96,0.6258246912088994,True,981211,66332.0,156580.3,PRIJEM,PREVOD Z UCTU,
518872,1772,0.6256421108767213,True,981208,72298.0,151677.1,PRIJEM,PREVOD Z UCTU,
648713,2218,0.6256244995674788,True,961205,61557.0,131532.4,PRIJEM,PREVOD Z UCTU,
2968861,9833,0.6253671034941747,True,961208,73224.0,137626.5,PRIJEM,PREVOD Z UCTU,
753772,2572,0.6253501817266002,True,971207,73228.0,137506.4,PRIJEM,PREVOD Z UCTU,
845050,2877,0.6253345322728203,True,981210,66615.0,132660.0,PRIJEM,PREVOD Z UCTU,
99074,339,0.6253015498888758,True,981212,70210.0,141113.9,PRIJEM,PREVOD Z UCTU,
2454642,8094,0.6252724762053967,True,981211,69012.0,114747.9,PRIJEM,PREVOD Z UCTU,
245786,844,0.6252707311288686,True,951206,70160.0,121355.0,PRIJEM,PREVOD Z UCTU,
1534923,5228,0.6252337331087107,True,941205,74522.0,125514.0,PRIJEM,PREVOD Z UCTU,
2477241,8173,0.6251934347692485,True,981205,61260.0,114841.4,PRIJEM,PREVOD Z UCTU,
280229,960,0.6249588764449214,True,981213,60016.0,137223.1,PRIJEM,PREVOD Z UCTU,
1910418,6472,0.6247837528998285,True,971210,57680.0,116110.1,PRIJEM,PREVOD Z UCTU,
518860,1772,0.6246525283066224,True,971208,72298.0,143910.2,PRIJEM,PREVOD Z UCTU,
1045671,3576,0.624582165800855,True,941206,4065.0,4965.0,PRIJEM,PREVOD Z UCTU,DUCHOD
635535,2170,0.6244565409007072,True,971206,74770.0,151642.7,PRIJEM,PREVOD Z UCTU,
668296,2282,0.6243792032412845,True,931214,69152.0,122210.9,PRIJEM,PREVOD Z UCTU,
1736679,5891,0.6243515916124889,True,981212,48891.0,159892.0,PRIJEM,PREVOD Z UCTU,
504990,1725,0.6243396516990517,True,971210,71805.0,130472.7,PRIJEM,PREVOD Z UCTU,
1530408,5213,0.624231428852814,True,971205,70071.0,117549.2,PRIJEM,PREVOD Z UCTU,
894560,3050,0.6241680934339857,True,971208,62168.0,113406.4,PRIJEM,PREVOD Z UCTU,
3419737,11349,0.6241680934339857,True,961208,62982.0,113678.7,PRIJEM,PREVOD Z UCTU,
966355,3293,0.6241646054818321,True,971210,69018.0,132186.8,PRIJEM,PREVOD Z UCTU,
2868178,9491,0.6241645685972318,True,961213,65738.0,127323.7,PRIJEM,PREVOD Z UCTU,
1244809,4259,0.6241645685972318,True,971213,66165.0,123107.2,PRIJEM,PREVOD Z UCTU,
1244821,4259,0.6241645685972318,True,981213,66165.0,124466.1,PRIJEM,PREVOD Z UCTU,
753784,2572,0.6240821589270047,True,981207,73228.0,134393.2,PRIJEM,PREVOD Z UCTU,
648737,2218,0.6239955559270838,True,981205,61557.0,126655.3,PRIJEM,PREVOD Z UCTU,
274218,940,0.6239355820024781,True,981211,56756.0,136560.2,PRIJEM,PREVOD Z UCTU,
303178,1032,0.6237154935844784,True,961205,74648.0,145035.8,PRIJEM,PREVOD Z UCTU,
889916,3035,0.6237111461052597,True,941211,69468.0,117590.4,PRIJEM,PREVOD Z UCTU,
1322239,4514,0.6236343379218046,True,961214,73800.0,125375.6,PRIJEM,PREVOD Z UCTU,
1262533,4318,0.6235406373571832,True,961208,69144.0,138371.4,PRIJEM,PREVOD Z UCTU,
721563,2471,0.6235118383355929,True,981206,65392.0,121486.7,PRIJEM,PREVOD Z UCTU,
1530396,5213,0.6234852645062864,True,961205,70071.0,116732.4,PRIJEM,PREVOD Z UCTU,
875199,2982,0.6234733990600295,True,971208,73128.0,124519.7,PRIJEM,PREVOD Z UCTU,
1644145,5574,0.6234185277978861,True,981208,71565.0,131517.3,PRIJEM,PREVOD Z UCTU,
3369169,11186,0.6234164659433244,True,981209,58870.0,139172.5,PRIJEM,PREVOD Z UCTU,
791527,2699,0.6233837594887863,True,981211,67348.0,120881.9,PRIJEM,PREVOD Z UCTU,
1665632,5648,0.6231791834715009,True,971207,68750.0,124451.7,PRIJEM,PREVOD Z UCTU,
610772,2080,0.6230274375704915,True,971207,73970.0,130060.2,PRIJEM,PREVOD Z UCTU,
204847,696,0.6229920050215518,True,971206,6904.0,7604.0,PRIJEM,PREVOD Z UCTU,DUCHOD
131199,441,0.6228900248141116,True,981209,67095.0,165654.3,PRIJEM,PREVOD Z UCTU,
612197,2086,0.6228376731121569,True,961208,69298.0,132581.7,PRIJEM,PREVOD Z UCTU,
721521,2471,0.6228284286397701,True,950606,65392.0,128195.2,PRIJEM,PREVOD Z UCTU,
2382586,7857,0.622798824825087,True,981210,57164.0,119871.2,PRIJEM,PREVOD Z UCTU,
1383960,4715,0.622670048950905,True,981209,68788.0,119072.6,PRIJEM,PREVOD Z UCTU,
845026,2877,0.6226522574075536,True,961210,66615.0,125337.9,PRIJEM,PREVOD Z UCTU,
967271,3296,0.6225833987061937,True,981214,69132.0,119399.0,PRIJEM,PREVOD Z UCTU,
2343675,7733,0.6224890549057656,True,981214,64186.0,113558.8,PRIJEM,PREVOD Z UCTU,
1548809,5270,0.6223494034360298,True,971214,67124.0,136654.9,PRIJEM,PREVOD Z UCTU,
569763,1939,0.622330218452512,True,961211,74529.0,127046.8,PRIJEM,PREVOD Z UCTU,
569787,1939,0.622330218452512,True,981211,74529.0,123528.3,PRIJEM,PREVOD Z UCTU,
3314630,11013,0.6222321709523737,True,930613,63366.0,122893.1,PRIJEM,PREVOD Z UCTU,
859565,2929,0.6221929083917789,True,981205,54874.0,116169.1,PRIJEM,PREVOD Z UCTU,
2079518,7049,0.6220838665329876,True,981205,74278.0,126714.9,PRIJEM,PREVOD Z UCTU,
729443,2494,0.622068392205453,True,961206,60236.0,104188.1,PRIJEM,PREVOD Z UCTU,
3218251,10679,0.6220658075658294,True,971208,74176.0,134985.4,PRIJEM,PREVOD Z UCTU,
251293,862,0.6220658075658294,True,971208,66500.0,132919.8,PRIJEM,PREVOD Z UCTU,
251281,862,0.6220658075658294,True,961208,66500.0,132925.6,PRIJEM,PREVOD Z UCTU,
385271,1309,0.6220388127128169,True,981211,59296.0,114386.1,PRIJEM,PREVOD Z UCTU,
1552711,5283,0.6219160494753001,True,981214,67833.0,141461.5,PRIJEM,PREVOD Z UCTU,
1275125,4361,0.6219102874804122,True,981214,67614.0,150627.4,PRIJEM,PREVOD Z UCTU,
827195,2818,0.6218586939194368,True,931208,61533.0,122103.3,PRIJEM,PREVOD Z UCTU,
576022,1962,0.6216010006299543,True,960613,69710.0,134061.0,PRIJEM,PREVOD Z UCTU,
79327,266,0.6215638774017871,True,951212,74628.0,137653.3,PRIJEM,PREVOD Z UCTU,
274170,940,0.6215476672118745,True,941211,56756.0,57056.0,PRIJEM,PREVOD Z UCTU,
2454630,8094,0.6215382671757084,True,971211,69012.0,110010.7,PRIJEM,PREVOD Z UCTU,
510966,1749,0.6215332428575896,True,981206,68412.0,130200.9,PRIJEM,PREVOD Z UCTU,
588596,2003,0.6214544102651706,True,981209,70450.0,135329.1,PRIJEM,PREVOD Z UCTU,
141146,472,0.6214077242384224,True,971207,73802.0,129582.9,PRIJEM,PREVOD Z UCTU,
1665644,5648,0.6214077242384224,True,981207,68750.0,124409.0,PRIJEM,PREVOD Z UCTU,
845014,2877,0.621346110380917,True,951210,66615.0,122766.9,PRIJEM,PREVOD Z UCTU,
1040416,3558,0.6212879585097506,True,971212,65614.0,123149.2,PRIJEM,PREVOD Z UCTU,
1787181,6062,0.6212748551843349,True,961207,56068.0,114077.2,PRIJEM,PREVOD Z UCTU,
1787193,6062,0.6212748551843349,True,971207,56068.0,116394.1,PRIJEM,PREVOD Z UCTU,
668356,2282,0.6212164716766299,True,981214,69152.0,156039.9,PRIJEM,PREVOD Z UCTU,
2434664,8027,0.6211926344952723,True,971206,58227.0,128205.5,PRIJEM,PREVOD Z UCTU,
612221,2086,0.6210671846619532,True,981208,69298.0,131192.9,PRIJEM,PREVOD Z UCTU,
791515,2699,0.6209198695763983,True,971211,67348.0,117135.6,PRIJEM,PREVOD Z UCTU,
510954,1749,0.6208710045717775,True,971206,68412.0,129614.5,PRIJEM,PREVOD Z UCTU,
2968825,9833,0.6208468725719386,True,931208,73224.0,119900.1,PRIJEM,PREVOD Z UCTU,
753748,2572,0.6207749243926788,True,951207,73228.0,126072.0,PRIJEM,PREVOD Z UCTU,
2477223,8173,0.6207578893247896,True,970605,61260.0,119924.5,PRIJEM,PREVOD Z UCTU,
99050,339,0.6207266483606753,True,961212,70210.0,127425.3,PRIJEM,PREVOD Z UCTU,
245774,844,0.6207173743615448,True,941206,70160.0,117261.4,PRIJEM,PREVOD Z UCTU,
635499,2170,0.6207160459307076,True,941206,74770.0,128081.8,PRIJEM,PREVOD Z UCTU,
661597,2258,0.6207027078503835,True,961207,6656.0,7256.0,PRIJEM,PREVOD Z UCTU,DUCHOD
332516,1132,0.6206347235350259,True,981209,72147.0,144510.5,PRIJEM,PREVOD Z UCTU,
504978,1725,0.6206067575603813,True,961210,71805.0,132892.4,PRIJEM,PREVOD Z UCTU,
721527,2471,0.6206049301867629,True,951206,65392.0,113209.4,PRIJEM,PREVOD Z UCTU,
2968885,9833,0.6204716167596953,True,981208,73224.0,125918.2,PRIJEM,PREVOD Z UCTU,
588584,2003,0.6204657028000503,True,971209,70450.0,129884.0,PRIJEM,PREVOD Z UCTU,
960763,3273,0.6203996571542842,True,961209,74642.0,113023.1,PRIJEM,PREVOD Z UCTU,
3043693,10093,0.620397328962378,True,941208,60566.0,108575.3,PRIJEM,PREVOD Z UCTU,
514220,1760,0.6202943039898345,True,951206,4871.0,5471.0,PRIJEM,PREVOD Z UCTU,DUCHOD
572041,1947,0.6202640554101269,True,931207,6860.0,7760.0,PRIJEM,PREVOD Z UCTU,DUCHOD
1243844,4255,0.6202327611740253,True,971214,51645.0,144559.9,PRIJEM,PREVOD Z UCTU,
1132664,3871,0.6201612758460423,True,930206,4356.0,4656.0,PRIJEM,PREVOD Z UCTU,DUCHOD
1387142,4727,0.6201443088730708,True,971205,53613.0,116014.8,PRIJEM,PREVOD Z UCTU,
29131,96,0.6201363639958979,True,941211,66332.0,121361.3,PRIJEM,PREVOD Z UCTU,
79339,266,0.6200879780316628,True,961212,74628.0,136506.3,PRIJEM,PREVOD Z UCTU,
2847075,9422,0.6200014873024646,True,971214,64642.0,120209.8,PRIJEM,PREVOD Z UCTU,
1530390,5213,0.6199570776903068,True,960605,70071.0,119010.4,PRIJEM,PREVOD Z UCTU,
1910382,6472,0.6199501033405119,True,941210,57680.0,120071.4,PRIJEM,PREVOD Z UCTU,
403567,1374,0.6199321956529653,True,961207,72966.0,123945.1,PRIJEM,PREVOD Z UCTU,
403579,1374,0.6199321956529653,True,971207,72966.0,121784.3,PRIJEM,PREVOD Z UCTU,
3209258,10650,0.6199143960011699,True,971211,70352.0,135473.2,PRIJEM,PREVOD Z UCTU,
332468,1132,0.6198868888943179,True,941209,72147.0,125300.6,PRIJEM,PREVOD Z UCTU,
302410,1030,0.6198764337628416,True,951210,6364.0,7464.0,PRIJEM,PREVOD Z UCTU,DUCHOD
2968873,9833,0.6197976189660481,True,971208,73224.0,117351.2,PRIJEM,PREVOD Z UCTU,
635541,2170,0.6197742736234827,True,980606,74770.0,161230.5,PRIJEM,PREVOD Z UCTU,
694890,2377,0.6197004907176923,True,941213,4393.0,4693.0,PRIJEM,PREVOD Z UCTU,DUCHOD
280217,960,0.6196854664318926,True,971213,60016.0,122389.4,PRIJEM,PREVOD Z UCTU,
430093,1461,0.6196618132825027,True,971214,63256.0,120184.1,PRIJEM,PREVOD Z UCTU,
875205,2982,0.6196616322698004,True,980608,73128.0,138939.1,PRIJEM,PREVOD Z UCTU,
303190,1032,0.6196280374251363,True,971205,74648.0,127623.9,PRIJEM,PREVOD Z UCTU,
457593,1555,0.6196102248718556,True,961207,6260.0,7360.0,PRIJEM,PREVOD Z UCTU,DUCHOD
1037212,3548,0.6195609256969812,True,931206,6022.0,7022.0,PRIJEM,PREVOD Z UCTU,DUCHOD
655864,2242,0.6195284682140219,True,931206,65240.0,112040.8,PRIJEM,PREVOD Z UCTU,
294031,1005,0.6195167275644402,True,981209,51724.0,150457.8,PRIJEM,PREVOD Z UCTU,
646894,2211,0.6194840912731897,True,971205,70575.0,70875.0,PRIJEM,PREVOD Z UCTU,
859559,2929,0.6194306477537378,True,980605,54874.0,123165.1,PRIJEM,PREVOD Z UCTU,
605727,2062,0.6193510471682522,True,960614,64642.0,128146.0,PRIJEM,PREVOD Z UCTU,
2847057,9422,0.6193510471682522,True,960614,64642.0,128146.0,PRIJEM,PREVOD Z UCTU,
29155,96,0.6193288594341835,True,961211,66332.0,126947.7,PRIJEM,PREVOD Z UCTU,
1322251,4514,0.6192662863220783,True,971214,73800.0,110428.6,PRIJEM,PREVOD Z UCTU,
1838354,6226,0.6192348494418077,True,981207,59793.0,147300.3,PRIJEM,PREVOD Z UCTU,
753592,2571,0.6192211001370725,True,971210,70498.0,135623.4,PRIJEM,PREVOD Z UCTU,
79315,266,0.6191395643221997,True,941212,74628.0,136509.0,PRIJEM,PREVOD Z UCTU,
1244797,4259,0.6191206685806587,True,961213,66165.0,115454.1,PRIJEM,PREVOD Z UCTU,
120456,404,0.6191196771439427,True,981213,48572.0,124186.1,PRIJEM,PREVOD Z UCTU,
576028,1962,0.6191161567638468,True,961213,69710.0,123957.2,PRIJEM,PREVOD Z UCTU,
753760,2572,0.619084562263641,True,961207,73228.0,123061.7,PRIJEM,PREVOD Z UCTU,
827243,2818,0.6190667936883499,True,971208,61533.0,123291.7,PRIJEM,PREVOD Z UCTU,
1548821,5270,0.6190513513926906,True,981214,67124.0,124982.0,PRIJEM,PREVOD Z UCTU,
539085,1833,0.619049399962998,True,971210,6646.0,7546.0,PRIJEM,PREVOD Z UCTU,DUCHOD
2968849,9833,0.61901207707323,True,951208,73224.0,112693.9,PRIJEM,PREVOD Z UCTU,
1262557,4318,0.6189786192153004,True,981208,69144.0,132877.5,PRIJEM,PREVOD Z UCTU,
875187,2982,0.6189731127941812,True,961208,73128.0,115468.7,PRIJEM,PREVOD Z UCTU,
1083578,3701,0.6188977403352912,True,931106,6192.0,6992.0,PRIJEM,PREVOD Z UCTU,DUCHOD
154861,519,0.6187861588198738,True,931211,6987.0,7187.0,PRIJEM,PREVOD Z UCTU,DUCHOD
2580416,8523,0.6187483607037344,True,961211,69780.0,70180.0,PRIJEM,PREVOD Z UCTU,
889952,3035,0.6186024712754492,True,971211,69468.0,110440.9,PRIJEM,PREVOD Z UCTU,
3324353,11042,0.6185930180115595,True,980605,54286.0,111147.5,PRIJEM,PREVOD Z UCTU,
29167,96,0.6185796400825417,True,971211,66332.0,133185.5,PRIJEM,PREVOD Z UCTU,
332480,1132,0.618543783167976,True,951209,72147.0,130329.6,PRIJEM,PREVOD Z UCTU,
605745,2062,0.6185350284874739,True,971214,64642.0,117157.7,PRIJEM,PREVOD Z UCTU,
721557,2471,0.6185175570948532,True,980606,65392.0,127046.5,PRIJEM,PREVOD Z UCTU,
721545,2471,0.6185175570948532,True,970606,65392.0,127698.4,PRIJEM,PREVOD Z UCTU,
1063725,3634,0.6184938350599943,True,971209,72766.0,140307.4,PRIJEM,PREVOD Z UCTU,
874009,2977,0.618479143481782,True,981213,57447.0,134018.3,PRIJEM,PREVOD Z UCTU,
845038,2877,0.618399758181081,True,971210,66615.0,126538.4,PRIJEM,PREVOD Z UCTU,
518848,1772,0.6183841731002326,True,961208,72298.0,118891.6,PRIJEM,PREVOD Z UCTU,
2454618,8094,0.6183770343432164,True,961211,69012.0,69612.0,PRIJEM,PREVOD Z UCTU,
827207,2818,0.6183316423507379,True,941208,61533.0,114172.3,PRIJEM,PREVOD Z UCTU,
3207362,10644,0.61832021527671,True,971213,67488.0,111939.4,PRIJEM,PREVOD Z UCTU,
274206,940,0.6182332338610953,True,971211,56756.0,131383.8,PRIJEM,PREVOD Z UCTU,
576052,1962,0.6182207896903492,True,981213,69710.0,120301.9,PRIJEM,PREVOD Z UCTU,
2292538,7562,0.618188320213146,True,981207,58052.0,130409.3,PRIJEM,PREVOD Z UCTU,
2307906,7614,0.618188320213146,True,981207,60108.0,127567.2,PRIJEM,PREVOD Z UCTU,
303196,1032,0.6180919738056634,True,980605,74648.0,154148.9,PRIJEM,PREVOD Z UCTU,
855398,2915,0.6180743685935557,True,931210,71974.0,117887.0,PRIJEM,PREVOD Z UCTU,
1275101,4361,0.6180374588202616,True,961214,67614.0,130981.4,PRIJEM,PREVOD Z UCTU,
1383948,4715,0.6180209593423529,True,971209,68788.0,116294.5,PRIJEM,PREVOD Z UCTU,
855422,2915,0.6179447617467667,True,951210,71974.0,129527.6,PRIJEM,PREVOD Z UCTU,
17969,61,0.6179369221830118,True,940107,4019.0,4719.0,PRIJEM,PREVOD Z UCTU,DUCHOD
245792,844,0.6178901547454438,True,960606,70160.0,126301.6,PRIJEM,PREVOD Z UCTU,
808195,2754,0.6178854477764323,True,960612,62868.0,123335.2,PRIJEM,PREVOD Z UCTU,
855458,2915,0.6178821277567372,True,981210,71974.0,128999.3,PRIJEM,PREVOD Z UCTU,
2501948,8260,0.6178495283002929,True,981208,56152.0,148084.4,PRIJEM,PREVOD Z UCTU,
648731,2218,0.6178202851630124,True,980605,61557.0,127102.0,PRIJEM,PREVOD Z UCTU,
635511,2170,0.6177871073379251,True,951206,74770.0,113720.3,PRIJEM,PREVOD Z UCTU,
1075633,3675,0.6177635872180806,True,961209,69148.0,120474.1,PRIJEM,PREVOD Z UCTU,
1534947,5228,0.6177025545251582,True,961205,74522.0,104103.6,PRIJEM,PREVOD Z UCTU,
79363,266,0.6176428369175971,True,981212,74628.0,129990.6,PRIJEM,PREVOD Z UCTU,
1322215,4514,0.6176338008555214,True,941214,73800.0,124482.5,PRIJEM,PREVOD Z UCTU,
960757,3273,0.6176174496979755,True,960609,74642.0,133407.7,PRIJEM,PREVOD Z UCTU,
135862,456,0.6175654995258414,True,961210,71746.0,133641.5,PRIJEM,PREVOD Z UCTU,
1040392,3558,0.6175106249372629,True,951212,65614.0,114775.9,PRIJEM,PREVOD Z UCTU,
3314684,11013,0.6174654343440897,True,971213,63366.0,109844.6,PRIJEM,PREVOD Z UCTU,
1010964,3455,0.6174229323356885,True,981205,50602.0,111360.3,PRIJEM,PREVOD Z UCTU,
1453837,4949,0.6173220852583571,True,981208,54358.0,124677.6,PRIJEM,PREVOD Z UCTU,
855434,2915,0.617317940420714,True,961210,71974.0,127766.6,PRIJEM,PREVOD Z UCTU,
303154,1032,0.6173000666240943,True,941205,74648.0,120119.6,PRIJEM,PREVOD Z UCTU,
3335907,11079,0.6172861121915004,True,961211,73724.0,125191.7,PRIJEM,PREVOD Z UCTU,
951193,3243,0.6172826255452226,True,931207,6873.0,7173.0,PRIJEM,PREVOD Z UCTU,DUCHOD
19406,66,0.6172397148771235,True,961209,67070.0,129812.6,PRIJEM,PREVOD Z UCTU,
19394,66,0.6172397148771235,True,951209,67070.0,127894.6,PRIJEM,PREVOD Z UCTU,
1614014,5481,0.6171435596566243,True,961207,54645.0,116778.6,PRIJEM,PREVOD Z UCTU,
267331,915,0.6171314433222082,True,950609,58041.0,121713.2,PRIJEM,PREVOD Z UCTU,
568527,1935,0.6170945941054529,True,961206,74812.0,140272.3,PRIJEM,PREVOD Z UCTU,
2382526,7857,0.6170621898720021,True,931210,57164.0,111588.8,PRIJEM,PREVOD Z UCTU,
1548791,5270,0.6170359115384683,True,960614,67124.0,126552.5,PRIJEM,PREVOD Z UCTU,
1322257,4514,0.6170336192010426,True,980614,73800.0,129866.0,PRIJEM,PREVOD Z UCTU,
668320,2282,0.6169426412989065,True,951214,69152.0,134081.6,PRIJEM,PREVOD Z UCTU,
1736667,5891,0.6169331659630949,True,971212,48891.0,133409.3,PRIJEM,PREVOD Z UCTU,
1278719,4375,0.6169281516778359,True,971213,71824.0,135944.4,PRIJEM,PREVOD Z UCTU,
588572,2003,0.6168769228292983,True,961209,70450.0,132874.6,PRIJEM,PREVOD Z UCTU,
1244785,4259,0.6168700553323455,True,951213,66165.0,109508.2,PRIJEM,PREVOD Z UCTU,
1534917,5228,0.616865551362156,True,940605,74522.0,129915.3,PRIJEM,PREVOD Z UCTU,
3369157,11186,0.6168560752968115,True,971209,58870.0,120072.2,PRIJEM,PREVOD Z UCTU,
1243184,4253,0.6168386684770095,True,960605,61878.0,125820.2,PRIJEM,PREVOD Z UCTU,
1083579,3701,0.6167624017632749,True,931206,6192.0,13184.0,PRIJEM,PREVOD Z UCTU,DUCHOD
3253507,10807,0.6165880175417519,True,981205,50602.0,110281.3,PRIJEM,PREVOD Z UCTU,
551015,1877,0.6165794210035235,True,940110,6485.0,7185.0,PRIJEM,PREVOD Z UCTU,DUCHOD
1262509,4318,0.616554203324152,True,941208,69144.0,132509.1,PRIJEM,PREVOD Z UCTU,
729431,2494,0.6164845313548043,True,951206,60236.0,97896.7,PRIJEM,PREVOD Z UCTU,
1534953,5228,0.6164145076412985,True,970605,74522.0,125562.8,PRIJEM,PREVOD Z UCTU,
820985,2796,0.6164060784871406,True,981210,60954.0,120739.1,PRIJEM,PREVOD Z UCTU,
1262521,4318,0.616405867673138,True,951208,69144.0,126075.3,PRIJEM,PREVOD Z UCTU,
1387148,4727,0.6163786612522293,True,980605,53613.0,118840.0,PRIJEM,PREVOD Z UCTU,
1075609,3675,0.6163538261429945,True,941209,69148.0,119684.1,PRIJEM,PREVOD Z UCTU,
1699136,5758,0.6163502322856828,True,971208,51306.0,109635.2,PRIJEM,PREVOD Z UCTU,
3209270,10650,0.6163112886793889,True,981211,70352.0,124197.7,PRIJEM,PREVOD Z UCTU,
1425816,4858,0.6163016068098562,True,971211,62850.0,96893.0,PRIJEM,PREVOD Z UCTU,
251257,862,0.6163013008832605,True,941208,66500.0,116567.1,PRIJEM,PREVOD Z UCTU,
251269,862,0.6163013008832605,True,951208,66500.0,118087.2,PRIJEM,PREVOD Z UCTU,
581094,1978,0.6162587175567007,True,981209,51303.0,105025.5,PRIJEM,PREVOD Z UCTU,
1644139,5574,0.6161837440026889,True,980608,71565.0,133875.4,PRIJEM,PREVOD Z UCTU,
2780014,9201,0.6161380250693557,True,981207,64503.0,103177.2,PRIJEM,PREVOD Z UCTU,
288073,988,0.6161284678540219,True,941214,6832.0,14064.0,PRIJEM,PREVOD Z UCTU,DUCHOD
1534929,5228,0.6161281916911227,True,950605,74522.0,124017.4,PRIJEM,PREVOD Z UCTU,
1163859,3984,0.6160636041573723,True,970114,4041.0,4541.0,PRIJEM,PREVOD Z UCTU,DUCHOD
1534965,5228,0.6159975910769419,True,980605,74522.0,122692.0,PRIJEM,PREVOD Z UCTU,
131163,441,0.6159645131519492,True,951209,67095.0,122767.4,PRIJEM,PREVOD Z UCTU,
424254,1441,0.6159449858009519,True,941205,6354.0,13208.0,PRIJEM,PREVOD Z UCTU,DUCHOD
2592033,8564,0.615895725973403,True,931212,57554.0,103672.9,PRIJEM,PREVOD Z UCTU,
3218263,10679,0.6158844608871418,True,981208,74176.0,116358.3,PRIJEM,PREVOD Z UCTU,
2307882,7614,0.6158820252438919,True,961207,60108.0,121200.0,PRIJEM,PREVOD Z UCTU,
1193764,4086,0.6158433111639937,True,961206,63536.0,125103.0,PRIJEM,PREVOD Z UCTU,
2434616,8027,0.6158306344316569,True,931206,58227.0,117489.5,PRIJEM,PREVOD Z UCTU,
668344,2282,0.6158103623921206,True,971214,69152.0,119957.5,PRIJEM,PREVOD Z UCTU,
332498,1132,0.6157977382678831,True,970609,72147.0,146475.4,PRIJEM,PREVOD Z UCTU,
3207368,10644,0.6157718541843745,True,980613,67488.0,120646.8,PRIJEM,PREVOD Z UCTU,
2501936,8260,0.6157527669905913,True,971208,56152.0,140782.9,PRIJEM,PREVOD Z UCTU,
135850,456,0.6157257638948188,True,951210,71746.0,139357.6,PRIJEM,PREVOD Z UCTU,
965670,3290,0.6156638726986312,True,981210,57936.0,123730.4,PRIJEM,PREVOD Z UCTU,
430081,1461,0.6156337472586833,True,961214,63256.0,117606.9,PRIJEM,PREVOD Z UCTU,
2477205,8173,0.6155738630365178,True,951205,61260.0,102243.4,PRIJEM,PREVOD Z UCTU,
827249,2818,0.6155587089907955,True,980608,61533.0,133513.5,PRIJEM,PREVOD Z UCTU,
1910412,6472,0.6155498977399839,True,970610,57680.0,118096.2,PRIJEM,PREVOD Z UCTU,
503615,1718,0.6154688229241151,True,981213,65892.0,112017.3,PRIJEM,PREVOD Z UCTU,
137467,461,0.6154304709917215,True,930406,6388.0,13376.0,PRIJEM,PREVOD Z UCTU,DUCHOD
488388,1666,0.6154076577190036,True,931210,6157.0,12814.0,PRIJEM,PREVOD Z UCTU,DUCHOD
303184,1032,0.6153953070318929,True,970605,74648.0,132315.5,PRIJEM,PREVOD Z UCTU,
3324317,11042,0.6153938980514932,True,950605,54286.0,109774.3,PRIJEM,PREVOD Z UCTU,
1004581,3429,0.6153844946475512,True,940114,6664.0,7164.0,PRIJEM,PREVOD Z UCTU,DUCHOD
1075591,3675,0.615381238860107,True,930609,69148.0,126802.9,PRIJEM,PREVOD Z UCTU,
3145186,10439,0.6153668226014507,True,981208,56835.0,120007.8,PRIJEM,PREVOD Z UCTU,
1275113,4361,0.6153640914316618,True,971214,67614.0,124804.9,PRIJEM,PREVOD Z UCTU,
3419731,11349,0.6153505049104757,True,960608,62982.0,112499.1,PRIJEM,PREVOD Z UCTU,
894542,3050,0.6153505049104757,True,960608,62168.0,116803.9,PRIJEM,PREVOD Z UCTU,
63748,212,0.6152941051775083,True,951209,74385.0,114582.4,PRIJEM,PREVOD Z UCTU,
853680,2910,0.615276055721966,True,971209,65622.0,97919.3,PRIJEM,PREVOD Z UCTU,
504984,1725,0.6152594212325573,True,970610,71805.0,136072.6,PRIJEM,PREVOD Z UCTU,
1040380,3558,0.6151861261748597,True,941212,65614.0,109456.9,PRIJEM,PREVOD Z UCTU,
873985,2977,0.6151409917291407,True,961213,57447.0,112872.4,PRIJEM,PREVOD Z UCTU,
2968837,9833,0.6151168587173952,True,941208,73224.0,111721.0,PRIJEM,PREVOD Z UCTU,
587849,2001,0.6151107044452493,True,980606,58653.0,115597.2,PRIJEM,PREVOD Z UCTU,
94280,321,0.615107046917485,True,931207,5163.0,6263.0,PRIJEM,PREVOD Z UCTU,DUCHOD
251305,862,0.61510038071837,True,981208,66500.0,119641.1,PRIJEM,PREVOD Z UCTU,
635529,2170,0.615091829265044,True,970606,74770.0,145159.1,PRIJEM,PREVOD Z UCTU,
319928,1093,0.6150667104909502,True,960607,72206.0,121006.5,PRIJEM,PREVOD Z UCTU,
3145126,10439,0.6150136613037541,True,931208,56835.0,57135.0,PRIJEM,PREVOD Z UCTU,
1075621,3675,0.6149948858353323,True,951209,69148.0,119170.4,PRIJEM,PREVOD Z UCTU,
2434652,8027,0.6149921749358923,True,961206,58227.0,116212.6,PRIJEM,PREVOD Z UCTU,
729419,2494,0.6149458373190114,True,941206,60236.0,94680.9,PRIJEM,PREVOD Z UCTU,
2383425,7859,0.6148735118458908,True,971213,54092.0,110617.7,PRIJEM,PREVOD Z UCTU,
328318,1120,0.6148453789290612,True,931105,5428.0,6328.0,PRIJEM,PREVOD Z UCTU,DUCHOD
2292514,7562,0.6148411624090463,True,961207,58052.0,122366.0,PRIJEM,PREVOD Z UCTU,
1534935,5228,0.6148340057977429,True,951205,74522.0,106611.9,PRIJEM,PREVOD Z UCTU,
655858,2242,0.6148204351920759,True,930606,65240.0,126832.2,PRIJEM,PREVOD Z UCTU,
1040404,3558,0.6148008927012103,True,961212,65614.0,110125.0,PRIJEM,PREVOD Z UCTU,
68084,227,0.6147888448352533,True,950612,67038.0,119199.9,PRIJEM,PREVOD Z UCTU,
894572,3050,0.6147713631653062,True,981208,62168.0,106742.5,PRIJEM,PREVOD Z UCTU,
1243190,4253,0.6147469793272593,True,961205,61878.0,109182.9,PRIJEM,PREVOD Z UCTU,
2477193,8173,0.6147414486604181,True,941205,61260.0,97984.2,PRIJEM,PREVOD Z UCTU,
3335895,11079,0.6147365671734464,True,951211,73724.0,111010.4,PRIJEM,PREVOD Z UCTU,
1155078,3952,0.6146867727176866,True,960406,6610.0,7110.0,PRIJEM,PREVOD Z UCTU,DUCHOD
19857,67,0.6146297085508291,True,971205,62235.0,98044.1,PRIJEM,PREVOD Z UCTU,
518836,1772,0.6146291583383698,True,951208,72298.0,114155.9,PRIJEM,PREVOD Z UCTU,
510942,1749,0.6146130826698258,True,961206,68412.0,111365.4,PRIJEM,PREVOD Z UCTU,
1275119,4361,0.6145883289210761,True,980614,67614.0,121676.5,PRIJEM,PREVOD Z UCTU,
506452,1730,0.6145202438177626,True,930206,6689.0,7589.0,PRIJEM,PREVOD Z UCTU,DUCHOD
324545,1108,0.6145120505631284,True,950407,4730.0,5730.0,PRIJEM,PREVOD Z UCTU,DUCHOD
2477217,8173,0.6144904072067163,True,961205,61260.0,98820.4,PRIJEM,PREVOD Z UCTU,
245798,844,0.6144884410104564,True,961206,70160.0,107434.2,PRIJEM,PREVOD Z UCTU,
547066,1862,0.6144866091216711,True,971208,59415.0,117897.3,PRIJEM,PREVOD Z UCTU,
1045672,3576,0.6144781782538171,True,950106,4065.0,9030.0,PRIJEM,PREVOD Z UCTU,DUCHOD
753604,2571,0.6144772565308947,True,981210,70498.0,134736.2,PRIJEM,PREVOD Z UCTU,
2592093,8564,0.6144575396683842,True,981212,57554.0,101340.1,PRIJEM,PREVOD Z UCTU,
522111,1782,0.6144329020967297,True,930610,6542.0,7242.0,PRIJEM,PREVOD Z UCTU,DUCHOD
1548761,5270,0.6144219520035327,True,931214,67124.0,117028.4,PRIJEM,PREVOD Z UCTU,
1910406,6472,0.6143867362891584,True,961210,57680.0,107594.2,PRIJEM,PREVOD Z UCTU,
859541,2929,0.6143767338026376,True,961205,54874.0,104851.3,PRIJEM,PREVOD Z UCTU,
666746,2276,0.6143746852167089,True,931212,4794.0,9988.0,PRIJEM,PREVOD Z UCTU,DUCHOD
888843,3032,0.6143489348179277,True,930705,6605.0,6905.0,PRIJEM,PREVOD Z UCTU,DUCHOD
911149,3107,0.6142931030249503,True,931211,6300.0,6500.0,PRIJEM,PREVOD Z UCTU,DUCHOD
1132666,3871,0.6142409783820341,True,930406,4356.0,13368.0,PRIJEM,PREVOD Z UCTU,DUCHOD
1754204,5952,0.6142036584545063,True,960610,52968.0,114517.1,PRIJEM,PREVOD Z UCTU,
411281,1401,0.6141836208340508,True,930910,6850.0,7150.0,PRIJEM,PREVOD Z UCTU,DUCHOD
1132665,3871,0.6141647737426135,True,930306,4356.0,9012.0,PRIJEM,PREVOD Z UCTU,DUCHOD
1244767,4259,0.6141384349846836,True,940613,66165.0,119373.5,PRIJEM,PREVOD Z UCTU,
931286,3174,0.6141047551293768,True,980108,5098.0,5498.0,PRIJEM,PREVOD Z UCTU,DUCHOD
1754198,5952,0.6141013696681908,True,951210,52968.0,108096.4,PRIJEM,PREVOD Z UCTU,
288072,988,0.6140538665549947,True,941114,6832.0,7232.0,PRIJEM,PREVOD Z UCTU,DUCHOD
192637,654,0.6140519203182598,True,941111,6092.0,6292.0,PRIJEM,PREVOD Z UCTU,DUCHOD
2078097,7045,0.6140437798468722,True,971207,54138.0,101677.8,PRIJEM,PREVOD Z UCTU,
20331,68,0.6140382546576995,True,971212,53336.0,113165.0,PRIJEM,PREVOD Z UCTU,
3419749,11349,0.6140365067462643,True,971208,62982.0,100760.4,PRIJEM,PREVOD Z UCTU,
29161,96,0.6140161292928558,True,970611,66332.0,149658.8,PRIJEM,PREVOD Z UCTU,
57435,192,0.6140013763143686,True,930206,5859.0,6159.0,PRIJEM,PREVOD Z UCTU,DUCHOD
635493,2170,0.6139595842588776,True,940606,74770.0,75370.0,PRIJEM,PREVOD Z UCTU,
1262551,4318,0.6139527241907794,True,980608,69144.0,143018.7,PRIJEM,PREVOD Z UCTU,
457937,1557,0.6139522422709994,True,970110,6015.0,6715.0,PRIJEM,PREVOD Z UCTU,DUCHOD
131175,441,0.6139458851709582,True,961209,67095.0,122264.4,PRIJEM,PREVOD Z UCTU,
131151,441,0.6139458851709582,True,941209,67095.0,123067.6,PRIJEM,PREVOD Z UCTU,
131193,441,0.6139290482961597,True,980609,67095.0,149844.7,PRIJEM,PREVOD Z UCTU,
1164601,3989,0.61385508817531,True,950405,4016.0,4916.0,PRIJEM,PREVOD Z UCTU,DUCHOD
77657,259,0.613838554814621,True,931205,6523.0,13646.0,PRIJEM,PREVOD Z UCTU,DUCHOD
20343,68,0.6138305648496846,True,981212,53336.0,112347.8,PRIJEM,PREVOD Z UCTU,
1140248,3898,0.6138059869346614,True,940307,6915.0,7715.0,PRIJEM,PREVOD Z UCTU,DUCHOD
20337,68,0.6138055481880342,True,980612,53336.0,131470.0,PRIJEM,PREVOD Z UCTU,
18795,63,0.6137948082922755,True,961212,5024.0,5624.0,PRIJEM,PREVOD Z UCTU,DUCHOD
272698,933,0.6137932083352182,True,951211,6583.0,7383.0,PRIJEM,PREVOD Z UCTU,DUCHOD
141134,472,0.6137720502599789,True,961207,73802.0,112214.7,PRIJEM,PREVOD Z UCTU,
1040410,3558,0.6137659845351479,True,970612,65614.0,126453.7,PRIJEM,PREVOD Z UCTU,
1040422,3558,0.6137659845351479,True,980612,65614.0,126347.4,PRIJEM,PREVOD Z UCTU,
668332,2282,0.6137614379423223,True,961214,69152.0,110988.8,PRIJEM,PREVOD Z UCTU,
331807,1130,0.6137424330183023,True,970609,6588.0,6788.0,PRIJEM,PREVOD Z UCTU,DUCHOD
791509,2699,0.6137309273560058,True,970611,67348.0,122436.6,PRIJEM,PREVOD Z UCTU,
3324323,11042,0.6137190757421954,True,951205,54286.0,96565.3,PRIJEM,PREVOD Z UCTU,
721533,2471,0.61370445745988,True,960606,65392.0,121813.3,PRIJEM,PREVOD Z UCTU,
63766,212,0.6137029469412917,True,970609,74385.0,137978.5,PRIJEM,PREVOD Z UCTU,
791805,2700,0.6136934206003049,True,931206,45612.0,46712.0,PRIJEM,PREVOD Z UCTU,
29113,96,0.6136752069038441,True,930611,66332.0,129261.8,PRIJEM,PREVOD Z UCTU,
1548773,5270,0.6136432233211427,True,941214,67124.0,113131.4,PRIJEM,PREVOD Z UCTU,
696565,2382,0.6135446655601191,True,940405,6115.0,7115.0,PRIJEM,PREVOD Z UCTU,DUCHOD
1149466,3932,0.613507452530461,True,961205,6957.0,35385.0,PRIJEM,PREVOD Z UCTU,DUCHOD
76765,255,0.6134996979493629,True,981208,57250.0,101156.2,PRIJEM,PREVOD Z UCTU,
467742,1592,0.6134795497841876,True,940913,4604.0,5004.0,PRIJEM,PREVOD Z UCTU,DUCHOD
689408,2355,0.6134711890500993,True,970614,63912.0,120190.3,PRIJEM,PREVOD Z UCTU,
980277,3345,0.6134628990834379,True,940106,4281.0,4881.0,PRIJEM,PREVOD Z UCTU,DUCHOD
319958,1093,0.613449095930852,True,981207,72206.0,107505.5,PRIJEM,PREVOD Z UCTU,
3369145,11186,0.613439605568785,True,961209,58870.0,110248.6,PRIJEM,PREVOD Z UCTU,
2343651,7733,0.6134040123350897,True,961214,64186.0,104064.6,PRIJEM,PREVOD Z UCTU,
554920,1889,0.6133921776956256,True,950305,5841.0,6641.0,PRIJEM,PREVOD Z UCTU,DUCHOD
1387130,4727,0.6133890532606442,True,961205,53613.0,98043.9,PRIJEM,PREVOD Z UCTU,
2434640,8027,0.6133519926326881,True,951206,58227.0,112894.1,PRIJEM,PREVOD Z UCTU,
171042,574,0.6133229653178276,True,951206,60729.0,125511.2,PRIJEM,PREVOD Z UCTU,
251245,862,0.6132803063163397,True,931208,66500.0,112533.4,PRIJEM,PREVOD Z UCTU,
57309,191,0.613262055808803,True,981210,66314.0,126097.1,PRIJEM,PREVOD Z UCTU,
889910,3035,0.6132536610434924,True,940611,69468.0,113779.1,PRIJEM,PREVOD Z UCTU,
295574,1009,0.6132461034200445,True,961211,66434.0,112574.2,PRIJEM,PREVOD Z UCTU,
591356,2012,0.6132450072672205,True,960507,6761.0,7761.0,PRIJEM,PREVOD Z UCTU,DUCHOD
1530420,5213,0.6132365922289277,True,981205,70071.0,111655.7,PRIJEM,PREVOD Z UCTU,
587855,2001,0.6132147334519258,True,981206,58653.0,107388.0,PRIJEM,PREVOD Z UCTU,
663079,2264,0.6131909702034308,True,961214,4767.0,5767.0,PRIJEM,PREVOD Z UCTU,DUCHOD
796077,2712,0.6131798110621683,True,930411,6604.0,7004.0,PRIJEM,PREVOD Z UCTU,DUCHOD
2383413,7859,0.6131537625281754,True,961213,54092.0,122387.7,PRIJEM,PREVOD Z UCTU,
3324359,11042,0.6131486268008602,True,981205,54286.0,95001.7,PRIJEM,PREVOD Z UCTU,
195881,664,0.6131352909828295,True,970107,6559.0,6759.0,PRIJEM,PREVOD Z UCTU,DUCHOD
518830,1772,0.6131134997117144,True,950608,72298.0,139880.9,PRIJEM,PREVOD Z UCTU,
419282,1422,0.6131069366560699,True,930508,5842.0,6242.0,PRIJEM,PREVOD Z UCTU,DUCHOD
192638,654,0.6131046875418217,True,941211,6092.0,12384.0,PRIJEM,PREVOD Z UCTU,DUCHOD
3207539,10645,0.6130819373486291,True,970606,73890.0,124697.4,PRIJEM,PREVOD Z UCTU,
911150,3107,0.6130776432657741,True,940111,6300.0,12800.0,PRIJEM,PREVOD Z UCTU,DUCHOD
467744,1592,0.6130547510569878,True,941113,4604.0,14212.0,PRIJEM,PREVOD Z UCTU,DUCHOD
1140249,3898,0.6130285917673763,True,940407,6915.0,14630.0,PRIJEM,PREVOD Z UCTU,DUCHOD
786082,2678,0.6130284574894187,True,971207,56895.0,113971.2,PRIJEM,PREVOD Z UCTU,
786094,2678,0.6130284574894187,True,981207,56895.0,110583.2,PRIJEM,PREVOD Z UCTU,
3043717,10093,0.612959384456907,True,961208,60566.0,98195.6,PRIJEM,PREVOD Z UCTU,
513437,1757,0.6129273241296156,True,951208,66152.0,122448.7,PRIJEM,PREVOD Z UCTU,
513461,1757,0.6129273241296156,True,971208,66152.0,122088.5,PRIJEM,PREVOD Z UCTU,
13894,47,0.6129264808317174,True,931211,52886.0,108508.9,PRIJEM,PREVOD Z UCTU,
1139816,3896,0.6129219360076972,True,971210,50620.0,114343.8,PRIJEM,PREVOD Z UCTU,
682100,2328,0.6129081642163394,True,950713,6765.0,7765.0,PRIJEM,PREVOD Z UCTU,DUCHOD
848253,2889,0.6128835697934644,True,980606,56037.0,123527.4,PRIJEM,PREVOD Z UCTU,
3314696,11013,0.612875597930056,True,981213,63366.0,109937.6,PRIJEM,PREVOD Z UCTU,
545320,1855,0.6128729207193556,True,961214,5172.0,10744.0,PRIJEM,PREVOD Z UCTU,DUCHOD
490130,1673,0.6128713794383163,True,940106,4408.0,5308.0,PRIJEM,PREVOD Z UCTU,DUCHOD
447568,1520,0.6128201029754637,True,950905,6005.0,6305.0,PRIJEM,PREVOD Z UCTU,DUCHOD
875211,2982,0.6128195652789794,True,981208,73128.0,106564.2,PRIJEM,PREVOD Z UCTU,
873997,2977,0.612805893314788,True,971213,57447.0,119177.7,PRIJEM,PREVOD Z UCTU,
474208,1615,0.6128029508962692,True,971114,6626.0,7526.0,PRIJEM,PREVOD Z UCTU,DUCHOD
118354,397,0.612773885201354,True,981214,46358.0,129547.9,PRIJEM,PREVOD Z UCTU,
1326649,4527,0.6127437342134948,True,971128,48047.0,105897.9,PRIJEM,VKLAD,
430087,1461,0.6127182101133184,True,970614,63256.0,125462.1,PRIJEM,PREVOD Z UCTU,
328319,1120,0.6127108399232571,True,931205,5428.0,11756.0,PRIJEM,PREVOD Z UCTU,DUCHOD
655900,2242,0.612702764282198,True,961206,65240.0,105733.6,PRIJEM,PREVOD Z UCTU,
857426,2923,0.6126878789702809,True,950205,4179.0,4679.0,PRIJEM,PREVOD Z UCTU,DUCHOD
348951,1184,0.6126785058520067,True,961205,56686.0,105152.2,PRIJEM,PREVOD Z UCTU,
245810,844,0.6126724366535304,True,971206,70160.0,104455.0,PRIJEM,PREVOD Z UCTU,
1467358,4999,0.6126495587133834,True,981206,41296.0,124253.7,PRIJEM,PREVOD Z UCTU,
668338,2282,0.6126346392941631,True,970614,69152.0,148823.7,PRIJEM,PREVOD Z UCTU,
267373,915,0.6126257736999811,True,981209,58041.0,103867.5,PRIJEM,PREVOD Z UCTU,
3314660,11013,0.6125997236395168,True,951213,63366.0,105897.1,PRIJEM,PREVOD Z UCTU,
893230,3045,0.612597999424586,True,950705,6079.0,6379.0,PRIJEM,PREVOD Z UCTU,DUCHOD
173147,581,0.6125861645610917,True,961207,4890.0,10280.0,PRIJEM,PREVOD Z UCTU,DUCHOD
1159386,3970,0.6125852443339427,True,981211,57232.0,102736.0,PRIJEM,PREVOD Z UCTU,
3419743,11349,0.6125824786966532,True,970608,62982.0,110114.2,PRIJEM,PREVOD Z UCTU,
647860,2215,0.6125755240233185,True,971208,6690.0,14380.0,PRIJEM,PREVOD Z UCTU,DUCHOD
102700,350,0.6125694411078566,True,961111,6309.0,6809.0,PRIJEM,PREVOD Z UCTU,DUCHOD
103357,353,0.6125463196429113,True,951206,6676.0,27704.0,PRIJEM,PREVOD Z UCTU,DUCHOD
1041275,3560,0.612540353726571,True,961206,5026.0,5826.0,PRIJEM,PREVOD Z UCTU,DUCHOD
99062,339,0.6125358351758683,True,971212,70210.0,109334.6,PRIJEM,PREVOD Z UCTU,
19821,67,0.6125003558490593,True,941205,62235.0,94282.8,PRIJEM,PREVOD Z UCTU,
514221,1760,0.6124744511649013,True,960106,4871.0,10342.0,PRIJEM,PREVOD Z UCTU,DUCHOD
889922,3035,0.6124551187267837,True,950611,69468.0,112699.2,PRIJEM,PREVOD Z UCTU,
432327,1469,0.6124334624419518,True,960106,6228.0,7228.0,PRIJEM,PREVOD Z UCTU,DUCHOD
1139308,3894,0.6124174458883397,True,961110,6868.0,14336.0,PRIJEM,PREVOD Z UCTU,DUCHOD
623307,2126,0.612386152805353,True,971211,61624.0,128143.5,PRIJEM,PREVOD Z UCTU,
321101,1098,0.6123668038584392,True,940205,5784.0,12168.0,PRIJEM,PREVOD Z UCTU,DUCHOD
1425828,4858,0.612354540285639,True,981211,62850.0,80040.6,PRIJEM,PREVOD Z UCTU,
648707,2218,0.6123491291816324,True,960605,61557.0,122674.0,PRIJEM,PREVOD Z UCTU,
3382311,11231,0.612318906162466,True,971211,66964.0,94677.2,PRIJEM,PREVOD Z UCTU,
1787199,6062,0.6122999608672763,True,980607,56068.0,116558.7,PRIJEM,PREVOD Z UCTU,
1278707,4375,0.6122987402239028,True,961213,71824.0,108827.5,PRIJEM,PREVOD Z UCTU,
19845,67,0.6122931862136979,True,961205,62235.0,94947.4,PRIJEM,PREVOD Z UCTU,
1613978,5481,0.612292658174738,True,931207,54645.0,110583.8,PRIJEM,PREVOD Z UCTU,
171030,574,0.6122864273865513,True,941206,60729.0,121600.8,PRIJEM,PREVOD Z UCTU,
171018,574,0.6122864273865513,True,931206,60729.0,121983.6,PRIJEM,PREVOD Z UCTU,
1644121,5574,0.6122418227190751,True,961208,71565.0,108276.9,PRIJEM,PREVOD Z UCTU,
1052419,3600,0.6122228415838582,True,930905,6623.0,7723.0,PRIJEM,PREVOD Z UCTU,DUCHOD
587819,2001,0.6121783784364062,True,951206,58653.0,104215.0,PRIJEM,PREVOD Z UCTU,
2857397,9455,0.612177090956045,True,961213,56212.0,87083.2,PRIJEM,PREVOD Z UCTU,
467743,1592,0.612168697181057,True,941013,4604.0,9608.0,PRIJEM,PREVOD Z UCTU,DUCHOD
569781,1939,0.6121495152208366,True,980611,74529.0,120901.9,PRIJEM,PREVOD Z UCTU,
655870,2242,0.6121481742388012,True,940606,65240.0,113184.5,PRIJEM,PREVOD Z UCTU,
655894,2242,0.6121481742388012,True,960606,65240.0,113095.1,PRIJEM,PREVOD Z UCTU,
414190,1408,0.6121400922932991,True,971212,55320.0,123850.7,PRIJEM,PREVOD Z UCTU,
19430,66,0.6121381948476817,True,981209,67070.0,124126.8,PRIJEM,PREVOD Z UCTU,
1534941,5228,0.6121321506725166,True,960605,74522.0,115407.9,PRIJEM,PREVOD Z UCTU,
332456,1132,0.6121274159972395,True,931209,72147.0,127980.9,PRIJEM,PREVOD Z UCTU,
3369151,11186,0.6121188984472385,True,970609,58870.0,125743.6,PRIJEM,PREVOD Z UCTU,
742716,2536,0.6121182566185925,True,941208,6234.0,12968.0,PRIJEM,PREVOD Z UCTU,DUCHOD
171072,574,0.6121067074782136,True,980606,60729.0,142918.3,PRIJEM,PREVOD Z UCTU,
17970,61,0.6120573154096642,True,940207,4019.0,8738.0,PRIJEM,PREVOD Z UCTU,DUCHOD
3314690,11013,0.6120495855368725,True,980613,63366.0,112619.6,PRIJEM,PREVOD Z UCTU,
1244779,4259,0.6120495855368725,True,950613,66165.0,114297.0,PRIJEM,PREVOD Z UCTU,
224344,764,0.6120487854636758,True,930205,6238.0,7338.0,PRIJEM,PREVOD Z UCTU,DUCHOD
420550,1426,0.6120472440881513,True,951208,4022.0,8244.0,PRIJEM,PREVOD Z UCTU,DUCHOD
605757,2062,0.6120358605717289,True,981214,64642.0,97552.6,PRIJEM,PREVOD Z UCTU,
2868202,9491,0.6120303151305996,True,981213,65738.0,105675.9,PRIJEM,PREVOD Z UCTU,
1644097,5574,0.6120147625649605,True,941208,71565.0,106141.3,PRIJEM,PREVOD Z UCTU,
855440,2915,0.6120092268486317,True,970610,71974.0,134041.2,PRIJEM,PREVOD Z UCTU,
918144,3130,0.6120043899542944,True,960510,6359.0,13218.0,PRIJEM,PREVOD Z UCTU,DUCHOD
272958,934,0.6119700905948348,True,971214,6025.0,6325.0,PRIJEM,PREVOD Z UCTU,DUCHOD
221877,754,0.6119557552723327,True,950705,6248.0,7048.0,PRIJEM,PREVOD Z UCTU,DUCHOD
513473,1757,0.61194337153675,True,981208,66152.0,121852.0,PRIJEM,PREVOD Z UCTU,
817345,2784,0.6118888335612135,True,971213,6778.0,13856.0,PRIJEM,PREVOD Z UCTU,DUCHOD
2079506,7049,0.611888584227894,True,971205,74278.0,109695.1,PRIJEM,PREVOD Z UCTU,
2968879,9833,0.6118702892368606,True,980608,73224.0,128265.0,PRIJEM,PREVOD Z UCTU,
889928,3035,0.611861830314501,True,951211,69468.0,104884.1,PRIJEM,PREVOD Z UCTU,
840174,2861,0.611856429710796,True,930306,5915.0,6215.0,PRIJEM,PREVOD Z UCTU,DUCHOD
655924,2242,0.6118313051383272,True,981206,65240.0,103688.6,PRIJEM,PREVOD Z UCTU,
870499,2965,0.6118199144422638,True,951205,5617.0,12134.0,PRIJEM,PREVOD Z UCTU,DUCHOD
131187,441,0.6118148974263421,True,971209,67095.0,116964.5,PRIJEM,PREVOD Z UCTU,
960775,3273,0.6118115377123572,True,971209,74642.0,101121.9,PRIJEM,PREVOD Z UCTU,
777562,2651,0.6117946959212227,True,941212,53894.0,96063.7,PRIJEM,PREVOD Z UCTU,
19382,66,0.6117561682631467,True,941209,67070.0,126400.8,PRIJEM,PREVOD Z UCTU,
739000,2524,0.6117521650729326,True,950114,6263.0,6563.0,PRIJEM,PREVOD Z UCTU,DUCHOD
815029,2775,0.6117485477948691,True,981205,51832.0,99582.6,PRIJEM,PREVOD Z UCTU,
587831,2001,0.6117474159804213,True,961206,58653.0,100619.5,PRIJEM,PREVOD Z UCTU,
2779990,9201,0.6117234575151113,True,961207,64503.0,98237.8,PRIJEM,PREVOD Z UCTU,
2472461,8158,0.6117212124563846,True,970614,59676.0,115150.5,PRIJEM,PREVOD Z UCTU,
3335931,11079,0.6117177480331432,True,981211,73724.0,111598.1,PRIJEM,PREVOD Z UCTU,
1644109,5574,0.6116980393358646,True,951208,71565.0,101223.5,PRIJEM,PREVOD Z UCTU,
1027387,3509,0.6116929393090696,True,931005,5812.0,6912.0,PRIJEM,PREVOD Z UCTU,DUCHOD
251251,862,0.6116723137201152,True,940608,66500.0,127827.0,PRIJEM,PREVOD Z UCTU,
581046,1978,0.6116721264293394,True,941209,51303.0,102589.0,PRIJEM,PREVOD Z UCTU,
1206271,4127,0.6116363479832552,True,970125,45402.0,92354.7,PRIJEM,VKLAD,
2472455,8158,0.6116077181243139,True,961214,59676.0,106414.7,PRIJEM,PREVOD Z UCTU,
171078,574,0.61157504008843,True,981206,60729.0,119337.6,PRIJEM,PREVOD Z UCTU,
635517,2170,0.6115729988403389,True,960606,74770.0,132976.6,PRIJEM,PREVOD Z UCTU,
159949,536,0.6115637686132517,True,961106,5012.0,5912.0,PRIJEM,PREVOD Z UCTU,DUCHOD
655906,2242,0.6115579222914894,True,970606,65240.0,112401.3,PRIJEM,PREVOD Z UCTU,
655882,2242,0.6115579222914894,True,950606,65240.0,110633.2,PRIJEM,PREVOD Z UCTU,
2343663,7733,0.611557732863139,True,971214,64186.0,103723.5,PRIJEM,PREVOD Z UCTU,
689384,2355,0.6115326333741253,True,950614,63912.0,121150.3,PRIJEM,PREVOD Z UCTU,
936312,3196,0.6115313899025059,True,940109,5403.0,6103.0,PRIJEM,PREVOD Z UCTU,DUCHOD
129504,435,0.6115261282099884,True,930207,5039.0,5439.0,PRIJEM,PREVOD Z UCTU,DUCHOD
167680,561,0.6115060191748584,True,970108,6082.0,6482.0,PRIJEM,PREVOD Z UCTU,DUCHOD
1157042,3960,0.6114969930957174,True,930305,4807.0,5307.0,PRIJEM,PREVOD Z UCTU,DUCHOD
588590,2003,0.6114847139250654,True,980609,70450.0,134645.9,PRIJEM,PREVOD Z UCTU,
2434646,8027,0.611464631479948,True,960606,58227.0,122602.9,PRIJEM,PREVOD Z UCTU,
1436812,4894,0.6114581349608473,True,971212,43882.0,124475.2,PRIJEM,PREVOD Z UCTU,
475215,1620,0.6114339796153928,True,950705,6082.0,6782.0,PRIJEM,PREVOD Z UCTU,DUCHOD
551016,1877,0.6114239863863625,True,940210,6485.0,13670.0,PRIJEM,PREVOD Z UCTU,DUCHOD
173146,581,0.6114164806947502,True,961107,4890.0,5390.0,PRIJEM,PREVOD Z UCTU,DUCHOD
403573,1374,0.611390215651085,True,970607,72966.0,126403.5,PRIJEM,PREVOD Z UCTU,
574901,1958,0.6113865120021339,True,941210,5338.0,11276.0,PRIJEM,PREVOD Z UCTU,DUCHOD
363122,1235,0.6113801188633983,True,931212,4339.0,4839.0,PRIJEM,PREVOD Z UCTU,DUCHOD
386007,1312,0.6113758336783481,True,941110,5735.0,6135.0,PRIJEM,PREVOD Z UCTU,DUCHOD
587843,2001,0.6113336560384294,True,971206,58653.0,98513.5,PRIJEM,PREVOD Z UCTU,
648689,2218,0.6113008798715732,True,941205,61557.0,62157.0,PRIJEM,PREVOD Z UCTU,
19833,67,0.6112947736466077,True,951205,62235.0,89068.8,PRIJEM,PREVOD Z UCTU,
889940,3035,0.6112718544687378,True,961211,69468.0,104322.3,PRIJEM,PREVOD Z UCTU,
331103,1128,0.6112713546665014,True,940107,6189.0,12778.0,PRIJEM,PREVOD Z UCTU,DUCHOD
3382305,11231,0.611266674887711,True,970611,66964.0,109529.5,PRIJEM,PREVOD Z UCTU,
469894,1601,0.6112085464004848,True,930307,4042.0,4542.0,PRIJEM,PREVOD Z UCTU,DUCHOD
11490,39,0.6111944675034932,True,931105,6474.0,14048.0,PRIJEM,PREVOD Z UCTU,DUCHOD
843478,2871,0.6111486195690624,True,951210,6683.0,13966.0,PRIJEM,PREVOD Z UCTU,DUCHOD
467745,1592,0.6111440300769732,True,941213,4604.0,18816.0,PRIJEM,PREVOD Z UCTU,DUCHOD
1040398,3558,0.6111418814811491,True,960612,65614.0,120559.8,PRIJEM,PREVOD Z UCTU,
518854,1772,0.6111389005668489,True,970608,72298.0,134717.1,PRIJEM,PREVOD Z UCTU,
1754234,5952,0.6111321856189922,True,981210,52968.0,105031.9,PRIJEM,PREVOD Z UCTU,
1754222,5952,0.6111321856189922,True,971210,52968.0,102665.1,PRIJEM,PREVOD Z UCTU,
1010753,3454,0.6111078948435821,True,961113,6596.0,7096.0,PRIJEM,PREVOD Z UCTU,DUCHOD
19863,67,0.6111021561771525,True,980605,62235.0,134938.9,PRIJEM,PREVOD Z UCTU,
648701,2218,0.6110975644613416,True,951205,61557.0,100495.8,PRIJEM,PREVOD Z UCTU,
967259,3296,0.6110512281510617,True,971214,69132.0,100991.1,PRIJEM,PREVOD Z UCTU,
3145180,10439,0.6110507720318594,True,980608,56835.0,118146.6,PRIJEM,PREVOD Z UCTU,
457754,1556,0.6110278727096552,True,961107,5955.0,12510.0,PRIJEM,PREVOD Z UCTU,DUCHOD
3314654,11013,0.6110151996633512,True,950613,63366.0,110416.3,PRIJEM,PREVOD Z UCTU,
1040362,3558,0.6109944472774008,True,930612,65614.0,66014.0,PRIJEM,PREVOD Z UCTU,
2078109,7045,0.6109935875394205,True,981207,54138.0,104826.5,PRIJEM,PREVOD Z UCTU,
635505,2170,0.6109526408053787,True,950606,74770.0,127825.9,PRIJEM,PREVOD Z UCTU,
504972,1725,0.6109524369789694,True,960610,71805.0,125306.7,PRIJEM,PREVOD Z UCTU,
303142,1032,0.6109521860176228,True,931205,74648.0,108800.9,PRIJEM,PREVOD Z UCTU,
870498,2965,0.6109397939235912,True,951105,5617.0,6517.0,PRIJEM,PREVOD Z UCTU,DUCHOD
568551,1935,0.610921264877442,True,981206,74812.0,121616.1,PRIJEM,PREVOD Z UCTU,
29119,96,0.6109158585432254,True,931211,66332.0,109654.5,PRIJEM,PREVOD Z UCTU,
2963584,9814,0.6109128422284729,True,981129,47924.0,167777.5,PRIJEM,VKLAD,
436681,1484,0.6109104957146695,True,961110,6612.0,13424.0,PRIJEM,PREVOD Z UCTU,DUCHOD
983387,3355,0.610885429499518,True,940409,5768.0,12636.0,PRIJEM,PREVOD Z UCTU,DUCHOD
251275,862,0.6108758305395118,True,960608,66500.0,127379.8,PRIJEM,PREVOD Z UCTU,
648725,2218,0.6108602132496124,True,971205,61557.0,106624.2,PRIJEM,PREVOD Z UCTU,
251239,862,0.6108484849804592,True,930608,66500.0,131479.7,PRIJEM,PREVOD Z UCTU,
1838294,6226,0.6108431253703157,True,931207,59793.0,121689.5,PRIJEM,PREVOD Z UCTU,
2292526,7562,0.6108319984843701,True,971207,58052.0,116500.8,PRIJEM,PREVOD Z UCTU,
2477229,8173,0.6108223218264376,True,971205,61260.0,90238.1,PRIJEM,PREVOD Z UCTU,
510960,1749,0.6108137296509543,True,980606,68412.0,136331.8,PRIJEM,PREVOD Z UCTU,
181261,616,0.6108028331803235,True,931210,6846.0,14792.0,PRIJEM,PREVOD Z UCTU,DUCHOD
159950,536,0.6108004488755661,True,961206,5012.0,10924.0,PRIJEM,PREVOD Z UCTU,DUCHOD
1024866,3499,0.6107950911786493,True,971207,63498.0,117591.6,PRIJEM,PREVOD Z UCTU,
729455,2494,0.610778668698104,True,971206,60236.0,87995.0,PRIJEM,PREVOD Z UCTU,
547072,1862,0.6107776020065535,True,980608,59415.0,120872.0,PRIJEM,PREVOD Z UCTU,
711474,2433,0.6107604296206107,True,930405,4718.0,9936.0,PRIJEM,PREVOD Z UCTU,DUCHOD
1383936,4715,0.6107523985128237,True,961209,68788.0,104066.6,PRIJEM,PREVOD Z UCTU,
522112,1782,0.6107499617765801,True,930710,6542.0,13784.0,PRIJEM,PREVOD Z UCTU,DUCHOD
523020,1785,0.6107468082279393,True,961214,4892.0,10884.0,PRIJEM,PREVOD Z UCTU,DUCHOD
939057,3205,0.610722506731364,True,960112,4366.0,5066.0,PRIJEM,PREVOD Z UCTU,DUCHOD
739884,2527,0.6107199986779825,True,951030,41419.0,145752.9,PRIJEM,VKLAD,
649668,2220,0.6106995214207619,True,930307,6153.0,7253.0,PRIJEM,PREVOD Z UCTU,DUCHOD
701288,2400,0.6106871640686229,True,960712,4351.0,4851.0,PRIJEM,PREVOD Z UCTU,DUCHOD
10162,35,0.6106711969517069,True,930805,5446.0,6046.0,PRIJEM,PREVOD Z UCTU,DUCHOD
288384,989,0.6106690953242374,True,940408,5114.0,6114.0,PRIJEM,PREVOD Z UCTU,DUCHOD
3213193,10663,0.6106642475881019,True,961208,65008.0,98070.2,PRIJEM,PREVOD Z UCTU,
245822,844,0.6106479490181222,True,981206,70160.0,92706.6,PRIJEM,PREVOD Z UCTU,
90228,305,0.6106461129545573,True,961205,4430.0,9060.0,PRIJEM,PREVOD Z UCTU,DUCHOD
181260,616,0.6106380683942763,True,931110,6846.0,7946.0,PRIJEM,PREVOD Z UCTU,DUCHOD
859206,2928,0.6106377889837884,True,940113,5531.0,6031.0,PRIJEM,PREVOD Z UCTU,DUCHOD
1838318,6226,0.610593675871651,True,951207,59793.0,123699.6,PRIJEM,PREVOD Z UCTU,
1278731,4375,0.6105864443801351,True,981213,71824.0,107138.9,PRIJEM,PREVOD Z UCTU,
1015175,3470,0.6105786621159,True,970209,5427.0,6127.0,PRIJEM,PREVOD Z UCTU,DUCHOD
827255,2818,0.6105671943544829,True,981208,61533.0,104389.6,PRIJEM,PREVOD Z UCTU,
386008,1312,0.610519591724968,True,941210,5735.0,11870.0,PRIJEM,PREVOD Z UCTU,DUCHOD
35295,113,0.6105024153576355,True,961206,6417.0,32685.0,PRIJEM,PREVOD Z UCTU,DUCHOD
164440,550,0.6104896417579666,True,971208,5880.0,11960.0,PRIJEM,PREVOD Z UCTU,DUCHOD
581070,1978,0.610477371725132,True,961209,51303.0,93235.0,PRIJEM,PREVOD Z UCTU,
474209,1615,0.6104653770258479,True,971214,6626.0,14152.0,PRIJEM,PREVOD Z UCTU,DUCHOD
1064897,3638,0.6104462984540595,True,981208,50922.0,105896.6,PRIJEM,PREVOD Z UCTU,
364303,1238,0.6103987364834689,True,951211,6126.0,12852.0,PRIJEM,PREVOD Z UCTU,DUCHOD
1736673,5891,0.6103855451672061,True,980612,48891.0,139089.8,PRIJEM,PREVOD Z UCTU,
383239,1302,0.6103674415454532,True,931212,6090.0,6890.0,PRIJEM,PREVOD Z UCTU,DUCHOD
324546,1108,0.6103432936577889,True,950507,4730.0,10460.0,PRIJEM,PREVOD Z UCTU,DUCHOD
703190,2410,0.610329958268269,True,930611,6105.0,6705.0,PRIJEM,PREVOD Z UCTU,DUCHOD
302411,1030,0.6103280208370406,True,960110,6364.0,13828.0,PRIJEM,PREVOD Z UCTU,DUCHOD
331102,1128,0.6103174740752079,True,931207,6189.0,6589.0,PRIJEM,PREVOD Z UCTU,DUCHOD
1187084,4066,0.6103166156036158,True,941210,48368.0,94407.7,PRIJEM,PREVOD Z UCTU,
2292520,7562,0.6103137648182358,True,970607,58052.0,127627.6,PRIJEM,PREVOD Z UCTU,
677530,2315,0.6103036530000904,True,940310,4439.0,5339.0,PRIJEM,PREVOD Z UCTU,DUCHOD
647859,2215,0.6103029823379562,True,971108,6690.0,7690.0,PRIJEM,PREVOD Z UCTU,DUCHOD
473728,1613,0.610301129390026,True,951105,6359.0,13318.0,PRIJEM,PREVOD Z UCTU,DUCHOD
855452,2915,0.6102898893360452,True,980610,71974.0,126017.7,PRIJEM,PREVOD Z UCTU,
874664,2980,0.6102778871745546,True,940106,4974.0,5974.0,PRIJEM,PREVOD Z UCTU,DUCHOD
588566,2003,0.6102754313063646,True,960609,70450.0,129425.1,PRIJEM,PREVOD Z UCTU,
1146639,3922,0.6102704568289993,True,971214,5673.0,12246.0,PRIJEM,PREVOD Z UCTU,DUCHOD
221130,751,0.6102625424239152,True,930606,4350.0,5250.0,PRIJEM,PREVOD Z UCTU,DUCHOD
1010754,3454,0.6102518067778393,True,961213,6596.0,13692.0,PRIJEM,PREVOD Z UCTU,DUCHOD
965829,3291,0.61024973536281,True,961213,5355.0,6355.0,PRIJEM,PREVOD Z UCTU,DUCHOD
35462,114,0.6102458339768011,True,970411,4234.0,4734.0,PRIJEM,PREVOD Z UCTU,DUCHOD
1052811,3601,0.6102326544601129,True,950713,5827.0,6527.0,PRIJEM,PREVOD Z UCTU,DUCHOD
303148,1032,0.610222377756419,True,940605,74648.0,128174.1,PRIJEM,PREVOD Z UCTU,
438880,1492,0.6102220026889246,True,961111,4733.0,5533.0,PRIJEM,PREVOD Z UCTU,DUCHOD
697212,2384,0.6102187211666649,True,981210,71859.0,131555.9,PRIJEM,PREVOD Z UCTU,
1004582,3429,0.6101890387770388,True,940214,6664.0,13828.0,PRIJEM,PREVOD Z UCTU,DUCHOD
855410,2915,0.6101784043255317,True,941210,71974.0,109209.2,PRIJEM,PREVOD Z UCTU,
866070,2949,0.6101734867391053,True,941211,6410.0,13220.0,PRIJEM,PREVOD Z UCTU,DUCHOD
92391,314,0.6101710724294326,True,960606,55346.0,109016.3,PRIJEM,PREVOD Z UCTU,
597796,2035,0.6101661894543362,True,981205,44084.0,92533.9,PRIJEM,PREVOD Z UCTU,
1838342,6226,0.6101595676244328,True,971207,59793.0,114408.8,PRIJEM,PREVOD Z UCTU,
204848,696,0.610121772656409,True,980106,6904.0,14508.0,PRIJEM,PREVOD Z UCTU,DUCHOD
894512,3050,0.6101182305250114,True,931208,62168.0,98290.6,PRIJEM,PREVOD Z UCTU,
2434628,8027,0.6101151031414227,True,941206,58227.0,108652.8,PRIJEM,PREVOD Z UCTU,
828190,2820,0.6101142730172018,True,980106,5175.0,5475.0,PRIJEM,PREVOD Z UCTU,DUCHOD
855428,2915,0.6101088549190136,True,960610,71974.0,133321.5,PRIJEM,PREVOD Z UCTU,
2501924,8260,0.6100919676245299,True,961208,56152.0,132745.5,PRIJEM,PREVOD Z UCTU,
457594,1555,0.6100916555212369,True,970107,6260.0,13620.0,PRIJEM,PREVOD Z UCTU,DUCHOD
1309109,4470,0.6100774063020012,True,941207,60854.0,115093.9,PRIJEM,PREVOD Z UCTU,
845044,2877,0.6100688762940029,True,980610,66615.0,120205.7,PRIJEM,PREVOD Z UCTU,
845032,2877,0.6100688762940029,True,970610,66615.0,120127.5,PRIJEM,PREVOD Z UCTU,
671440,2293,0.6100491681186195,True,930312,6745.0,7445.0,PRIJEM,PREVOD Z UCTU,DUCHOD
883007,3008,0.610032987064207,True,930406,6934.0,14068.0,PRIJEM,PREVOD Z UCTU,DUCHOD
506838,1731,0.6100085642960603,True,930211,4758.0,4958.0,PRIJEM,PREVOD Z UCTU,DUCHOD
141152,472,0.6099990620859567,True,980607,73802.0,130885.1,PRIJEM,PREVOD Z UCTU,
1309504,4471,0.6099962284678546,True,971205,45438.0,92749.3,PRIJEM,PREVOD Z UCTU,
2655661,8784,0.6099934986444695,True,961210,55186.0,85908.7,PRIJEM,PREVOD Z UCTU,
670706,2290,0.609987353779413,True,961210,6298.0,12996.0,PRIJEM,PREVOD Z UCTU,DUCHOD
623319,2126,0.6099657303265567,True,981211,61624.0,121026.7,PRIJEM,PREVOD Z UCTU,
3207374,10644,0.6099584735366302,True,981213,67488.0,92036.6,PRIJEM,PREVOD Z UCTU,
341776,1160,0.6099428316290536,True,971208,42630.0,113102.3,PRIJEM,PREVOD Z UCTU,
764362,2610,0.6099239846400161,True,970111,6858.0,7158.0,PRIJEM,PREVOD Z UCTU,DUCHOD
922419,3144,0.609899091028863,True,960407,6085.0,6885.0,PRIJEM,PREVOD Z UCTU,DUCHOD
319946,1093,0.6098989965738139,True,971207,72206.0,92901.2,PRIJEM,PREVOD Z UCTU,
950650,3241,0.6098737312089104,True,930912,6282.0,12764.0,PRIJEM,PREVOD Z UCTU,DUCHOD
1027388,3509,0.6098670229705155,True,931105,5812.0,12724.0,PRIJEM,PREVOD Z UCTU,DUCHOD
2968867,9833,0.6098206084369922,True,970608,73224.0,126389.2,PRIJEM,PREVOD Z UCTU,
737260,2519,0.6098088521766821,True,930207,5544.0,6044.0,PRIJEM,PREVOD Z UCTU,DUCHOD
294025,1005,0.6098009352417392,True,980609,51724.0,144309.6,PRIJEM,PREVOD Z UCTU,
639931,2185,0.6097826227658951,True,950214,5266.0,6166.0,PRIJEM,PREVOD Z UCTU,DUCHOD
2579156,8519,0.6097786019673908,True,930612,56019.0,102931.8,PRIJEM,PREVOD Z UCTU,
259436,888,0.6097757970536899,True,961208,6107.0,13014.0,PRIJEM,PREVOD Z UCTU,DUCHOD
1071596,3661,0.6097628850931768,True,960207,4966.0,5766.0,PRIJEM,PREVOD Z UCTU,DUCHOD
668350,2282,0.6097577306525047,True,980614,69152.0,145325.9,PRIJEM,PREVOD Z UCTU,
1754174,5952,0.609756010365562,True,931210,52968.0,107368.5,PRIJEM,PREVOD Z UCTU,
1063737,3634,0.6097540459411129,True,981209,72766.0,125418.7,PRIJEM,PREVOD Z UCTU,
950649,3241,0.6097269152331278,True,930812,6282.0,6482.0,PRIJEM,PREVOD Z UCTU,DUCHOD
1045673,3576,0.60971989226417,True,950206,4065.0,13095.0,PRIJEM,PREVOD Z UCTU,DUCHOD
729467,2494,0.6097036527673512,True,981206,60236.0,84075.2,PRIJEM,PREVOD Z UCTU,
1367,6,0.6096810304988732,True,941111,6669.0,14238.0,PRIJEM,PREVOD Z UCTU,DUCHOD
921798,3142,0.6096713941268092,True,941112,6029.0,12258.0,PRIJEM,PREVOD Z UCTU,DUCHOD
1163860,3984,0.6096694819287535,True,970214,4041.0,8582.0,PRIJEM,PREVOD Z UCTU,DUCHOD
63718,212,0.6096610126222495,True,930609,74385.0,116421.9,PRIJEM,PREVOD Z UCTU,
569775,1939,0.6096409740996236,True,971211,74529.0,96750.3,PRIJEM,PREVOD Z UCTU,
966367,3293,0.6096287962624277,True,981210,69018.0,102752.5,PRIJEM,PREVOD Z UCTU,
2847087,9422,0.6096175090737629,True,981214,64642.0,92252.6,PRIJEM,PREVOD Z UCTU,
1088698,3720,0.6096142172195282,True,930914,5657.0,12114.0,PRIJEM,PREVOD Z UCTU,DUCHOD
123767,416,0.6095815994211419,True,960905,5155.0,5655.0,PRIJEM,PREVOD Z UCTU,DUCHOD
572042,1947,0.6095760541138201,True,940107,6860.0,14620.0,PRIJEM,PREVOD Z UCTU,DUCHOD
921797,3142,0.6095706451405566,True,941012,6029.0,6229.0,PRIJEM,PREVOD Z UCTU,DUCHOD
332504,1132,0.6095691046643561,True,971209,72147.0,113231.4,PRIJEM,PREVOD Z UCTU,
530445,1809,0.6095690115525138,True,931206,30082.0,30282.0,PRIJEM,PREVOD Z UCTU,
122071,410,0.6095679535220122,True,961113,5738.0,5938.0,PRIJEM,PREVOD Z UCTU,DUCHOD
575174,1959,0.6095676350920554,True,940205,6830.0,14260.0,PRIJEM,PREVOD Z UCTU,DUCHOD
930864,3173,0.6095467163833476,True,930610,4235.0,5335.0,PRIJEM,PREVOD Z UCTU,DUCHOD
433640,1474,0.6095407404987535,True,961206,4043.0,13029.0,PRIJEM,PREVOD Z UCTU,DUCHOD
2872043,9504,0.609531458365191,True,960605,55628.0,110020.6,PRIJEM,PREVOD Z UCTU,
332462,1132,0.6095176248695265,True,940609,72147.0,129220.4,PRIJEM,PREVOD Z UCTU,
753742,2572,0.60950261887394,True,950607,73228.0,121535.3,PRIJEM,PREVOD Z UCTU,
164439,550,0.6094874870067528,True,971108,5880.0,6080.0,PRIJEM,PREVOD Z UCTU,DUCHOD
889964,3035,0.6094653561249187,True,981211,69468.0,97844.6,PRIJEM,PREVOD Z UCTU,
513449,1757,0.6094509294097085,True,961208,66152.0,115075.3,PRIJEM,PREVOD Z UCTU,
3207551,10645,0.6094502473129726,True,980606,73890.0,113328.8,PRIJEM,PREVOD Z UCTU,
99068,339,0.6094436524066722,True,980612,70210.0,125917.7,PRIJEM,PREVOD Z UCTU,
518866,1772,0.6094421339116364,True,980608,72298.0,135267.2,PRIJEM,PREVOD Z UCTU,
1139309,3894,0.609418421577478,True,961210,6868.0,21204.0,PRIJEM,PREVOD Z UCTU,DUCHOD
873129,2974,0.6094148868815394,True,930412,5582.0,6682.0,PRIJEM,PREVOD Z UCTU,DUCHOD
135838,456,0.6094121703020997,True,941210,71746.0,121048.2,PRIJEM,PREVOD Z UCTU,
944265,3221,0.60940755518455,True,930909,5330.0,6230.0,PRIJEM,PREVOD Z UCTU,DUCHOD
120066,403,0.6093951643755701,True,930914,5563.0,11726.0,PRIJEM,PREVOD Z UCTU,DUCHOD
260355,892,0.6093752181848193,True,930409,6177.0,7077.0,PRIJEM,PREVOD Z UCTU,DUCHOD
569757,1939,0.6093606478232904,True,960611,74529.0,109976.8,PRIJEM,PREVOD Z UCTU,
2868190,9491,0.6093549915367712,True,971213,65738.0,97293.5,PRIJEM,PREVOD Z UCTU,
349268,1185,0.6093321798132455,True,970706,4246.0,4946.0,PRIJEM,PREVOD Z UCTU,DUCHOD
64688,216,0.6093169805590968,True,940611,6460.0,6960.0,PRIJEM,PREVOD Z UCTU,DUCHOD
359108,1220,0.609313878976175,True,950907,5764.0,12428.0,PRIJEM,PREVOD Z UCTU,DUCHOD
646906,2211,0.6092551471513576,True,981205,70575.0,105223.9,PRIJEM,PREVOD Z UCTU,
510930,1749,0.6092468857322985,True,951206,68412.0,103106.5,PRIJEM,PREVOD Z UCTU,
753586,2571,0.6092444859883549,True,970610,70498.0,132926.8,PRIJEM,PREVOD Z UCTU,
648719,2218,0.6092229560462519,True,970605,61557.0,119079.5,PRIJEM,PREVOD Z UCTU,
1243196,4253,0.6092229560462519,True,970605,61878.0,113251.1,PRIJEM,PREVOD Z UCTU,
1146638,3922,0.6092182242843309,True,971114,5673.0,6573.0,PRIJEM,PREVOD Z UCTU,DUCHOD
655912,2242,0.6092146857985639,True,971206,65240.0,102330.8,PRIJEM,PREVOD Z UCTU,
29143,96,0.6091973461494827,True,951211,66332.0,108932.3,PRIJEM,PREVOD Z UCTU,
760540,2595,0.6091867970327252,True,970914,6828.0,7128.0,PRIJEM,PREVOD Z UCTU,DUCHOD
348963,1184,0.6091759957592856,True,971205,56686.0,103107.7,PRIJEM,PREVOD Z UCTU,
348939,1184,0.6091759957592856,True,951205,56686.0,103173.4,PRIJEM,PREVOD Z UCTU,
741604,2532,0.6091757041036941,True,970610,73448.0,118821.9,PRIJEM,PREVOD Z UCTU,
752940,2569,0.6091714100306946,True,940708,6772.0,7772.0,PRIJEM,PREVOD Z UCTU,DUCHOD
369079,1255,0.6091704290909397,True,971205,52401.0,104284.2,PRIJEM,PREVOD Z UCTU,
1147739,3926,0.6091609318139148,True,941010,5427.0,5827.0,PRIJEM,PREVOD Z UCTU,DUCHOD
402275,1370,0.6091581745260332,True,961107,5800.0,12200.0,PRIJEM,PREVOD Z UCTU,DUCHOD
753778,2572,0.6091487843562474,True,980607,73228.0,120464.2,PRIJEM,PREVOD Z UCTU,
85421,287,0.6091221575876465,True,931210,4562.0,9724.0,PRIJEM,PREVOD Z UCTU,DUCHOD
461959,1570,0.6091204628881834,True,940406,4298.0,4498.0,PRIJEM,PREVOD Z UCTU,DUCHOD
986650,3365,0.6091051963854133,True,971207,6994.0,8094.0,PRIJEM,PREVOD Z UCTU,DUCHOD
661598,2258,0.6091033114532926,True,970107,6656.0,13912.0,PRIJEM,PREVOD Z UCTU,DUCHOD
3314666,11013,0.6090903218770689,True,960613,63366.0,110174.0,PRIJEM,PREVOD Z UCTU,
1052421,3600,0.6090817050395934,True,931105,6623.0,20969.0,PRIJEM,PREVOD Z UCTU,DUCHOD
1155315,3953,0.6090613605751218,True,971212,47679.0,109399.2,PRIJEM,PREVOD Z UCTU,
1427142,4863,0.6090470853066529,True,971209,57063.0,98000.2,PRIJEM,PREVOD Z UCTU,
3035471,10063,0.6090212844135454,True,981206,58353.0,90129.7,PRIJEM,PREVOD Z UCTU,
348921,1184,0.6090072269064586,True,940605,56686.0,57386.0,PRIJEM,PREVOD Z UCTU,
348927,1184,0.6089735785578198,True,941205,56686.0,101447.3,PRIJEM,PREVOD Z UCTU,
3145162,10439,0.6089628769250564,True,961208,56835.0,105180.1,PRIJEM,PREVOD Z UCTU,
13150,44,0.6089626902957426,True,930605,4200.0,4600.0,PRIJEM,PREVOD Z UCTU,DUCHOD
143452,481,0.6089589293506136,True,960613,6633.0,13966.0,PRIJEM,PREVOD Z UCTU,DUCHOD
40025,130,0.608904878676044,True,970311,6813.0,7113.0,PRIJEM,PREVOD Z UCTU,DUCHOD
3035447,10063,0.6088972340886987,True,961206,58353.0,90740.2,PRIJEM,PREVOD Z UCTU,
753754,2572,0.6088944395625862,True,960607,73228.0,118865.2,PRIJEM,PREVOD Z UCTU,
967241,3296,0.6088898225737515,True,960614,69132.0,109893.4,PRIJEM,PREVOD Z UCTU,
319934,1093,0.6088848451414289,True,961207,72206.0,96515.6,PRIJEM,PREVOD Z UCTU,
359107,1220,0.6088653901318203,True,950807,5764.0,6664.0,PRIJEM,PREVOD Z UCTU,DUCHOD
576040,1962,0.6088529725509794,True,971213,69710.0,101721.7,PRIJEM,PREVOD Z UCTU,
852946,2907,0.6088496532921361,True,931106,6891.0,14482.0,PRIJEM,PREVOD Z UCTU,DUCHOD
1322233,4514,0.6088480959197942,True,960614,73800.0,122534.7,PRIJEM,PREVOD Z UCTU,
1614008,5481,0.6088459375542443,True,960607,54645.0,119382.6,PRIJEM,PREVOD Z UCTU,
2378543,7844,0.6088039005853872,True,941205,47906.0,95216.5,PRIJEM,PREVOD Z UCTU,
968258,3300,0.6087892414684762,True,981214,70078.0,103300.9,PRIJEM,PREVOD Z UCTU,
1116069,3812,0.6087732701363154,True,950205,4980.0,5380.0,PRIJEM,PREVOD Z UCTU,DUCHOD
1262545,4318,0.6087569704466779,True,971208,69144.0,107378.6,PRIJEM,PREVOD Z UCTU,
588187,2002,0.6087564975640919,True,930506,6060.0,6460.0,PRIJEM,PREVOD Z UCTU,DUCHOD
1065103,3639,0.6087437644153433,True,970206,5038.0,5238.0,PRIJEM,PREVOD Z UCTU,DUCHOD
1387118,4727,0.608740709689821,True,951205,53613.0,91505.4,PRIJEM,PREVOD Z UCTU,
1041459,3561,0.6087286573206246,True,971208,4324.0,9248.0,PRIJEM,PREVOD Z UCTU,DUCHOD
667554,2279,0.6087088645187351,True,981209,59007.0,98409.5,PRIJEM,PREVOD Z UCTU,
2857421,9455,0.6087075403709613,True,981213,56212.0,91915.2,PRIJEM,PREVOD Z UCTU,
348975,1184,0.6086774068728524,True,981205,56686.0,95931.6,PRIJEM,PREVOD Z UCTU,
1877902,6358,0.6086543055188355,True,971205,50696.0,85845.6,PRIJEM,PREVOD Z UCTU,
3043711,10093,0.608654293841274,True,960608,60566.0,105473.5,PRIJEM,PREVOD Z UCTU,
610784,2080,0.6086361953440312,True,981207,73970.0,105982.4,PRIJEM,PREVOD Z UCTU,
103356,353,0.6086343310056532,True,951106,6676.0,21028.0,PRIJEM,PREVOD Z UCTU,DUCHOD
957962,3264,0.6086155824153906,True,931207,5096.0,10392.0,PRIJEM,PREVOD Z UCTU,DUCHOD
75747,252,0.6086134063349922,True,970206,5798.0,12596.0,PRIJEM,PREVOD Z UCTU,DUCHOD
495329,1689,0.6086092051945613,True,931006,5058.0,5758.0,PRIJEM,PREVOD Z UCTU,DUCHOD
66003,220,0.6086083219328436,True,930508,5271.0,5671.0,PRIJEM,PREVOD Z UCTU,DUCHOD
848259,2889,0.6085981767324673,True,981206,56037.0,107276.0,PRIJEM,PREVOD Z UCTU,
854707,2913,0.6085865545990264,True,940214,4471.0,10042.0,PRIJEM,PREVOD Z UCTU,DUCHOD
254879,875,0.6085864453192418,True,950606,6607.0,6907.0,PRIJEM,PREVOD Z UCTU,DUCHOD
968252,3300,0.608556626060457,True,980614,70078.0,113059.9,PRIJEM,PREVOD Z UCTU,
3369121,11186,0.6085529188759862,True,941209,58870.0,59770.0,PRIJEM,PREVOD Z UCTU,
723236,2476,0.6085482311990144,True,940108,4281.0,5181.0,PRIJEM,PREVOD Z UCTU,DUCHOD
565160,1924,0.6085445644018369,True,960614,5266.0,5566.0,PRIJEM,PREVOD Z UCTU,DUCHOD
893057,3044,0.6084970018058133,True,961210,4134.0,12902.0,PRIJEM,PREVOD Z UCTU,DUCHOD
280181,960,0.6084939613804732,True,941213,60016.0,91227.5,PRIJEM,PREVOD Z UCTU,
584293,1989,0.6084696685598012,True,941108,4220.0,8640.0,PRIJEM,PREVOD Z UCTU,DUCHOD
707248,2423,0.6084635002820841,True,930312,5671.0,6071.0,PRIJEM,PREVOD Z UCTU,DUCHOD
2967137,9828,0.6084538035122448,True,931205,47472.0,94043.3,PRIJEM,PREVOD Z UCTU,
2780002,9201,0.6084515616668961,True,971207,64503.0,90295.1,PRIJEM,PREVOD Z UCTU,
457938,1557,0.6084496822506361,True,970210,6015.0,12730.0,PRIJEM,PREVOD Z UCTU,DUCHOD
404185,1376,0.6084391340109503,True,951108,4097.0,8894.0,PRIJEM,PREVOD Z UCTU,DUCHOD
610778,2080,0.6084352775897764,True,980607,73970.0,116741.2,PRIJEM,PREVOD Z UCTU,
1262527,4318,0.6084186897290275,True,960608,69144.0,129761.9,PRIJEM,PREVOD Z UCTU,
79321,266,0.608405808296032,True,950612,74628.0,129955.3,PRIJEM,PREVOD Z UCTU,
563257,1917,0.6083968637945122,True,960110,4415.0,5415.0,PRIJEM,PREVOD Z UCTU,DUCHOD
2592045,8564,0.608391608549148,True,941212,57554.0,97098.3,PRIJEM,PREVOD Z UCTU,
143451,481,0.6083620521295537,True,960513,6633.0,7333.0,PRIJEM,PREVOD Z UCTU,DUCHOD
1665638,5648,0.6083566931812114,True,980607,68750.0,119507.2,PRIJEM,PREVOD Z UCTU,
390406,1328,0.608320583179485,True,971208,48747.0,112300.1,PRIJEM,PREVOD Z UCTU,
743542,2539,0.6083184216233279,True,970605,6160.0,12820.0,PRIJEM,PREVOD Z UCTU,DUCHOD
949274,3236,0.6082979932395072,True,970314,4414.0,4714.0,PRIJEM,PREVOD Z UCTU,DUCHOD
2847081,9422,0.6082968928994028,True,980614,64642.0,111897.8,PRIJEM,PREVOD Z UCTU,
605751,2062,0.6082968928994028,True,980614,64642.0,112945.1,PRIJEM,PREVOD Z UCTU,
741415,2531,0.6082889180941345,True,970108,6294.0,6494.0,PRIJEM,PREVOD Z UCTU,DUCHOD
3369127,11186,0.6082870989541135,True,950609,58870.0,115913.4,PRIJEM,PREVOD Z UCTU,
888844,3032,0.6082696218758809,True,930805,6605.0,13510.0,PRIJEM,PREVOD Z UCTU,DUCHOD
76753,255,0.6082657545849778,True,971208,57250.0,95436.5,PRIJEM,PREVOD Z UCTU,
457755,1556,0.6082391132578507,True,961207,5955.0,18465.0,PRIJEM,PREVOD Z UCTU,DUCHOD
267361,915,0.6082066836647407,True,971209,58041.0,105699.3,PRIJEM,PREVOD Z UCTU,
406397,1383,0.6081763527977155,True,960507,6909.0,7909.0,PRIJEM,PREVOD Z UCTU,DUCHOD
918143,3130,0.608175752815516,True,960410,6359.0,6859.0,PRIJEM,PREVOD Z UCTU,DUCHOD
59352,198,0.6081742861929403,True,931213,4299.0,9498.0,PRIJEM,PREVOD Z UCTU,DUCHOD
1147740,3926,0.6081601005353722,True,941110,5427.0,11254.0,PRIJEM,PREVOD Z UCTU,DUCHOD
102701,350,0.6081586377349395,True,961211,6309.0,13118.0,PRIJEM,PREVOD Z UCTU,DUCHOD
827231,2818,0.608149886133882,True,961208,61533.0,100493.0,PRIJEM,PREVOD Z UCTU,
284720,978,0.6081493511387698,True,931213,6556.0,27324.0,PRIJEM,PREVOD Z UCTU,DUCHOD
886582,3022,0.608149122696841,True,961207,4755.0,10210.0,PRIJEM,PREVOD Z UCTU,DUCHOD
1877878,6358,0.6081324532735924,True,951205,50696.0,82753.9,PRIJEM,PREVOD Z UCTU,
284717,978,0.6081281124864583,True,930913,6556.0,7656.0,PRIJEM,PREVOD Z UCTU,DUCHOD
421965,1432,0.6081248064901588,True,971210,49008.0,99393.2,PRIJEM,PREVOD Z UCTU,
999240,3412,0.6081232250359165,True,970114,5703.0,6103.0,PRIJEM,PREVOD Z UCTU,DUCHOD
726409,2485,0.6081129659269825,True,970913,4042.0,4842.0,PRIJEM,PREVOD Z UCTU,DUCHOD
1100390,3759,0.6081110015452641,True,940214,4930.0,10460.0,PRIJEM,PREVOD Z UCTU,DUCHOD
74532,246,0.6081008846996315,True,980114,4486.0,5186.0,PRIJEM,PREVOD Z UCTU,DUCHOD
404186,1376,0.6080998771406327,True,951208,4097.0,12991.0,PRIJEM,PREVOD Z UCTU,DUCHOD
3145174,10439,0.6080952815170472,True,971208,56835.0,100099.9,PRIJEM,PREVOD Z UCTU,
587807,2001,0.608073144320124,True,941206,58653.0,92550.3,PRIJEM,PREVOD Z UCTU,
664910,2270,0.6080660491036866,True,970405,5407.0,6007.0,PRIJEM,PREVOD Z UCTU,DUCHOD
886861,3024,0.6080655066140611,True,970205,6713.0,13826.0,PRIJEM,PREVOD Z UCTU,DUCHOD
893056,3044,0.6080649506325413,True,961110,4134.0,8768.0,PRIJEM,PREVOD Z UCTU,DUCHOD
2968855,9833,0.6080400460110698,True,960608,73224.0,114622.5,PRIJEM,PREVOD Z UCTU,
2968831,9833,0.6080400460110698,True,940608,73224.0,114724.6,PRIJEM,PREVOD Z UCTU,
1427124,4863,0.6080274920429903,True,960609,57063.0,103809.7,PRIJEM,PREVOD Z UCTU,
893055,3044,0.6080212636635778,True,961010,4134.0,4634.0,PRIJEM,PREVOD Z UCTU,DUCHOD
432328,1469,0.6080051642658795,True,960206,6228.0,13456.0,PRIJEM,PREVOD Z UCTU,DUCHOD
1877896,6358,0.6079963907991123,True,970605,50696.0,94186.7,PRIJEM,PREVOD Z UCTU,
1089601,3724,0.6079950866796198,True,980530,43780.0,99515.8,PRIJEM,VKLAD,
519190,1773,0.6079932880527477,True,930514,4316.0,4616.0,PRIJEM,PREVOD Z UCTU,DUCHOD
1530402,5213,0.607979922545914,True,970605,70071.0,107696.4,PRIJEM,PREVOD Z UCTU,
223811,762,0.6079720886633563,True,951113,5984.0,6884.0,PRIJEM,PREVOD Z UCTU,DUCHOD
154484,518,0.6079560280237815,True,941107,5836.0,11872.0,PRIJEM,PREVOD Z UCTU,DUCHOD
221878,754,0.607931697333086,True,950805,6248.0,13296.0,PRIJEM,PREVOD Z UCTU,DUCHOD
209997,713,0.6079282369167599,True,961205,5670.0,11840.0,PRIJEM,PREVOD Z UCTU,DUCHOD
738243,2522,0.6079245702277444,True,981125,23998.0,7017.3,VYBER,VYBER,
3035459,10063,0.6079198176219986,True,971206,58353.0,87467.5,PRIJEM,PREVOD Z UCTU,
1040368,3558,0.6079145722669568,True,931212,65614.0,92806.5,PRIJEM,PREVOD Z UCTU,
359513,1222,0.607887398361337,True,930212,6310.0,7010.0,PRIJEM,PREVOD Z UCTU,DUCHOD
822342,2801,0.6078702414875673,True,961113,5962.0,12824.0,PRIJEM,PREVOD Z UCTU,DUCHOD
777544,2651,0.6078533031996259,True,930612,53894.0,98243.4,PRIJEM,PREVOD Z UCTU,
219405,746,0.6078080030679981,True,950609,5178.0,5678.0,PRIJEM,PREVOD Z UCTU,DUCHOD
1027389,3509,0.6077977246583972,True,931205,5812.0,18536.0,PRIJEM,PREVOD Z UCTU,DUCHOD
88990,300,0.6077864209159604,True,930808,6892.0,14184.0,PRIJEM,PREVOD Z UCTU,DUCHOD
135886,456,0.6077847056195337,True,981210,71746.0,120464.7,PRIJEM,PREVOD Z UCTU,
1548803,5270,0.6077636270805502,True,970614,67124.0,121003.0,PRIJEM,PREVOD Z UCTU,
11491,39,0.6077548526854664,True,931205,6474.0,20522.0,PRIJEM,PREVOD Z UCTU,DUCHOD
1125021,3842,0.6077526889826905,True,970408,5031.0,5831.0,PRIJEM,PREVOD Z UCTU,DUCHOD
63742,212,0.6077523618927004,True,950609,74385.0,123282.9,PRIJEM,PREVOD Z UCTU,
967247,3296,0.6077472611195113,True,961214,69132.0,92093.7,PRIJEM,PREVOD Z UCTU,
1041458,3561,0.6077406345747681,True,971108,4324.0,4924.0,PRIJEM,PREVOD Z UCTU,DUCHOD
502199,1712,0.6077375143398352,True,970105,6104.0,12408.0,PRIJEM,PREVOD Z UCTU,DUCHOD
469712,1600,0.6077305274757492,True,961105,6757.0,14114.0,PRIJEM,PREVOD Z UCTU,DUCHOD
409266,1394,0.607720892310493,True,950212,6341.0,13282.0,PRIJEM,PREVOD Z UCTU,DUCHOD
1142610,3908,0.607714941654596,True,970213,4810.0,5510.0,PRIJEM,PREVOD Z UCTU,DUCHOD
272959,934,0.6076890646852738,True,980114,6025.0,12350.0,PRIJEM,PREVOD Z UCTU,DUCHOD
473727,1613,0.6076823543222135,True,951005,6359.0,6959.0,PRIJEM,PREVOD Z UCTU,DUCHOD
1530414,5213,0.6076700434880357,True,980605,70071.0,106604.3,PRIJEM,PREVOD Z UCTU,
568539,1935,0.6076490247334579,True,971206,74812.0,118728.0,PRIJEM,PREVOD Z UCTU,
896962,3056,0.607623788299588,True,940112,4352.0,5452.0,PRIJEM,PREVOD Z UCTU,DUCHOD
871182,2968,0.6075995342224543,True,951212,53322.0,103033.8,PRIJEM,PREVOD Z UCTU,
127571,428,0.6075934709773575,True,930412,6614.0,13428.0,PRIJEM,PREVOD Z UCTU,DUCHOD
677531,2315,0.6075829964929379,True,940410,4439.0,9778.0,PRIJEM,PREVOD Z UCTU,DUCHOD
701289,2400,0.6075761881366863,True,960812,4351.0,9202.0,PRIJEM,PREVOD Z UCTU,DUCHOD
1262497,4318,0.60757112089129,True,931208,69144.0,104985.6,PRIJEM,PREVOD Z UCTU,
1070687,3657,0.6075617509705035,True,971114,5569.0,12138.0,PRIJEM,PREVOD Z UCTU,DUCHOD
561980,1912,0.6075451266118931,True,930907,6338.0,7338.0,PRIJEM,PREVOD Z UCTU,DUCHOD
525102,1792,0.6075402593505543,True,940112,6151.0,7151.0,PRIJEM,PREVOD Z UCTU,DUCHOD
949275,3236,0.6075339974275187,True,970414,4414.0,9128.0,PRIJEM,PREVOD Z UCTU,DUCHOD
1106616,3780,0.6075266767493573,True,960105,6272.0,12844.0,PRIJEM,PREVOD Z UCTU,DUCHOD
456509,1551,0.607525714752941,True,971105,6647.0,34335.0,PRIJEM,PREVOD Z UCTU,DUCHOD
1098525,3753,0.6075252191881313,True,950410,5937.0,12774.0,PRIJEM,PREVOD Z UCTU,DUCHOD
1159374,3970,0.6075030207519835,True,971211,57232.0,97089.3,PRIJEM,PREVOD Z UCTU,
1024854,3499,0.6075011154774586,True,961207,63498.0,110800.1,PRIJEM,PREVOD Z UCTU,
703191,2410,0.6074930982917784,True,930711,6105.0,12810.0,PRIJEM,PREVOD Z UCTU,DUCHOD
652574,2230,0.6074794061727239,True,960310,5292.0,5492.0,PRIJEM,PREVOD Z UCTU,DUCHOD
894530,3050,0.6074571347296267,True,950608,62168.0,109379.9,PRIJEM,PREVOD Z UCTU,
118673,398,0.6074553719372199,True,971205,4839.0,9978.0,PRIJEM,PREVOD Z UCTU,DUCHOD
555889,1892,0.6074540485118705,True,930809,4622.0,5522.0,PRIJEM,PREVOD Z UCTU,DUCHOD
741416,2531,0.6074522331987536,True,970208,6294.0,12788.0,PRIJEM,PREVOD Z UCTU,DUCHOD
470272,1602,0.6074461958005717,True,931107,4944.0,10488.0,PRIJEM,PREVOD Z UCTU,DUCHOD
363123,1235,0.6074358096088495,True,940112,4339.0,9178.0,PRIJEM,PREVOD Z UCTU,DUCHOD
886860,3024,0.607430884461587,True,970105,6713.0,7113.0,PRIJEM,PREVOD Z UCTU,DUCHOD
68102,227,0.6074174324940563,True,961212,67038.0,106661.8,PRIJEM,PREVOD Z UCTU,
37887,123,0.6073904032847927,True,930405,4843.0,5043.0,PRIJEM,PREVOD Z UCTU,DUCHOD
741622,2532,0.6073820432105753,True,981210,73448.0,100652.0,PRIJEM,PREVOD Z UCTU,
234934,802,0.6073591527503377,True,950112,5376.0,5676.0,PRIJEM,PREVOD Z UCTU,DUCHOD
318496,1088,0.6073579336442532,True,940113,5600.0,6100.0,PRIJEM,PREVOD Z UCTU,DUCHOD
2929807,9703,0.6073267024590785,True,970608,50904.0,121078.7,PRIJEM,PREVOD Z UCTU,
433639,1474,0.6073259353073672,True,961106,4043.0,8986.0,PRIJEM,PREVOD Z UCTU,DUCHOD
584294,1989,0.6073080457737301,True,941208,4220.0,12860.0,PRIJEM,PREVOD Z UCTU,DUCHOD
3382323,11231,0.6073045274413443,True,981211,66964.0,86386.1,PRIJEM,PREVOD Z UCTU,
610766,2080,0.6072969670527798,True,970607,73970.0,112408.8,PRIJEM,PREVOD Z UCTU,
713632,2439,0.6072919807577601,True,960911,6457.0,6957.0,PRIJEM,PREVOD Z UCTU,DUCHOD
2592057,8564,0.6072838547534795,True,951212,57554.0,92494.9,PRIJEM,PREVOD Z UCTU,
733698,2508,0.6072751937831635,True,930406,4271.0,4971.0,PRIJEM,PREVOD Z UCTU,DUCHOD
1244791,4259,0.6072691566041386,True,960613,66165.0,108703.9,PRIJEM,PREVOD Z UCTU,
3314678,11013,0.6072691566041386,True,970613,63366.0,108607.0,PRIJEM,PREVOD Z UCTU,
1037213,3548,0.607265458197142,True,940106,6022.0,13044.0,PRIJEM,PREVOD Z UCTU,DUCHOD
980278,3345,0.6072497406579664,True,940206,4281.0,9162.0,PRIJEM,PREVOD Z UCTU,DUCHOD
1243202,4253,0.607238371604529,True,971205,61878.0,91883.1,PRIJEM,PREVOD Z UCTU,
438881,1492,0.6072299559879673,True,961211,4733.0,10266.0,PRIJEM,PREVOD Z UCTU,DUCHOD
2465788,8132,0.6072167300548746,True,981212,37713.0,128406.8,PRIJEM,PREVOD Z UCTU,
2465776,8132,0.6072167300548746,True,971212,37713.0,124746.0,PRIJEM,PREVOD Z UCTU,
510936,1749,0.6071920231327056,True,960606,68412.0,117751.3,PRIJEM,PREVOD Z UCTU,
63772,212,0.6071807481749025,True,971209,74385.0,104245.9,PRIJEM,PREVOD Z UCTU,
359111,1220,0.6071619899356877,True,951207,5764.0,29720.0,PRIJEM,PREVOD Z UCTU,DUCHOD
2501912,8260,0.6071556715048962,True,951208,56152.0,114982.8,PRIJEM,PREVOD Z UCTU,
232562,791,0.6071510889011374,True,960110,4854.0,5554.0,PRIJEM,PREVOD Z UCTU,DUCHOD
838555,2855,0.6071438177899237,True,951011,4189.0,8778.0,PRIJEM,PREVOD Z UCTU,DUCHOD
733050,2505,0.607143032728611,True,960613,4431.0,4631.0,PRIJEM,PREVOD Z UCTU,DUCHOD
2472467,8158,0.6071426697726133,True,971214,59676.0,96798.9,PRIJEM,PREVOD Z UCTU,
978167,3336,0.6071399862361795,True,941106,5692.0,12284.0,PRIJEM,PREVOD Z UCTU,DUCHOD
317018,1081,0.6070974955089148,True,970113,4512.0,5312.0,PRIJEM,PREVOD Z UCTU,DUCHOD
663080,2264,0.6070972323298547,True,970114,4767.0,10534.0,PRIJEM,PREVOD Z UCTU,DUCHOD
260356,892,0.6070776049601059,True,930509,6177.0,13254.0,PRIJEM,PREVOD Z UCTU,DUCHOD
1910376,6472,0.6070721949163868,True,940610,57680.0,113345.4,PRIJEM,PREVOD Z UCTU,
1244773,4259,0.6070702475326625,True,941213,66165.0,91000.7,PRIJEM,PREVOD Z UCTU,
2929801,9703,0.6070659205307934,True,961208,50904.0,109483.8,PRIJEM,PREVOD Z UCTU,
280223,960,0.6070450752559914,True,980613,60016.0,114473.9,PRIJEM,PREVOD Z UCTU,
960787,3273,0.6070336030548767,True,981209,74642.0,84078.2,PRIJEM,PREVOD Z UCTU,
951194,3243,0.6070304019901013,True,940107,6873.0,14046.0,PRIJEM,PREVOD Z UCTU,DUCHOD
3419725,11349,0.6070196064102069,True,951208,62982.0,87180.5,PRIJEM,PREVOD Z UCTU,
122923,413,0.6069922914046537,True,960805,5041.0,5241.0,PRIJEM,PREVOD Z UCTU,DUCHOD
457753,1556,0.6069760451181142,True,961007,5955.0,6555.0,PRIJEM,PREVOD Z UCTU,DUCHOD
3369163,11186,0.6069682374146982,True,980609,58870.0,128044.2,PRIJEM,PREVOD Z UCTU,
103355,353,0.6069514861611314,True,951006,6676.0,14352.0,PRIJEM,PREVOD Z UCTU,DUCHOD
565161,1924,0.6069467091428566,True,960714,5266.0,10832.0,PRIJEM,PREVOD Z UCTU,DUCHOD
3213169,10663,0.6069459555329261,True,941208,65008.0,90275.7,PRIJEM,PREVOD Z UCTU,
1322221,4514,0.606944732036262,True,950614,73800.0,125269.6,PRIJEM,PREVOD Z UCTU,
976747,3328,0.6069306869171198,True,970414,4951.0,5751.0,PRIJEM,PREVOD Z UCTU,DUCHOD
655876,2242,0.6069278510793396,True,941206,65240.0,83743.8,PRIJEM,PREVOD Z UCTU,
122072,410,0.6068980615812898,True,961213,5738.0,11676.0,PRIJEM,PREVOD Z UCTU,DUCHOD
666745,2276,0.6068956726699036,True,931112,4794.0,5194.0,PRIJEM,PREVOD Z UCTU,DUCHOD
1322227,4514,0.6068766551399466,True,951214,73800.0,109736.0,PRIJEM,PREVOD Z UCTU,
502751,1714,0.6068543725841727,True,941006,4951.0,5851.0,PRIJEM,PREVOD Z UCTU,DUCHOD
135826,456,0.6068401322349894,True,931210,71746.0,117339.5,PRIJEM,PREVOD Z UCTU,
500101,1704,0.6068311522822724,True,951106,6923.0,14146.0,PRIJEM,PREVOD Z UCTU,DUCHOD
1453819,4949,0.6068246024227012,True,970608,54358.0,118790.4,PRIJEM,PREVOD Z UCTU,
430075,1461,0.6068195923855723,True,960614,63256.0,112658.0,PRIJEM,PREVOD Z UCTU,
741610,2532,0.6068174845106254,True,971210,73448.0,100465.3,PRIJEM,PREVOD Z UCTU,
871194,2968,0.6067859813219185,True,961212,53322.0,88507.9,PRIJEM,PREVOD Z UCTU,
630420,2152,0.6067661660971695,True,971206,4880.0,10860.0,PRIJEM,PREVOD Z UCTU,DUCHOD
532618,1814,0.606764508151759,True,971109,5921.0,12942.0,PRIJEM,PREVOD Z UCTU,DUCHOD
1098829,3754,0.6067509541418876,True,981208,44342.0,96558.8,PRIJEM,PREVOD Z UCTU,
3419761,11349,0.6067406645953927,True,981208,62982.0,84382.9,PRIJEM,PREVOD Z UCTU,
779165,2656,0.6067330843827697,True,970313,5046.0,5946.0,PRIJEM,PREVOD Z UCTU,DUCHOD
694891,2377,0.6067330036575735,True,950113,4393.0,9086.0,PRIJEM,PREVOD Z UCTU,DUCHOD
436682,1484,0.6067327503088951,True,961210,6612.0,20036.0,PRIJEM,PREVOD Z UCTU,DUCHOD
894524,3050,0.6067102168123392,True,941208,62168.0,90589.1,PRIJEM,PREVOD Z UCTU,
762432,2603,0.6066838747451604,True,960707,5416.0,5716.0,PRIJEM,PREVOD Z UCTU,DUCHOD
1910394,6472,0.6066814756927289,True,951210,57680.0,109992.0,PRIJEM,PREVOD Z UCTU,
504966,1725,0.6066759845292516,True,951210,71805.0,107010.2,PRIJEM,PREVOD Z UCTU,
347061,1176,0.6066750651308384,True,961210,4556.0,10212.0,PRIJEM,PREVOD Z UCTU,DUCHOD
430105,1461,0.6066539919807978,True,981214,63256.0,105187.8,PRIJEM,PREVOD Z UCTU,
1368,6,0.6066528425840579,True,941211,6669.0,20907.0,PRIJEM,PREVOD Z UCTU,DUCHOD
661758,2259,0.6066366372718751,True,940605,4442.0,5042.0,PRIJEM,PREVOD Z UCTU,DUCHOD
267337,915,0.6066359607708167,True,951209,58041.0,91033.5,PRIJEM,PREVOD Z UCTU,
29125,96,0.6066332610446387,True,940611,66332.0,124923.2,PRIJEM,PREVOD Z UCTU,
554921,1889,0.6066246413558171,True,950405,5841.0,12482.0,PRIJEM,PREVOD Z UCTU,DUCHOD
498391,1699,0.6066165911998096,True,930205,5224.0,6024.0,PRIJEM,PREVOD Z UCTU,DUCHOD
576551,1964,0.6066149352001342,True,960309,6547.0,7647.0,PRIJEM,PREVOD Z UCTU,DUCHOD
1029359,3515,0.6065974746619883,True,960710,4373.0,4773.0,PRIJEM,PREVOD Z UCTU,DUCHOD
1427148,4863,0.6065893547260258,True,980609,57063.0,105699.0,PRIJEM,PREVOD Z UCTU,
962862,3281,0.606570573853542,True,970905,6288.0,7088.0,PRIJEM,PREVOD Z UCTU,DUCHOD
479102,1633,0.6065694226527814,True,950414,5153.0,10506.0,PRIJEM,PREVOD Z UCTU,DUCHOD
1243832,4255,0.6065642744997043,True,961214,51645.0,128337.7,PRIJEM,PREVOD Z UCTU,
668302,2282,0.6065602939107057,True,940614,69152.0,124952.0,PRIJEM,PREVOD Z UCTU,
2434658,8027,0.6065487011055964,True,970606,58227.0,119486.1,PRIJEM,PREVOD Z UCTU,
20319,68,0.6065473768426433,True,961212,53336.0,101051.9,PRIJEM,PREVOD Z UCTU,
906588,3090,0.6065304214895192,True,980428,43620.0,119655.4,PRIJEM,VKLAD,
141988,475,0.606526607406221,True,970610,4319.0,4519.0,PRIJEM,PREVOD Z UCTU,DUCHOD
42523,142,0.6065247107352064,True,930307,4555.0,5455.0,PRIJEM,PREVOD Z UCTU,DUCHOD
1055685,3610,0.6064989239844691,True,971208,4279.0,13537.0,PRIJEM,PREVOD Z UCTU,DUCHOD
1053416,3604,0.6064948938214301,True,940207,6945.0,14390.0,PRIJEM,PREVOD Z UCTU,DUCHOD
1077384,3680,0.6064837096113453,True,960408,5800.0,12600.0,PRIJEM,PREVOD Z UCTU,DUCHOD
478655,1631,0.6064641951242747,True,961111,4115.0,8630.0,PRIJEM,PREVOD Z UCTU,DUCHOD
3324341,11042,0.6064629689505198,True,970605,54286.0,102956.9,PRIJEM,PREVOD Z UCTU,
79345,266,0.6064583868858807,True,970612,74628.0,112114.2,PRIJEM,PREVOD Z UCTU,
506453,1730,0.6064577828014882,True,930306,6689.0,14278.0,PRIJEM,PREVOD Z UCTU,DUCHOD
3314672,11013,0.6064544569294862,True,961213,63366.0,87388.2,PRIJEM,PREVOD Z UCTU,
3314636,11013,0.6064544569294862,True,931213,63366.0,89217.4,PRIJEM,PREVOD Z UCTU,
105319,359,0.6064504827269678,True,950108,5316.0,5716.0,PRIJEM,PREVOD Z UCTU,DUCHOD
135856,456,0.6064395198779301,True,960610,71746.0,139481.6,PRIJEM,PREVOD Z UCTU,
1055684,3610,0.6064359390859195,True,971108,4279.0,9258.0,PRIJEM,PREVOD Z UCTU,DUCHOD
348945,1184,0.6064348674666175,True,960605,56686.0,109565.6,PRIJEM,PREVOD Z UCTU,
600737,2045,0.6064259306563239,True,961008,6310.0,7410.0,PRIJEM,PREVOD Z UCTU,DUCHOD
3043729,10093,0.6064223937550978,True,971208,60566.0,88371.5,PRIJEM,PREVOD Z UCTU,
1322263,4514,0.6064172472866818,True,981214,73800.0,104537.1,PRIJEM,PREVOD Z UCTU,
840175,2861,0.6064109133656649,True,930406,5915.0,12130.0,PRIJEM,PREVOD Z UCTU,DUCHOD
869474,2961,0.6063969971975512,True,960809,5012.0,5412.0,PRIJEM,PREVOD Z UCTU,DUCHOD
283897,975,0.6063868820986601,True,961207,5325.0,11450.0,PRIJEM,PREVOD Z UCTU,DUCHOD
1427154,4863,0.6063708791396853,True,981209,57063.0,89529.2,PRIJEM,PREVOD Z UCTU,
447569,1520,0.6063350532699417,True,951005,6005.0,12310.0,PRIJEM,PREVOD Z UCTU,DUCHOD
303172,1032,0.6063165235589886,True,960605,74648.0,117124.6,PRIJEM,PREVOD Z UCTU,
84612,283,0.6062977961686823,True,960513,4839.0,5639.0,PRIJEM,PREVOD Z UCTU,DUCHOD
478656,1631,0.606279495956664,True,961211,4115.0,12745.0,PRIJEM,PREVOD Z UCTU,DUCHOD
195882,664,0.6062721235262053,True,970207,6559.0,13318.0,PRIJEM,PREVOD Z UCTU,DUCHOD
2580428,8523,0.6062567227718589,True,971211,69780.0,71474.0,PRIJEM,PREVOD Z UCTU,
137466,461,0.6062522477151826,True,930306,6388.0,6988.0,PRIJEM,PREVOD Z UCTU,DUCHOD
649669,2220,0.6062481504277686,True,930407,6153.0,13406.0,PRIJEM,PREVOD Z UCTU,DUCHOD
689414,2355,0.6062435910947194,True,971214,63912.0,96427.7,PRIJEM,PREVOD Z UCTU,
473729,1613,0.6062250318565761,True,951205,6359.0,19677.0,PRIJEM,PREVOD Z UCTU,DUCHOD
736808,2517,0.6062191593249159,True,961209,46694.0,47294.0,PRIJEM,PREVOD Z UCTU,
2042236,6922,0.6062114906480388,True,981207,52305.0,100261.3,PRIJEM,PREVOD Z UCTU,
936313,3196,0.606194828423424,True,940209,5403.0,11506.0,PRIJEM,PREVOD Z UCTU,DUCHOD
167681,561,0.6061870580988472,True,970208,6082.0,12564.0,PRIJEM,PREVOD Z UCTU,DUCHOD
1161384,3977,0.6061812187622627,True,931105,4636.0,10072.0,PRIJEM,PREVOD Z UCTU,DUCHOD
3335913,11079,0.6061810272692462,True,970611,73724.0,125328.9,PRIJEM,PREVOD Z UCTU,
1119145,3823,0.6061731647877094,True,970731,47349.0,59318.4,PRIJEM,VKLAD,
667542,2279,0.6061689798482165,True,971209,59007.0,94574.6,PRIJEM,PREVOD Z UCTU,
837255,2849,0.6061434600987697,True,931111,6677.0,14254.0,PRIJEM,PREVOD Z UCTU,DUCHOD
753766,2572,0.6061333970274708,True,970607,73228.0,119623.5,PRIJEM,PREVOD Z UCTU,
133903,449,0.6061264383348761,True,950108,4456.0,9812.0,PRIJEM,PREVOD Z UCTU,DUCHOD
707249,2423,0.6061233490076404,True,930412,5671.0,11742.0,PRIJEM,PREVOD Z UCTU,DUCHOD
1754186,5952,0.6061200392825169,True,941210,52968.0,92357.5,PRIJEM,PREVOD Z UCTU,
284719,978,0.6061175395672832,True,931113,6556.0,20768.0,PRIJEM,PREVOD Z UCTU,DUCHOD
701475,2401,0.6061062006877513,True,941207,6852.0,28508.0,PRIJEM,PREVOD Z UCTU,DUCHOD
94281,321,0.6060887664085453,True,940107,5163.0,11426.0,PRIJEM,PREVOD Z UCTU,DUCHOD
254880,875,0.6060854938705584,True,950706,6607.0,13514.0,PRIJEM,PREVOD Z UCTU,DUCHOD
447570,1520,0.6060683469140786,True,951105,6005.0,18315.0,PRIJEM,PREVOD Z UCTU,DUCHOD
1139792,3896,0.6060534703526614,True,951210,50620.0,100348.8,PRIJEM,PREVOD Z UCTU,
605733,2062,0.6060500654244416,True,961214,64642.0,83219.6,PRIJEM,PREVOD Z UCTU,
3043705,10093,0.6060426481865533,True,951208,60566.0,81494.9,PRIJEM,PREVOD Z UCTU,
655888,2242,0.6060400792357116,True,951206,65240.0,85329.5,PRIJEM,PREVOD Z UCTU,
23965,79,0.6060393060698636,True,970112,4182.0,8964.0,PRIJEM,PREVOD Z UCTU,DUCHOD
739001,2524,0.6060319977400849,True,950214,6263.0,12826.0,PRIJEM,PREVOD Z UCTU,DUCHOD
1436824,4894,0.6060293613134748,True,981212,43882.0,123767.1,PRIJEM,PREVOD Z UCTU,
1275095,4361,0.6060289228569771,True,960614,67614.0,126106.3,PRIJEM,PREVOD Z UCTU,
600738,2045,0.606027645902164,True,961108,6310.0,13720.0,PRIJEM,PREVOD Z UCTU,DUCHOD
284718,978,0.6060265085221749,True,931013,6556.0,14212.0,PRIJEM,PREVOD Z UCTU,DUCHOD
355930,1206,0.6060261498790367,True,951210,5383.0,11666.0,PRIJEM,PREVOD Z UCTU,DUCHOD
921799,3142,0.6060107731356142,True,941212,6029.0,18287.0,PRIJEM,PREVOD Z UCTU,DUCHOD
838556,2855,0.6059998630680089,True,951111,4189.0,12967.0,PRIJEM,PREVOD Z UCTU,DUCHOD
1116070,3812,0.6059748898770959,True,950305,4980.0,10360.0,PRIJEM,PREVOD Z UCTU,DUCHOD
1644127,5574,0.6059721816044754,True,970608,71565.0,112969.0,PRIJEM,PREVOD Z UCTU,
1544662,5256,0.6059717072500376,True,970930,42215.0,151361.7,PRIJEM,VKLAD,
255119,876,0.6059707509986114,True,971207,6187.0,13474.0,PRIJEM,PREVOD Z UCTU,DUCHOD
420551,1426,0.6059312450427612,True,960108,4022.0,12266.0,PRIJEM,PREVOD Z UCTU,DUCHOD
855416,2915,0.6059272728241529,True,950610,71974.0,114630.6,PRIJEM,PREVOD Z UCTU,
866069,2949,0.6059172495835629,True,941111,6410.0,6810.0,PRIJEM,PREVOD Z UCTU,DUCHOD
1736655,5891,0.6059058269568529,True,961212,48891.0,116302.0,PRIJEM,PREVOD Z UCTU,
259627,889,0.6059039735412557,True,980205,4976.0,10252.0,PRIJEM,PREVOD Z UCTU,DUCHOD
689390,2355,0.6059014374808754,True,951214,63912.0,104710.8,PRIJEM,PREVOD Z UCTU,
375784,1279,0.6058996535925126,True,971108,5381.0,6381.0,PRIJEM,PREVOD Z UCTU,DUCHOD
1290881,4413,0.6058845013117373,True,940610,50178.0,106144.8,PRIJEM,PREVOD Z UCTU,
778511,2654,0.6058733000738744,True,940814,6179.0,7079.0,PRIJEM,PREVOD Z UCTU,DUCHOD
292113,1000,0.6058702799245371,True,971207,47022.0,97631.0,PRIJEM,PREVOD Z UCTU,
1070686,3657,0.6058614315187011,True,971014,5569.0,6569.0,PRIJEM,PREVOD Z UCTU,DUCHOD
697176,2384,0.6058540986855219,True,951210,71859.0,117871.4,PRIJEM,PREVOD Z UCTU,
490131,1673,0.6058438456962483,True,940206,4408.0,9716.0,PRIJEM,PREVOD Z UCTU,DUCHOD
2343657,7733,0.6058255566620433,True,970614,64186.0,106908.5,PRIJEM,PREVOD Z UCTU,
333807,1135,0.6058232268987664,True,950906,5106.0,10712.0,PRIJEM,PREVOD Z UCTU,DUCHOD
2779996,9201,0.6058186510714406,True,970607,64503.0,106089.9,PRIJEM,PREVOD Z UCTU,
538292,1831,0.6058005056169726,True,931111,6480.0,13560.0,PRIJEM,PREVOD Z UCTU,DUCHOD
682101,2328,0.6057946779702481,True,950813,6765.0,14530.0,PRIJEM,PREVOD Z UCTU,DUCHOD
836118,2846,0.6057932991569488,True,971107,6134.0,13068.0,PRIJEM,PREVOD Z UCTU,DUCHOD
700137,2396,0.6057912158086902,True,930405,4203.0,8906.0,PRIJEM,PREVOD Z UCTU,DUCHOD
1754228,5952,0.6057846692927623,True,980610,52968.0,108497.9,PRIJEM,PREVOD Z UCTU,
3448982,3326,0.6057813587990615,True,950228,391.8,145342.6,PRIJEM,,UROK
370900,1262,0.605766241061587,True,970211,6747.0,7147.0,PRIJEM,PREVOD Z UCTU,DUCHOD
2579198,8519,0.6057573072611956,True,961212,56019.0,88966.1,PRIJEM,PREVOD Z UCTU,
547078,1862,0.6057490732180253,True,981208,59415.0,106250.9,PRIJEM,PREVOD Z UCTU,
3122140,10361,0.6057016948657818,True,961207,65160.0,102598.4,PRIJEM,PREVOD Z UCTU,
513467,1757,0.6056924469667911,True,980608,66152.0,126764.4,PRIJEM,PREVOD Z UCTU,
513455,1757,0.6056924469667911,True,970608,66152.0,131905.8,PRIJEM,PREVOD Z UCTU,
892888,3043,0.6056910515237965,True,970207,4152.0,9104.0,PRIJEM,PREVOD Z UCTU,DUCHOD
133902,449,0.6056903503412457,True,941208,4456.0,5356.0,PRIJEM,PREVOD Z UCTU,DUCHOD
2655673,8784,0.6056795190879826,True,971210,55186.0,83216.4,PRIJEM,PREVOD Z UCTU,
581058,1978,0.6056784707864378,True,951209,51303.0,90097.1,PRIJEM,PREVOD Z UCTU,
67251,224,0.6056778634035325,True,961211,5776.0,12652.0,PRIJEM,PREVOD Z UCTU,DUCHOD
1164602,3989,0.6056483877125017,True,950505,4016.0,8932.0,PRIJEM,PREVOD Z UCTU,DUCHOD
911151,3107,0.6056466733312851,True,940211,6300.0,19100.0,PRIJEM,PREVOD Z UCTU,DUCHOD
3209264,10650,0.605627808423572,True,980611,70352.0,122693.8,PRIJEM,PREVOD Z UCTU,
154483,518,0.6056115395394579,True,941007,5836.0,6036.0,PRIJEM,PREVOD Z UCTU,DUCHOD
667530,2279,0.6056047910311109,True,961209,59007.0,88753.3,PRIJEM,PREVOD Z UCTU,
887783,3028,0.6055823819516384,True,931011,4214.0,4614.0,PRIJEM,PREVOD Z UCTU,DUCHOD
378664,1288,0.605577011333504,True,940108,6059.0,12718.0,PRIJEM,PREVOD Z UCTU,DUCHOD
475216,1620,0.6055579535096305,True,950805,6082.0,12864.0,PRIJEM,PREVOD Z UCTU,DUCHOD
447571,1520,0.6055447935702896,True,951205,6005.0,24320.0,PRIJEM,PREVOD Z UCTU,DUCHOD
303160,1032,0.6055270143686843,True,950605,74648.0,115517.4,PRIJEM,PREVOD Z UCTU,
295586,1009,0.6055244616345259,True,971211,66434.0,105277.5,PRIJEM,PREVOD Z UCTU,
1340749,4580,0.6055243102991116,True,980731,49537.0,115500.8,PRIJEM,VKLAD,
928034,3164,0.6055188314966492,True,940111,6154.0,7154.0,PRIJEM,PREVOD Z UCTU,DUCHOD
3213163,10663,0.6055166791069063,True,940608,65008.0,107597.5,PRIJEM,PREVOD Z UCTU,
1149897,3934,0.6055092901555761,True,980206,6362.0,13424.0,PRIJEM,PREVOD Z UCTU,DUCHOD
3213217,10663,0.6054982643869857,True,981208,65008.0,82884.7,PRIJEM,PREVOD Z UCTU,
508654,1740,0.6054753922594164,True,970410,4070.0,4670.0,PRIJEM,PREVOD Z UCTU,DUCHOD
508780,1741,0.6054711034165758,True,950607,4785.0,5885.0,PRIJEM,PREVOD Z UCTU,DUCHOD
902735,3076,0.6054671516707754,True,930514,4164.0,9028.0,PRIJEM,PREVOD Z UCTU,DUCHOD
92409,314,0.6054569586387274,True,971206,55346.0,87049.1,PRIJEM,PREVOD Z UCTU,
1161385,3977,0.6054372258307956,True,931205,4636.0,14708.0,PRIJEM,PREVOD Z UCTU,DUCHOD
788959,2690,0.6054200282062017,True,970406,6632.0,7232.0,PRIJEM,PREVOD Z UCTU,DUCHOD
2307870,7614,0.6054059939665859,True,951207,60108.0,105650.4,PRIJEM,PREVOD Z UCTU,
3369133,11186,0.6054026781901805,True,951209,58870.0,104255.1,PRIJEM,PREVOD Z UCTU,
332474,1132,0.6053950775596314,True,950609,72147.0,129144.9,PRIJEM,PREVOD Z UCTU,
419283,1422,0.6053950706765953,True,930608,5842.0,12084.0,PRIJEM,PREVOD Z UCTU,DUCHOD
874665,2980,0.6053916032671495,True,940206,4974.0,10948.0,PRIJEM,PREVOD Z UCTU,DUCHOD
2307894,7614,0.6053800248431113,True,971207,60108.0,107574.2,PRIJEM,PREVOD Z UCTU,
1086293,3712,0.6053756381935549,True,941110,6074.0,13048.0,PRIJEM,PREVOD Z UCTU,DUCHOD
442048,1503,0.6053549208037133,True,960509,4757.0,5057.0,PRIJEM,PREVOD Z UCTU,DUCHOD
502752,1714,0.6053311270865078,True,941106,4951.0,10802.0,PRIJEM,PREVOD Z UCTU,DUCHOD
930371,3171,0.605314198214944,True,931114,4848.0,10596.0,PRIJEM,PREVOD Z UCTU,DUCHOD
20313,68,0.6052947525777558,True,960612,53336.0,112710.0,PRIJEM,PREVOD Z UCTU,
893231,3045,0.6052848369147803,True,950805,6079.0,12458.0,PRIJEM,PREVOD Z UCTU,DUCHOD
303136,1032,0.6052797358058444,True,930605,74648.0,112843.8,PRIJEM,PREVOD Z UCTU,
441661,1501,0.6052677033916499,True,960907,5813.0,6313.0,PRIJEM,PREVOD Z UCTU,DUCHOD
279962,959,0.6052653374214989,True,960414,4703.0,10406.0,PRIJEM,PREVOD Z UCTU,DUCHOD
1614038,5481,0.6052616357960987,True,981207,54645.0,106566.5,PRIJEM,PREVOD Z UCTU,
780856,2663,0.6052357372248327,True,950214,6362.0,7062.0,PRIJEM,PREVOD Z UCTU,DUCHOD
1838348,6226,0.6052245837803553,True,980607,59793.0,151864.0,PRIJEM,PREVOD Z UCTU,
85872,288,0.605223939858823,True,950407,5315.0,6215.0,PRIJEM,PREVOD Z UCTU,DUCHOD
1787205,6062,0.6052147618484917,True,981207,56068.0,88134.8,PRIJEM,PREVOD Z UCTU,
1161140,3976,0.6052028422520397,True,960506,6453.0,7053.0,PRIJEM,PREVOD Z UCTU,DUCHOD
1877890,6358,0.6051911491177979,True,961205,50696.0,77419.4,PRIJEM,PREVOD Z UCTU,
63784,212,0.6051909061927515,True,981209,74385.0,100179.3,PRIJEM,PREVOD Z UCTU,
502753,1714,0.6051892312289854,True,941206,4951.0,15753.0,PRIJEM,PREVOD Z UCTU,DUCHOD
896963,3056,0.6051747601960555,True,940212,4352.0,9804.0,PRIJEM,PREVOD Z UCTU,DUCHOD
120450,404,0.6051692827942512,True,980613,48572.0,111099.4,PRIJEM,PREVOD Z UCTU,
2847063,9422,0.6051687750104109,True,961214,64642.0,86737.0,PRIJEM,PREVOD Z UCTU,
469713,1600,0.6051639095389062,True,961205,6757.0,20871.0,PRIJEM,PREVOD Z UCTU,DUCHOD
701474,2401,0.6051591578366871,True,941107,6852.0,21656.0,PRIJEM,PREVOD Z UCTU,DUCHOD
2434676,8027,0.6051559856658978,True,981206,58227.0,96613.5,PRIJEM,PREVOD Z UCTU,
612209,2086,0.6051486600252858,True,971208,69298.0,101077.7,PRIJEM,PREVOD Z UCTU,
898289,3062,0.6051477407971968,True,970910,4467.0,4867.0,PRIJEM,PREVOD Z UCTU,DUCHOD
1080841,3691,0.6051141618830432,True,930409,6540.0,13480.0,PRIJEM,PREVOD Z UCTU,DUCHOD
670705,2290,0.6051136842595514,True,961110,6298.0,6698.0,PRIJEM,PREVOD Z UCTU,DUCHOD
375785,1279,0.6051074720955882,True,971208,5381.0,11762.0,PRIJEM,PREVOD Z UCTU,DUCHOD
887784,3028,0.6051025709985794,True,931111,4214.0,8828.0,PRIJEM,PREVOD Z UCTU,DUCHOD
689396,2355,0.6050715833394301,True,960614,63912.0,116256.3,PRIJEM,PREVOD Z UCTU,
668308,2282,0.6050630201342377,True,941214,69152.0,99467.9,PRIJEM,PREVOD Z UCTU,
1021,4,0.6050617233325318,True,960411,5553.0,11906.0,PRIJEM,PREVOD Z UCTU,DUCHOD
204849,696,0.6050585654887839,True,980206,6904.0,21412.0,PRIJEM,PREVOD Z UCTU,DUCHOD
1427130,4863,0.6050564339107486,True,961209,57063.0,89702.2,PRIJEM,PREVOD Z UCTU,
827225,2818,0.6050554429095393,True,960608,61533.0,111165.6,PRIJEM,PREVOD Z UCTU,
3043741,10093,0.6050487771336542,True,981208,60566.0,76581.8,PRIJEM,PREVOD Z UCTU,
163533,546,0.6050392383854557,True,970106,4410.0,9920.0,PRIJEM,PREVOD Z UCTU,DUCHOD
462701,1574,0.605031531270214,True,970714,4058.0,9116.0,PRIJEM,PREVOD Z UCTU,DUCHOD
828191,2820,0.605029432387149,True,980206,5175.0,10650.0,PRIJEM,PREVOD Z UCTU,DUCHOD
42907,143,0.6050171615364258,True,970108,4924.0,10348.0,PRIJEM,PREVOD Z UCTU,DUCHOD
852947,2907,0.6050137518341606,True,931206,6891.0,21373.0,PRIJEM,PREVOD Z UCTU,DUCHOD
320218,1094,0.6050096508984224,True,960807,6023.0,7023.0,PRIJEM,PREVOD Z UCTU,DUCHOD
903822,3080,0.6050089446090546,True,951211,5585.0,11570.0,PRIJEM,PREVOD Z UCTU,DUCHOD
2434634,8027,0.6050044438956769,True,950606,58227.0,113917.1,PRIJEM,PREVOD Z UCTU,
1052420,3600,0.6050033984533124,True,931005,6623.0,14346.0,PRIJEM,PREVOD Z UCTU,DUCHOD
843073,2869,0.6049991676600113,True,961107,5289.0,10778.0,PRIJEM,PREVOD Z UCTU,DUCHOD
656593,2244,0.6049953070737389,True,950805,6888.0,7088.0,PRIJEM,PREVOD Z UCTU,DUCHOD
1077383,3680,0.6049931117875856,True,960308,5800.0,6800.0,PRIJEM,PREVOD Z UCTU,DUCHOD
729425,2494,0.6049848326936906,True,950606,60236.0,95628.8,PRIJEM,PREVOD Z UCTU,
539086,1833,0.6049773682810223,True,980110,6646.0,14192.0,PRIJEM,PREVOD Z UCTU,DUCHOD
1124412,3840,0.6049770921680488,True,940311,5970.0,6670.0,PRIJEM,PREVOD Z UCTU,DUCHOD
1161141,3976,0.6049765855381461,True,960606,6453.0,13506.0,PRIJEM,PREVOD Z UCTU,DUCHOD
3218257,10679,0.6049711449262006,True,980608,74176.0,120516.2,PRIJEM,PREVOD Z UCTU,
2791315,9241,0.6049617261366707,True,961211,42783.0,85331.1,PRIJEM,PREVOD Z UCTU,
1115628,3810,0.6049507081666013,True,950810,6541.0,13582.0,PRIJEM,PREVOD Z UCTU,DUCHOD
292125,1000,0.6049423490702022,True,981207,47022.0,102396.0,PRIJEM,PREVOD Z UCTU,
64689,216,0.604942219236234,True,940711,6460.0,13420.0,PRIJEM,PREVOD Z UCTU,DUCHOD
527513,1801,0.6049419797502688,True,981130,49605.0,144095.3,PRIJEM,VKLAD,
357365,1212,0.6049302671943297,True,960205,6896.0,14692.0,PRIJEM,PREVOD Z UCTU,DUCHOD
495330,1689,0.6049217068495172,True,931106,5058.0,10816.0,PRIJEM,PREVOD Z UCTU,DUCHOD
1047906,3584,0.6049213907551991,True,971208,50740.0,80363.4,PRIJEM,PREVOD Z UCTU,
887785,3028,0.604918286514712,True,931211,4214.0,13042.0,PRIJEM,PREVOD Z UCTU,DUCHOD
402276,1370,0.6049178424573926,True,961207,5800.0,18000.0,PRIJEM,PREVOD Z UCTU,DUCHOD
2655685,8784,0.6049118707116315,True,981210,55186.0,81317.8,PRIJEM,PREVOD Z UCTU,
505002,1725,0.6049102390219314,True,981210,71805.0,104149.7,PRIJEM,PREVOD Z UCTU,
356803,1209,0.6049053409780396,True,971208,5353.0,11606.0,PRIJEM,PREVOD Z UCTU,DUCHOD
1063122,3631,0.6048872291648336,True,950908,5224.0,6024.0,PRIJEM,PREVOD Z UCTU,DUCHOD
55850,187,0.6048833417692733,True,930514,4197.0,8594.0,PRIJEM,PREVOD Z UCTU,DUCHOD
500102,1704,0.6048770610886285,True,951206,6923.0,21069.0,PRIJEM,PREVOD Z UCTU,DUCHOD
411283,1401,0.6048745556056853,True,931110,6850.0,20850.0,PRIJEM,PREVOD Z UCTU,DUCHOD
63730,212,0.6048542396804979,True,940609,74385.0,117995.1,PRIJEM,PREVOD Z UCTU,
1053415,3604,0.6048540053877254,True,940107,6945.0,7445.0,PRIJEM,PREVOD Z UCTU,DUCHOD
1176819,4035,0.6048538048643796,True,971206,44820.0,121976.1,PRIJEM,PREVOD Z UCTU,
656594,2244,0.6048325069741297,True,950905,6888.0,13976.0,PRIJEM,PREVOD Z UCTU,DUCHOD
1262515,4318,0.6048179002568429,True,950608,69144.0,120658.2,PRIJEM,PREVOD Z UCTU,
294007,1005,0.6048160408353721,True,961209,51724.0,119839.9,PRIJEM,PREVOD Z UCTU,
514222,1760,0.604786038135654,True,960206,4871.0,15213.0,PRIJEM,PREVOD Z UCTU,DUCHOD
1075645,3675,0.6047473495148848,True,971209,69148.0,99044.4,PRIJEM,PREVOD Z UCTU,
1075657,3675,0.6047473495148848,True,981209,69148.0,100566.0,PRIJEM,PREVOD Z UCTU,
131169,441,0.6047458349843198,True,960609,67095.0,125698.0,PRIJEM,PREVOD Z UCTU,
545319,1855,0.6047445014494254,True,961114,5172.0,5572.0,PRIJEM,PREVOD Z UCTU,DUCHOD
403591,1374,0.6047424633037188,True,981207,72966.0,96527.2,PRIJEM,PREVOD Z UCTU,
1453825,4949,0.6047310043539634,True,971208,54358.0,98892.6,PRIJEM,PREVOD Z UCTU,
280205,960,0.6047009237582565,True,961213,60016.0,94774.7,PRIJEM,PREVOD Z UCTU,
574900,1958,0.6046950832467907,True,941110,5338.0,5938.0,PRIJEM,PREVOD Z UCTU,DUCHOD
311886,1064,0.6046918253105726,True,971111,5948.0,12396.0,PRIJEM,PREVOD Z UCTU,DUCHOD
867776,2955,0.6046912400041206,True,961106,5079.0,11058.0,PRIJEM,PREVOD Z UCTU,DUCHOD
41348,136,0.6046902327583341,True,960611,6378.0,6978.0,PRIJEM,PREVOD Z UCTU,DUCHOD
547042,1862,0.6046885782684766,True,951208,59415.0,98179.3,PRIJEM,PREVOD Z UCTU,
944268,3221,0.6046832770582431,True,931209,5330.0,22220.0,PRIJEM,PREVOD Z UCTU,DUCHOD
1548779,5270,0.6046818872618797,True,950614,67124.0,111932.2,PRIJEM,PREVOD Z UCTU,
1548755,5270,0.6046818872618797,True,930614,67124.0,112613.4,PRIJEM,PREVOD Z UCTU,
754679,2575,0.6046807217011142,True,970510,6618.0,7618.0,PRIJEM,PREVOD Z UCTU,DUCHOD
613485,2090,0.6046650145964998,True,970109,5299.0,11598.0,PRIJEM,PREVOD Z UCTU,DUCHOD
1070688,3657,0.6046445597509567,True,971214,5569.0,17707.0,PRIJEM,PREVOD Z UCTU,DUCHOD
3213181,10663,0.6046422452881658,True,951208,65008.0,84976.3,PRIJEM,PREVOD Z UCTU,
944266,3221,0.6046165500551295,True,931009,5330.0,11560.0,PRIJEM,PREVOD Z UCTU,DUCHOD
865096,2945,0.6046139793000624,True,960811,5959.0,6259.0,PRIJEM,PREVOD Z UCTU,DUCHOD
333806,1135,0.6046115711540567,True,950806,5106.0,5606.0,PRIJEM,PREVOD Z UCTU,DUCHOD
721515,2471,0.6045985575908253,True,941206,65392.0,107393.2,PRIJEM,PREVOD Z UCTU,
385247,1309,0.6045966050844733,True,961211,59296.0,104650.0,PRIJEM,PREVOD Z UCTU,
2383431,7859,0.6045930326876436,True,980613,54092.0,132549.8,PRIJEM,PREVOD Z UCTU,
1075603,3675,0.6045811171210085,True,940609,69148.0,116257.5,PRIJEM,PREVOD Z UCTU,
17971,61,0.6045771397475086,True,940307,4019.0,12757.0,PRIJEM,PREVOD Z UCTU,DUCHOD
1322245,4514,0.6045715331117099,True,970614,73800.0,113684.2,PRIJEM,PREVOD Z UCTU,
965658,3290,0.6045681418397457,True,971210,57936.0,111116.1,PRIJEM,PREVOD Z UCTU,
887068,3025,0.604565961799774,True,980214,6367.0,13534.0,PRIJEM,PREVOD Z UCTU,DUCHOD
1387112,4727,0.6045611450733253,True,950605,53613.0,107783.7,PRIJEM,PREVOD Z UCTU,
790702,2696,0.6045498865784665,True,970212,4673.0,5273.0,PRIJEM,PREVOD Z UCTU,DUCHOD
894548,3050,0.6045477158948496,True,961208,62168.0,84372.2,PRIJEM,PREVOD Z UCTU,
1877914,6358,0.6045433237438419,True,981205,50696.0,75581.3,PRIJEM,PREVOD Z UCTU,
609763,2076,0.604535581533414,True,961112,6179.0,13158.0,PRIJEM,PREVOD Z UCTU,DUCHOD
224345,764,0.6045203413202691,True,930305,6238.0,13576.0,PRIJEM,PREVOD Z UCTU,DUCHOD
687896,2349,0.6045199810485704,True,961108,6206.0,12912.0,PRIJEM,PREVOD Z UCTU,DUCHOD
753598,2571,0.6045064605312817,True,980610,70498.0,126677.6,PRIJEM,PREVOD Z UCTU,
3098437,10280,0.6044977338458748,True,970614,52221.0,111159.5,PRIJEM,PREVOD Z UCTU,
168892,565,0.6044880768643098,True,960111,5264.0,11228.0,PRIJEM,PREVOD Z UCTU,DUCHOD
506454,1730,0.6044787234525091,True,930406,6689.0,20967.0,PRIJEM,PREVOD Z UCTU,DUCHOD
788960,2690,0.6044698233876467,True,970506,6632.0,13864.0,PRIJEM,PREVOD Z UCTU,DUCHOD
486692,1659,0.60446094250595,True,970210,5887.0,12174.0,PRIJEM,PREVOD Z UCTU,DUCHOD
316205,1079,0.6044575332979643,True,981205,40524.0,100197.2,PRIJEM,PREVOD Z UCTU,
1147741,3926,0.6044562758056694,True,941210,5427.0,16681.0,PRIJEM,PREVOD Z UCTU,DUCHOD
952656,3248,0.6044241334872916,True,960611,4965.0,5865.0,PRIJEM,PREVOD Z UCTU,DUCHOD
488264,1665,0.6044115846341519,True,970511,6531.0,7331.0,PRIJEM,PREVOD Z UCTU,DUCHOD
2292496,7562,0.6044025462176302,True,950607,58052.0,112363.1,PRIJEM,PREVOD Z UCTU,
697188,2384,0.6043919966133187,True,961210,71859.0,110906.1,PRIJEM,PREVOD Z UCTU,
1614002,5481,0.6043828360024238,True,951207,54645.0,98707.9,PRIJEM,PREVOD Z UCTU,
63760,212,0.6043795258298,True,961209,74385.0,105441.5,PRIJEM,PREVOD Z UCTU,
19376,66,0.6043794723921411,True,940609,67070.0,125844.6,PRIJEM,PREVOD Z UCTU,
424255,1441,0.6043355040745045,True,950105,6354.0,19562.0,PRIJEM,PREVOD Z UCTU,DUCHOD
523019,1785,0.6043348867097891,True,961114,4892.0,5992.0,PRIJEM,PREVOD Z UCTU,DUCHOD
371400,1265,0.6043301421067364,True,960407,6797.0,13894.0,PRIJEM,PREVOD Z UCTU,DUCHOD
2976366,9859,0.6043171240113727,True,961208,45094.0,104169.8,PRIJEM,PREVOD Z UCTU,
249571,857,0.6043087719218497,True,931113,4529.0,10158.0,PRIJEM,PREVOD Z UCTU,DUCHOD
469895,1601,0.6043072668989259,True,930407,4042.0,8584.0,PRIJEM,PREVOD Z UCTU,DUCHOD
1855386,6281,0.6043068076337915,True,941214,23043.0,-2653.4,VYBER,VYBER,
2857403,9455,0.6042933679772702,True,970613,56212.0,101030.6,PRIJEM,PREVOD Z UCTU,
364548,1239,0.6042926966591373,True,930506,6668.0,7568.0,PRIJEM,PREVOD Z UCTU,DUCHOD
290664,996,0.6042867965516016,True,971206,6404.0,26716.0,PRIJEM,PREVOD Z UCTU,DUCHOD
68096,227,0.6042584924200886,True,960612,67038.0,111348.3,PRIJEM,PREVOD Z UCTU,
3213205,10663,0.6042549798956359,True,971208,65008.0,73589.4,PRIJEM,PREVOD Z UCTU,
218197,742,0.6042541089647195,True,940307,4263.0,8926.0,PRIJEM,PREVOD Z UCTU,DUCHOD
385065,1308,0.6042488023792135,True,961113,5119.0,10638.0,PRIJEM,PREVOD Z UCTU,DUCHOD
463211,1576,0.6042394504358257,True,961129,48395.0,94474.2,PRIJEM,VKLAD,
470273,1602,0.6042389664107993,True,931207,4944.0,15432.0,PRIJEM,PREVOD Z UCTU,DUCHOD
2592051,8564,0.604232117672829,True,950612,57554.0,102347.8,PRIJEM,PREVOD Z UCTU,
820979,2796,0.6042286131785247,True,980610,60954.0,118687.8,PRIJEM,PREVOD Z UCTU,
69987,234,0.6042147811748403,True,930813,5810.0,6310.0,PRIJEM,PREVOD Z UCTU,DUCHOD
1142254,3906,0.6042084671425723,True,981214,50196.0,98482.2,PRIJEM,PREVOD Z UCTU,
1060517,3625,0.6042006967046893,True,940913,6974.0,7274.0,PRIJEM,PREVOD Z UCTU,DUCHOD
964885,3288,0.6041937458024605,True,941012,5476.0,6176.0,PRIJEM,PREVOD Z UCTU,DUCHOD
234935,802,0.6041836101700993,True,950212,5376.0,11052.0,PRIJEM,PREVOD Z UCTU,DUCHOD
939058,3205,0.6041830479894886,True,960212,4366.0,9432.0,PRIJEM,PREVOD Z UCTU,DUCHOD
479101,1633,0.6041671851981626,True,950314,5153.0,5353.0,PRIJEM,PREVOD Z UCTU,DUCHOD
791865,2700,0.6041666632785514,True,981206,45612.0,82650.7,PRIJEM,PREVOD Z UCTU,
3314648,11013,0.6041526122056307,True,941213,63366.0,84993.4,PRIJEM,PREVOD Z UCTU,
597784,2035,0.6041472543341689,True,971205,44084.0,87431.8,PRIJEM,PREVOD Z UCTU,
154862,519,0.6041280728952865,True,940111,6987.0,14174.0,PRIJEM,PREVOD Z UCTU,DUCHOD
1140250,3898,0.604117564820757,True,940507,6915.0,21545.0,PRIJEM,PREVOD Z UCTU,DUCHOD
572043,1947,0.6041085058412279,True,940207,6860.0,21480.0,PRIJEM,PREVOD Z UCTU,DUCHOD
29149,96,0.6041067108671727,True,960611,66332.0,113319.6,PRIJEM,PREVOD Z UCTU,
854706,2913,0.6040943973372253,True,940114,4471.0,5571.0,PRIJEM,PREVOD Z UCTU,DUCHOD
42524,142,0.6040930776383684,True,930407,4555.0,10010.0,PRIJEM,PREVOD Z UCTU,DUCHOD
877409,2989,0.6040892090852116,True,940107,5093.0,10786.0,PRIJEM,PREVOD Z UCTU,DUCHOD
223812,762,0.6040885611884427,True,951213,5984.0,12868.0,PRIJEM,PREVOD Z UCTU,DUCHOD
999241,3412,0.6040876211740491,True,970214,5703.0,11806.0,PRIJEM,PREVOD Z UCTU,DUCHOD
2819132,9333,0.6040834682227775,True,971224,19446.0,-428.8,VYBER,VYBER,
696566,2382,0.6040785533173652,True,940505,6115.0,13230.0,PRIJEM,PREVOD Z UCTU,DUCHOD
46918,157,0.604078553317365,True,970506,6918.0,14036.0,PRIJEM,PREVOD Z UCTU,DUCHOD
272699,933,0.6040681212846057,True,960111,6583.0,13966.0,PRIJEM,PREVOD Z UCTU,DUCHOD
601158,2047,0.604064724846474,True,950408,4727.0,10054.0,PRIJEM,PREVOD Z UCTU,DUCHOD
2094553,7099,0.6040640982965991,True,961208,43942.0,90490.8,PRIJEM,PREVOD Z UCTU,
74533,246,0.6040600885082837,True,980214,4486.0,9672.0,PRIJEM,PREVOD Z UCTU,DUCHOD
881714,3004,0.6040350035642468,True,970111,4641.0,23905.0,PRIJEM,PREVOD Z UCTU,DUCHOD
1139822,3896,0.604029919928356,True,980610,50620.0,114615.2,PRIJEM,PREVOD Z UCTU,
887594,3027,0.6040252804765619,True,960614,4479.0,9958.0,PRIJEM,PREVOD Z UCTU,DUCHOD
911208,3107,0.6040159831319026,True,981111,6300.0,100905.8,PRIJEM,PREVOD Z UCTU,DUCHOD
1100389,3759,0.6040108316354976,True,940114,4930.0,5530.0,PRIJEM,PREVOD Z UCTU,DUCHOD
3253483,10807,0.6040071814229215,True,961205,50602.0,92235.5,PRIJEM,PREVOD Z UCTU,
216255,735,0.6040012419959326,True,971113,6048.0,12596.0,PRIJEM,PREVOD Z UCTU,DUCHOD
929612,3168,0.6039963571290605,True,930408,6303.0,13606.0,PRIJEM,PREVOD Z UCTU,DUCHOD
711286,2432,0.6039899301104861,True,960509,5880.0,6980.0,PRIJEM,PREVOD Z UCTU,DUCHOD
120129,403,0.6039725052574946,True,981214,5563.0,78730.6,PRIJEM,PREVOD Z UCTU,DUCHOD
827219,2818,0.6039721449786044,True,951208,61533.0,74654.9,PRIJEM,PREVOD Z UCTU,
168891,565,0.6039688168312262,True,951211,5264.0,5964.0,PRIJEM,PREVOD Z UCTU,DUCHOD
63736,212,0.6039637603637673,True,941209,74385.0,97240.6,PRIJEM,PREVOD Z UCTU,
1047918,3584,0.6039594847664743,True,981208,50740.0,78169.1,PRIJEM,PREVOD Z UCTU,
591357,2012,0.6039594684014883,True,960607,6761.0,14522.0,PRIJEM,PREVOD Z UCTU,DUCHOD
476355,1624,0.6039458890948575,True,960605,6086.0,12672.0,PRIJEM,PREVOD Z UCTU,DUCHOD
98036,335,0.6039398539272132,True,960307,5715.0,12430.0,PRIJEM,PREVOD Z UCTU,DUCHOD
2042224,6922,0.6039270493900321,True,971207,52305.0,95976.0,PRIJEM,PREVOD Z UCTU,
295568,1009,0.6039239729413052,True,960611,66434.0,113948.9,PRIJEM,PREVOD Z UCTU,
532619,1814,0.6039238186280963,True,971209,5921.0,18863.0,PRIJEM,PREVOD Z UCTU,DUCHOD
120444,404,0.6039231656667373,True,971213,48572.0,100170.1,PRIJEM,PREVOD Z UCTU,
931287,3174,0.6039224193443091,True,980208,5098.0,10596.0,PRIJEM,PREVOD Z UCTU,DUCHOD
19418,66,0.6039078233375911,True,971209,67070.0,107204.5,PRIJEM,PREVOD Z UCTU,
2579222,8519,0.6039046946821707,True,981212,56019.0,86835.6,PRIJEM,PREVOD Z UCTU,
351774,1195,0.60390133736607,True,970211,6223.0,13246.0,PRIJEM,PREVOD Z UCTU,DUCHOD
928035,3164,0.60390133736607,True,940211,6154.0,13308.0,PRIJEM,PREVOD Z UCTU,DUCHOD
819858,2791,0.6038931648656256,True,980112,5372.0,6472.0,PRIJEM,PREVOD Z UCTU,DUCHOD
1110267,3791,0.6038825351057346,True,981206,41520.0,91508.1,PRIJEM,PREVOD Z UCTU,
79357,266,0.6038825195591678,True,980612,74628.0,116478.7,PRIJEM,PREVOD Z UCTU,
1736631,5891,0.6038754068437305,True,941212,48891.0,88900.8,PRIJEM,PREVOD Z UCTU,
978168,3336,0.6038713266414889,True,941206,5692.0,17976.0,PRIJEM,PREVOD Z UCTU,DUCHOD
141140,472,0.6038711659484276,True,970607,73802.0,116386.1,PRIJEM,PREVOD Z UCTU,
469711,1600,0.6038648846066725,True,961005,6757.0,7357.0,PRIJEM,PREVOD Z UCTU,DUCHOD
137468,461,0.6038407428355701,True,930506,6388.0,19764.0,PRIJEM,PREVOD Z UCTU,DUCHOD
837254,2849,0.6038255743860873,True,931011,6677.0,7577.0,PRIJEM,PREVOD Z UCTU,DUCHOD
1427136,4863,0.60382193626741,True,970609,57063.0,103111.1,PRIJEM,PREVOD Z UCTU,
1103198,3769,0.6038159941062277,True,960607,6851.0,7551.0,PRIJEM,PREVOD Z UCTU,DUCHOD
752941,2569,0.6038132756382043,True,940808,6772.0,14544.0,PRIJEM,PREVOD Z UCTU,DUCHOD
883417,3009,0.6038117427833641,True,960308,4109.0,9118.0,PRIJEM,PREVOD Z UCTU,DUCHOD
535222,1823,0.6038067397195984,True,961105,4941.0,10882.0,PRIJEM,PREVOD Z UCTU,DUCHOD
555181,1890,0.6037962176114996,True,971210,50583.0,100461.2,PRIJEM,PREVOD Z UCTU,
59351,198,0.603794528957935,True,931113,4299.0,5199.0,PRIJEM,PREVOD Z UCTU,DUCHOD
251287,862,0.6037924646688008,True,970608,66500.0,111824.5,PRIJEM,PREVOD Z UCTU,
2382562,7857,0.6037896484313645,True,961210,57164.0,97737.0,PRIJEM,PREVOD Z UCTU,
519755,1775,0.6037851884319183,True,930407,6932.0,14764.0,PRIJEM,PREVOD Z UCTU,DUCHOD
1083580,3701,0.6037820976593431,True,940106,6192.0,19376.0,PRIJEM,PREVOD Z UCTU,DUCHOD
852945,2907,0.6037811860287347,True,931006,6891.0,7591.0,PRIJEM,PREVOD Z UCTU,DUCHOD
331104,1128,0.6037667027315544,True,940207,6189.0,18967.0,PRIJEM,PREVOD Z UCTU,DUCHOD
1086292,3712,0.6037518698324823,True,941010,6074.0,6974.0,PRIJEM,PREVOD Z UCTU,DUCHOD
95082,323,0.6037467486845461,True,970410,6836.0,13872.0,PRIJEM,PREVOD Z UCTU,DUCHOD
317181,1082,0.6037401920960938,True,960705,5190.0,5490.0,PRIJEM,PREVOD Z UCTU,DUCHOD
1155079,3952,0.6037277872102083,True,960506,6610.0,13720.0,PRIJEM,PREVOD Z UCTU,DUCHOD
788547,2688,0.6037245753937109,True,950409,4204.0,8608.0,PRIJEM,PREVOD Z UCTU,DUCHOD
723237,2476,0.6037181510753893,True,940208,4281.0,9462.0,PRIJEM,PREVOD Z UCTU,DUCHOD
131181,441,0.6037117330736604,True,970609,67095.0,122112.2,PRIJEM,PREVOD Z UCTU,
131157,441,0.6037117330736604,True,950609,67095.0,121972.8,PRIJEM,PREVOD Z UCTU,
280193,960,0.6037112945380998,True,951213,60016.0,85663.0,PRIJEM,PREVOD Z UCTU,
838557,2855,0.6037006926064653,True,951211,4189.0,17156.0,PRIJEM,PREVOD Z UCTU,DUCHOD
545966,1858,0.6037004719439034,True,950409,6648.0,14196.0,PRIJEM,PREVOD Z UCTU,DUCHOD
331808,1130,0.6036871469350562,True,970709,6588.0,13376.0,PRIJEM,PREVOD Z UCTU,DUCHOD
966012,3292,0.6036813025365602,True,940113,4805.0,5605.0,PRIJEM,PREVOD Z UCTU,DUCHOD
930372,3171,0.6036704075986395,True,931214,4848.0,15444.0,PRIJEM,PREVOD Z UCTU,DUCHOD
933425,3184,0.6036672685747261,True,940312,5115.0,5815.0,PRIJEM,PREVOD Z UCTU,DUCHOD
409265,1394,0.6036599026985943,True,950112,6341.0,6941.0,PRIJEM,PREVOD Z UCTU,DUCHOD
888176,3029,0.6036562936945031,True,970207,5978.0,12656.0,PRIJEM,PREVOD Z UCTU,DUCHOD
874556,2979,0.6036538028706495,True,971213,5241.0,5941.0,PRIJEM,PREVOD Z UCTU,DUCHOD
1278713,4375,0.6036450440672493,True,970613,71824.0,111218.6,PRIJEM,PREVOD Z UCTU,
507926,1736,0.603644666796441,True,970406,6075.0,13050.0,PRIJEM,PREVOD Z UCTU,DUCHOD
726411,2485,0.6036396718692326,True,971113,4042.0,12926.0,PRIJEM,PREVOD Z UCTU,DUCHOD
971481,3310,0.6036269384010918,True,931106,4916.0,10732.0,PRIJEM,PREVOD Z UCTU,DUCHOD
581034,1978,0.6036265252172606,True,931209,51303.0,80791.4,PRIJEM,PREVOD Z UCTU,
896726,3055,0.6036208521603944,True,960713,6814.0,14528.0,PRIJEM,PREVOD Z UCTU,DUCHOD
411282,1401,0.6036145769466095,True,931010,6850.0,14000.0,PRIJEM,PREVOD Z UCTU,DUCHOD
986651,3365,0.6036104171617198,True,980107,6994.0,15088.0,PRIJEM,PREVOD Z UCTU,DUCHOD
68090,227,0.6036072983564904,True,951212,67038.0,96379.6,PRIJEM,PREVOD Z UCTU,
3324347,11042,0.6036015577077425,True,971205,54286.0,92947.3,PRIJEM,PREVOD Z UCTU,
387478,1317,0.6035926565705492,True,940410,6732.0,14564.0,PRIJEM,PREVOD Z UCTU,DUCHOD
1084399,3704,0.6035868726138709,True,930309,6242.0,12984.0,PRIJEM,PREVOD Z UCTU,DUCHOD
1243808,4255,0.6035842135199907,True,941214,51645.0,109145.6,PRIJEM,PREVOD Z UCTU,
906348,3089,0.6035755013222833,True,970920,49084.0,128357.0,PRIJEM,VKLAD,
799940,2728,0.6035505166836775,True,970929,42084.0,94364.8,PRIJEM,VKLAD,
1041460,3561,0.6035490710026364,True,980108,4324.0,13572.0,PRIJEM,PREVOD Z UCTU,DUCHOD
123768,416,0.603547856804021,True,961005,5155.0,10810.0,PRIJEM,PREVOD Z UCTU,DUCHOD
357364,1212,0.6035404157824903,True,960105,6896.0,7796.0,PRIJEM,PREVOD Z UCTU,DUCHOD
918174,3130,0.6035358481609652,True,981110,6359.0,91314.0,PRIJEM,PREVOD Z UCTU,DUCHOD
221131,751,0.603522526037744,True,930706,4350.0,9600.0,PRIJEM,PREVOD Z UCTU,DUCHOD
964886,3288,0.6035172613920895,True,941112,5476.0,11652.0,PRIJEM,PREVOD Z UCTU,DUCHOD
1068644,3651,0.6035113274089047,True,930407,5081.0,10962.0,PRIJEM,PREVOD Z UCTU,DUCHOD
764363,2610,0.6035104352737369,True,970211,6858.0,14016.0,PRIJEM,PREVOD Z UCTU,DUCHOD
666747,2276,0.6034981008370888,True,940112,4794.0,14782.0,PRIJEM,PREVOD Z UCTU,DUCHOD
18796,63,0.6034895962725823,True,970112,5024.0,10648.0,PRIJEM,PREVOD Z UCTU,DUCHOD
570045,1940,0.6034893463370304,True,940205,4660.0,10020.0,PRIJEM,PREVOD Z UCTU,DUCHOD
359110,1220,0.6034846428162737,True,951107,5764.0,23956.0,PRIJEM,PREVOD Z UCTU,DUCHOD
288385,989,0.6034838434059648,True,940508,5114.0,11228.0,PRIJEM,PREVOD Z UCTU,DUCHOD
218198,742,0.6034803069711098,True,940407,4263.0,13189.0,PRIJEM,PREVOD Z UCTU,DUCHOD
467793,1592,0.6034654408761985,True,981213,4604.0,85822.9,PRIJEM,PREVOD Z UCTU,DUCHOD
918175,3130,0.6034650035787985,True,981210,6359.0,94778.8,PRIJEM,PREVOD Z UCTU,DUCHOD
822343,2801,0.6034627603508381,True,961213,5962.0,18786.0,PRIJEM,PREVOD Z UCTU,DUCHOD
563258,1917,0.6034572842408551,True,960210,4415.0,9830.0,PRIJEM,PREVOD Z UCTU,DUCHOD
2592075,8564,0.6034453226714666,True,970612,57554.0,100272.0,PRIJEM,PREVOD Z UCTU,
486691,1659,0.6034428608883162,True,970110,5887.0,6287.0,PRIJEM,PREVOD Z UCTU,DUCHOD
19424,66,0.6034216591195065,True,980609,67070.0,120964.2,PRIJEM,PREVOD Z UCTU,
1063731,3634,0.6034216591195065,True,980609,72766.0,127613.1,PRIJEM,PREVOD Z UCTU,
715946,2452,0.6033953634485463,True,971208,5563.0,28415.0,PRIJEM,PREVOD Z UCTU,DUCHOD
907402,3092,0.6033778208386702,True,960113,5649.0,6649.0,PRIJEM,PREVOD Z UCTU,DUCHOD
302412,1030,0.6033736627468457,True,960210,6364.0,20192.0,PRIJEM,PREVOD Z UCTU,DUCHOD
2592069,8564,0.6033726897404438,True,961212,57554.0,86857.6,PRIJEM,PREVOD Z UCTU,
1064867,3638,0.6033688326084224,True,960608,50922.0,109538.0,PRIJEM,PREVOD Z UCTU,
175440,591,0.6033590868360008,True,970908,4182.0,4882.0,PRIJEM,PREVOD Z UCTU,DUCHOD
760543,2595,0.603355791760425,True,971214,6828.0,27612.0,PRIJEM,PREVOD Z UCTU,DUCHOD
137178,460,0.6033522604840624,True,940605,5922.0,12944.0,PRIJEM,PREVOD Z UCTU,DUCHOD
406398,1383,0.6033468332627173,True,960607,6909.0,14818.0,PRIJEM,PREVOD Z UCTU,DUCHOD
366281,1246,0.6033379706870275,True,940906,6148.0,7248.0,PRIJEM,PREVOD Z UCTU,DUCHOD
1132667,3871,0.6033153975888931,True,930506,4356.0,17724.0,PRIJEM,PREVOD Z UCTU,DUCHOD
1020,4,0.6033071633970555,True,960311,5553.0,6353.0,PRIJEM,PREVOD Z UCTU,DUCHOD
682104,2328,0.6033048375432132,True,951113,6765.0,34825.0,PRIJEM,PREVOD Z UCTU,DUCHOD
2579162,8519,0.6032921151039247,True,931212,56019.0,84380.9,PRIJEM,PREVOD Z UCTU,
918145,3130,0.6032760834287976,True,960610,6359.0,19577.0,PRIJEM,PREVOD Z UCTU,DUCHOD
639932,2185,0.603275283384152,True,950314,5266.0,11432.0,PRIJEM,PREVOD Z UCTU,DUCHOD
2292502,7562,0.6032687832915768,True,951207,58052.0,101577.1,PRIJEM,PREVOD Z UCTU,
387477,1317,0.6032650822566,True,940310,6732.0,7832.0,PRIJEM,PREVOD Z UCTU,DUCHOD
383240,1302,0.603261042812856,True,940112,6090.0,12980.0,PRIJEM,PREVOD Z UCTU,DUCHOD
1127677,3852,0.6032609937588901,True,971105,5046.0,10292.0,PRIJEM,PREVOD Z UCTU,DUCHOD
456506,1551,0.6032503152496489,True,970805,6647.0,14394.0,PRIJEM,PREVOD Z UCTU,DUCHOD
48642,163,0.6032471056227741,True,930213,6698.0,7598.0,PRIJEM,PREVOD Z UCTU,DUCHOD
3021504,10019,0.6032388150094751,True,950929,48883.0,135548.6,PRIJEM,VKLAD,
63778,212,0.6032284315971334,True,980609,74385.0,112659.4,PRIJEM,PREVOD Z UCTU,
13954,47,0.6032195055953065,True,981211,52886.0,93815.1,PRIJEM,PREVOD Z UCTU,
96262,328,0.603218376698254,True,971109,6973.0,14546.0,PRIJEM,PREVOD Z UCTU,DUCHOD
1084398,3704,0.6032137612951988,True,930209,6242.0,6742.0,PRIJEM,PREVOD Z UCTU,DUCHOD
2472479,8158,0.6031993916920134,True,981214,59676.0,81192.1,PRIJEM,PREVOD Z UCTU,
488389,1666,0.6031988193128305,True,940110,6157.0,18971.0,PRIJEM,PREVOD Z UCTU,DUCHOD
3431073,11382,0.6031841315854441,True,951210,46248.0,93550.2,PRIJEM,PREVOD Z UCTU,
209996,713,0.6031834841474403,True,961105,5670.0,6170.0,PRIJEM,PREVOD Z UCTU,DUCHOD
944267,3221,0.6031724932640232,True,931109,5330.0,16890.0,PRIJEM,PREVOD Z UCTU,DUCHOD
659882,2253,0.6031614761620624,True,930913,6028.0,12356.0,PRIJEM,PREVOD Z UCTU,DUCHOD
629494,2149,0.6031457372536341,True,960910,5523.0,6123.0,PRIJEM,PREVOD Z UCTU,DUCHOD
595397,2027,0.6031399304201345,True,950111,5214.0,11228.0,PRIJEM,PREVOD Z UCTU,DUCHOD
103358,353,0.6031373580737415,True,960106,6676.0,34380.0,PRIJEM,PREVOD Z UCTU,DUCHOD
363124,1235,0.6031309543679603,True,940212,4339.0,13517.0,PRIJEM,PREVOD Z UCTU,DUCHOD
20307,68,0.6031296756252295,True,951212,53336.0,94949.5,PRIJEM,PREVOD Z UCTU,
69991,234,0.6031139798423449,True,931213,5810.0,29550.0,PRIJEM,PREVOD Z UCTU,DUCHOD
777586,2651,0.60310807187243,True,961212,53894.0,88427.7,PRIJEM,PREVOD Z UCTU,
1278725,4375,0.6030932224983278,True,980613,71824.0,122836.0,PRIJEM,PREVOD Z UCTU,
1262539,4318,0.603093101126027,True,970608,69144.0,112685.6,PRIJEM,PREVOD Z UCTU,
1052481,3600,0.603083631961578,True,981105,6623.0,58602.3,PRIJEM,PREVOD Z UCTU,DUCHOD
1159362,3970,0.6030828311824731,True,961211,57232.0,87145.1,PRIJEM,PREVOD Z UCTU,
843481,2871,0.603078922886664,True,960310,6683.0,34015.0,PRIJEM,PREVOD Z UCTU,DUCHOD
157985,528,0.6030634486570416,True,970208,4568.0,9436.0,PRIJEM,PREVOD Z UCTU,DUCHOD
90227,305,0.6030633128590859,True,961105,4430.0,4630.0,PRIJEM,PREVOD Z UCTU,DUCHOD
808478,2755,0.6030436825198753,True,950306,5651.0,11702.0,PRIJEM,PREVOD Z UCTU,DUCHOD
1074391,3671,0.6030405128667662,True,971105,4498.0,9996.0,PRIJEM,PREVOD Z UCTU,DUCHOD
274200,940,0.6030382879895407,True,970611,56756.0,117146.8,PRIJEM,PREVOD Z UCTU,
274188,940,0.6030377195822346,True,960611,56756.0,126426.9,PRIJEM,PREVOD Z UCTU,
2307864,7614,0.6030273278522572,True,950607,60108.0,117827.8,PRIJEM,PREVOD Z UCTU,
2307888,7614,0.6030273278522572,True,970607,60108.0,115620.1,PRIJEM,PREVOD Z UCTU,
2307900,7614,0.6030273278522572,True,980607,60108.0,114892.4,PRIJEM,PREVOD Z UCTU,
568956,1937,0.6030249739278739,True,930612,4896.0,5996.0,PRIJEM,PREVOD Z UCTU,DUCHOD
697200,2384,0.6030062065254896,True,971210,71859.0,114523.2,PRIJEM,PREVOD Z UCTU,
3253495,10807,0.6030015355947115,True,971205,50602.0,88657.3,PRIJEM,PREVOD Z UCTU,
274182,940,0.602997125979176,True,951211,56756.0,105636.2,PRIJEM,PREVOD Z UCTU,
894536,3050,0.6029926038912161,True,951208,62168.0,80148.2,PRIJEM,PREVOD Z UCTU,
1910430,6472,0.6029883171081444,True,981210,57680.0,91949.6,PRIJEM,PREVOD Z UCTU,
406634,1384,0.6029861599155213,True,981214,47049.0,114021.4,PRIJEM,PREVOD Z UCTU,
874003,2977,0.6029758819240421,True,980613,57447.0,121755.1,PRIJEM,PREVOD Z UCTU,
567680,1932,0.6029756499122492,True,961109,22499.0,-1770.5,VYBER,VYBER,
747047,2549,0.6029700675519307,True,931112,6345.0,6545.0,PRIJEM,PREVOD Z UCTU,DUCHOD
1243208,4253,0.6029251467012028,True,980605,61878.0,100360.4,PRIJEM,PREVOD Z UCTU,
1157043,3960,0.6029161311409186,True,930405,4807.0,10114.0,PRIJEM,PREVOD Z UCTU,DUCHOD
40026,130,0.6029095425740398,True,970411,6813.0,13926.0,PRIJEM,PREVOD Z UCTU,DUCHOD
737261,2519,0.6029087782266846,True,930307,5544.0,11588.0,PRIJEM,PREVOD Z UCTU,DUCHOD
950652,3241,0.6028849666379236,True,931112,6282.0,25328.0,PRIJEM,PREVOD Z UCTU,DUCHOD
457595,1555,0.6028412583217927,True,970207,6260.0,19880.0,PRIJEM,PREVOD Z UCTU,DUCHOD
154485,518,0.6028340761916736,True,941207,5836.0,17708.0,PRIJEM,PREVOD Z UCTU,DUCHOD
853692,2910,0.6028280982238831,True,981209,65622.0,79253.8,PRIJEM,PREVOD Z UCTU,
510948,1749,0.6028213444567729,True,970606,68412.0,105795.0,PRIJEM,PREVOD Z UCTU,
854710,2913,0.602800144739785,True,940514,4471.0,23455.0,PRIJEM,PREVOD Z UCTU,DUCHOD
796078,2712,0.6027726503305021,True,930511,6604.0,13608.0,PRIJEM,PREVOD Z UCTU,DUCHOD
76741,255,0.6027651712521972,True,961208,57250.0,89941.8,PRIJEM,PREVOD Z UCTU,
2868657,9493,0.6027637083008061,True,981210,35378.0,102791.9,PRIJEM,PREVOD Z UCTU,
467746,1592,0.6027611930023699,True,950113,4604.0,23420.0,PRIJEM,PREVOD Z UCTU,DUCHOD
267349,915,0.6027591479655986,True,961209,58041.0,85877.4,PRIJEM,PREVOD Z UCTU,
273470,937,0.6027566046951996,True,951110,4435.0,14205.0,PRIJEM,PREVOD Z UCTU,DUCHOD
626168,2139,0.6027494131256607,True,951210,42494.0,79569.2,PRIJEM,PREVOD Z UCTU,
229925,783,0.6027381842972522,True,971206,4864.0,15592.0,PRIJEM,PREVOD Z UCTU,DUCHOD
900246,3068,0.6027042292831054,True,930614,6193.0,12886.0,PRIJEM,PREVOD Z UCTU,DUCHOD
561982,1912,0.6027026580949439,True,931107,6338.0,20014.0,PRIJEM,PREVOD Z UCTU,DUCHOD
462815,1575,0.602699315856997,True,930407,5448.0,11796.0,PRIJEM,PREVOD Z UCTU,DUCHOD
661599,2258,0.6026796379082554,True,970207,6656.0,20568.0,PRIJEM,PREVOD Z UCTU,DUCHOD
992691,3387,0.6026785679956213,True,980610,50028.0,117232.7,PRIJEM,PREVOD Z UCTU,
587837,2001,0.6026768910559585,True,970606,58653.0,104851.9,PRIJEM,PREVOD Z UCTU,
385259,1309,0.6026690448023341,True,971211,59296.0,83938.6,PRIJEM,PREVOD Z UCTU,
868375,2958,0.6026630193721095,True,931113,5265.0,10930.0,PRIJEM,PREVOD Z UCTU,DUCHOD
671441,2293,0.602662852618585,True,930412,6745.0,14190.0,PRIJEM,PREVOD Z UCTU,DUCHOD
1140251,3898,0.6026516021074774,True,940607,6915.0,28460.0,PRIJEM,PREVOD Z UCTU,DUCHOD
726412,2485,0.602647043586635,True,971213,4042.0,16968.0,PRIJEM,PREVOD Z UCTU,DUCHOD
175557,592,0.6026345244270682,True,970211,5753.0,11806.0,PRIJEM,PREVOD Z UCTU,DUCHOD
1104766,3775,0.6026332439575881,True,931112,6136.0,30980.0,PRIJEM,PREVOD Z UCTU,DUCHOD
848247,2889,0.6026322098414381,True,971206,56037.0,82910.0,PRIJEM,PREVOD Z UCTU,
173148,581,0.6026265982598276,True,970107,4890.0,15170.0,PRIJEM,PREVOD Z UCTU,DUCHOD
768532,2624,0.6026199774362129,True,971205,40104.0,95359.6,PRIJEM,PREVOD Z UCTU,
2382574,7857,0.6026129859639916,True,971210,57164.0,88600.5,PRIJEM,PREVOD Z UCTU,
294019,1005,0.6025973754145895,True,971209,51724.0,109171.5,PRIJEM,PREVOD Z UCTU,
529774,1806,0.6025949825406903,True,930205,5029.0,5429.0,PRIJEM,PREVOD Z UCTU,DUCHOD
1754210,5952,0.602590969906858,True,961210,52968.0,83452.3,PRIJEM,PREVOD Z UCTU,
279961,959,0.6025904407082245,True,960314,4703.0,5703.0,PRIJEM,PREVOD Z UCTU,DUCHOD
366283,1246,0.6025880369813467,True,941106,6148.0,19544.0,PRIJEM,PREVOD Z UCTU,DUCHOD
590484,2010,0.6025694276595438,True,940209,5815.0,12730.0,PRIJEM,PREVOD Z UCTU,DUCHOD
575175,1959,0.6025564292231028,True,940305,6830.0,21090.0,PRIJEM,PREVOD Z UCTU,DUCHOD
2929777,9703,0.6025547869050101,True,941208,50904.0,99662.3,PRIJEM,PREVOD Z UCTU,
1041276,3560,0.6025457737193975,True,970106,5026.0,10852.0,PRIJEM,PREVOD Z UCTU,DUCHOD
2580434,8523,0.6025120181424783,True,980611,69780.0,96249.0,PRIJEM,PREVOD Z UCTU,
523021,1785,0.6025040742265084,True,970114,4892.0,15776.0,PRIJEM,PREVOD Z UCTU,DUCHOD
663081,2264,0.6024992508652959,True,970214,4767.0,15301.0,PRIJEM,PREVOD Z UCTU,DUCHOD
887067,3025,0.602491936631742,True,980114,6367.0,7167.0,PRIJEM,PREVOD Z UCTU,DUCHOD
498392,1699,0.602490998016089,True,930305,5224.0,11248.0,PRIJEM,PREVOD Z UCTU,DUCHOD
1125022,3842,0.6024894051312997,True,970508,5031.0,10862.0,PRIJEM,PREVOD Z UCTU,DUCHOD
1024033,3496,0.6024786335514135,True,981207,46143.0,123414.7,PRIJEM,PREVOD Z UCTU,
318497,1088,0.6024762756929247,True,940213,5600.0,11700.0,PRIJEM,PREVOD Z UCTU,DUCHOD
1014791,3469,0.6024747802592897,True,930613,5822.0,6622.0,PRIJEM,PREVOD Z UCTU,DUCHOD
433638,1474,0.6024668165950154,True,961006,4043.0,4943.0,PRIJEM,PREVOD Z UCTU,DUCHOD
763027,2606,0.6024666782089169,True,940905,4499.0,10098.0,PRIJEM,PREVOD Z UCTU,DUCHOD
216254,735,0.6024579352340169,True,971013,6048.0,6548.0,PRIJEM,PREVOD Z UCTU,DUCHOD
434252,1476,0.6024576140176547,True,930606,6411.0,13022.0,PRIJEM,PREVOD Z UCTU,DUCHOD
171060,574,0.602451774147502,True,970606,60729.0,122692.0,PRIJEM,PREVOD Z UCTU,
13151,44,0.6024498277838312,True,930705,4200.0,8800.0,PRIJEM,PREVOD Z UCTU,DUCHOD
2912575,9645,0.6024218196339798,True,971208,52322.0,87441.8,PRIJEM,PREVOD Z UCTU,
883008,3008,0.602421538391699,True,930506,6934.0,21002.0,PRIJEM,PREVOD Z UCTU,DUCHOD
1453831,4949,0.6024149778986231,True,980608,54358.0,115849.4,PRIJEM,PREVOD Z UCTU,
2382550,7857,0.6024091605925057,True,951210,57164.0,89903.6,PRIJEM,PREVOD Z UCTU,
519191,1773,0.602407021534495,True,930614,4316.0,8932.0,PRIJEM,PREVOD Z UCTU,DUCHOD
1080840,3691,0.6023983970445356,True,930309,6540.0,6940.0,PRIJEM,PREVOD Z UCTU,DUCHOD
1075597,3675,0.6023880266364435,True,931209,69148.0,94074.9,PRIJEM,PREVOD Z UCTU,
3145168,10439,0.6023866215316787,True,970608,56835.0,109037.0,PRIJEM,PREVOD Z UCTU,
418306,1419,0.6023861612554537,True,940111,6051.0,6451.0,PRIJEM,PREVOD Z UCTU,DUCHOD
59353,198,0.6023836536639177,True,940113,4299.0,13797.0,PRIJEM,PREVOD Z UCTU,DUCHOD
1028182,3511,0.602381455365498,True,961209,5485.0,28425.0,PRIJEM,PREVOD Z UCTU,DUCHOD
288074,988,0.6023788847222833,True,950114,6832.0,20896.0,PRIJEM,PREVOD Z UCTU,DUCHOD
204859,696,0.6023753293677543,True,981206,6904.0,60447.0,PRIJEM,PREVOD Z UCTU,DUCHOD
501785,1710,0.6023729739145031,True,970710,6885.0,14670.0,PRIJEM,PREVOD Z UCTU,DUCHOD
1164603,3989,0.6023585349442878,True,950605,4016.0,12948.0,PRIJEM,PREVOD Z UCTU,DUCHOD
429912,1460,0.6023487060181026,True,970112,5298.0,10896.0,PRIJEM,PREVOD Z UCTU,DUCHOD
600739,2045,0.6023466411245676,True,961208,6310.0,20030.0,PRIJEM,PREVOD Z UCTU,DUCHOD
175442,591,0.6023463717989146,True,971108,4182.0,13246.0,PRIJEM,PREVOD Z UCTU,DUCHOD
229924,783,0.602346141410412,True,971106,4864.0,10728.0,PRIJEM,PREVOD Z UCTU,DUCHOD
92397,314,0.6023304947909541,True,961206,55346.0,77950.7,PRIJEM,PREVOD Z UCTU,
92421,314,0.6023304947909541,True,981206,55346.0,77431.1,PRIJEM,PREVOD Z UCTU,
545965,1858,0.6023302574366988,True,950309,6648.0,7548.0,PRIJEM,PREVOD Z UCTU,DUCHOD
1164975,3991,0.6023289545012547,True,970212,6943.0,14186.0,PRIJEM,PREVOD Z UCTU,DUCHOD
949276,3236,0.6023247681410276,True,970514,4414.0,13542.0,PRIJEM,PREVOD Z UCTU,DUCHOD
23966,79,0.6023130963185733,True,970212,4182.0,13146.0,PRIJEM,PREVOD Z UCTU,DUCHOD
547054,1862,0.6023101638363013,True,961208,59415.0,96845.3,PRIJEM,PREVOD Z UCTU,
96263,328,0.6022952894325878,True,971209,6973.0,21519.0,PRIJEM,PREVOD Z UCTU,DUCHOD
2929765,9703,0.6022949254590703,True,931208,50904.0,103913.0,PRIJEM,PREVOD Z UCTU,
209999,713,0.6022888893924095,True,970205,5670.0,23180.0,PRIJEM,PREVOD Z UCTU,DUCHOD
867777,2955,0.6022759172096906,True,961206,5079.0,16137.0,PRIJEM,PREVOD Z UCTU,DUCHOD
495331,1689,0.6022759172096905,True,931206,5058.0,15874.0,PRIJEM,PREVOD Z UCTU,DUCHOD
587801,2001,0.6022720249643786,True,940606,58653.0,59653.0,PRIJEM,PREVOD Z UCTU,
687897,2349,0.602257626570158,True,961208,6206.0,19118.0,PRIJEM,PREVOD Z UCTU,DUCHOD
2699804,8934,0.6022403436606925,True,941228,23022.0,27162.4,VYBER,VYBER,
249572,857,0.6022343373159522,True,931213,4529.0,14687.0,PRIJEM,PREVOD Z UCTU,DUCHOD
418307,1419,0.6022269280574626,True,940211,6051.0,12502.0,PRIJEM,PREVOD Z UCTU,DUCHOD
105320,359,0.6022105207117715,True,950208,5316.0,11032.0,PRIJEM,PREVOD Z UCTU,DUCHOD
687895,2349,0.6022097051944071,True,961008,6206.0,6706.0,PRIJEM,PREVOD Z UCTU,DUCHOD
522177,1782,0.6022040351732915,True,981210,6542.0,84136.5,PRIJEM,PREVOD Z UCTU,DUCHOD
1090874,3729,0.6022002210131084,True,950507,4412.0,4712.0,PRIJEM,PREVOD Z UCTU,DUCHOD
333810,1135,0.6021989422862857,True,951206,5106.0,26030.0,PRIJEM,PREVOD Z UCTU,DUCHOD
484805,1652,0.60218793065945,True,930613,6226.0,6526.0,PRIJEM,PREVOD Z UCTU,DUCHOD
707140,2422,0.6021804720538727,True,971106,6114.0,18542.0,PRIJEM,PREVOD Z UCTU,DUCHOD
581082,1978,0.6021802899835933,True,971209,51303.0,89913.2,PRIJEM,PREVOD Z UCTU,
667548,2279,0.6021783892394744,True,980609,59007.0,102147.7,PRIJEM,PREVOD Z UCTU,
1115627,3810,0.6021769834108534,True,950710,6541.0,7041.0,PRIJEM,PREVOD Z UCTU,DUCHOD
902734,3076,0.6021751558490113,True,930414,4164.0,4864.0,PRIJEM,PREVOD Z UCTU,DUCHOD
57297,191,0.6021622762705224,True,971210,66314.0,95235.4,PRIJEM,PREVOD Z UCTU,
385066,1308,0.6021617959999981,True,961213,5119.0,15757.0,PRIJEM,PREVOD Z UCTU,DUCHOD
245768,844,0.6021534731048641,True,940606,70160.0,104151.3,PRIJEM,PREVOD Z UCTU,
693901,2373,0.6021354289612141,True,961108,4812.0,10724.0,PRIJEM,PREVOD Z UCTU,DUCHOD
971482,3310,0.6021267879859121,True,931206,4916.0,15648.0,PRIJEM,PREVOD Z UCTU,DUCHOD
2343669,7733,0.6021224245131028,True,980614,64186.0,105001.7,PRIJEM,PREVOD Z UCTU,
2454636,8094,0.6021215122464252,True,980611,69012.0,101498.6,PRIJEM,PREVOD Z UCTU,
1124737,3841,0.6021154418907758,True,950208,4547.0,5347.0,PRIJEM,PREVOD Z UCTU,DUCHOD
645666,2205,0.6021017689231307,True,960512,5666.0,6766.0,PRIJEM,PREVOD Z UCTU,DUCHOD
568533,1935,0.6020919017703549,True,970606,74812.0,126042.6,PRIJEM,PREVOD Z UCTU,
221675,753,0.6020903277864758,True,960908,6661.0,7761.0,PRIJEM,PREVOD Z UCTU,DUCHOD
898291,3062,0.6020854911670537,True,971110,4467.0,13801.0,PRIJEM,PREVOD Z UCTU,DUCHOD
894566,3050,0.6020788459909976,True,980608,62168.0,103758.2,PRIJEM,PREVOD Z UCTU,
17972,61,0.6020762829822714,True,940407,4019.0,16776.0,PRIJEM,PREVOD Z UCTU,DUCHOD
527516,1801,0.6020553785030068,True,981230,49738.0,133244.7,PRIJEM,VKLAD,
1075627,3675,0.602052919360581,True,960609,69148.0,110326.3,PRIJEM,PREVOD Z UCTU,
366282,1246,0.6020518433019953,True,941006,6148.0,13396.0,PRIJEM,PREVOD Z UCTU,DUCHOD
2477235,8173,0.6020459578926597,True,980605,61260.0,96654.6,PRIJEM,PREVOD Z UCTU,
763030,2606,0.6020254681218074,True,941205,4499.0,23595.0,PRIJEM,PREVOD Z UCTU,DUCHOD
317019,1081,0.602023400400807,True,970213,4512.0,9824.0,PRIJEM,PREVOD Z UCTU,DUCHOD
689426,2355,0.6020223687599746,True,981214,63912.0,101884.9,PRIJEM,PREVOD Z UCTU,
779166,2656,0.6020200494610424,True,970413,5046.0,10992.0,PRIJEM,PREVOD Z UCTU,DUCHOD
385235,1309,0.6020154800877524,True,951211,59296.0,82057.9,PRIJEM,PREVOD Z UCTU,
2592081,8564,0.6020101672465039,True,971212,57554.0,86537.5,PRIJEM,PREVOD Z UCTU,
232563,791,0.6019756950616841,True,960210,4854.0,10408.0,PRIJEM,PREVOD Z UCTU,DUCHOD
2699829,8934,0.601966798146483,True,960501,24222.0,4266.1,VYBER,VYBER,
2912557,9645,0.6019655753851221,True,960608,52322.0,105914.6,PRIJEM,PREVOD Z UCTU,
896725,3055,0.6019578475760591,True,960613,6814.0,7714.0,PRIJEM,PREVOD Z UCTU,DUCHOD
1086294,3712,0.6019567453787621,True,941210,6074.0,19122.0,PRIJEM,PREVOD Z UCTU,DUCHOD
609762,2076,0.6019480280090664,True,961012,6179.0,6979.0,PRIJEM,PREVOD Z UCTU,DUCHOD
871176,2968,0.6019464754984782,True,950612,53322.0,107797.3,PRIJEM,PREVOD Z UCTU,
334058,1136,0.6019446566733343,True,931212,46227.0,99017.6,PRIJEM,PREVOD Z UCTU,
760541,2595,0.6019335065987333,True,971014,6828.0,13956.0,PRIJEM,PREVOD Z UCTU,DUCHOD
575173,1959,0.6019332933543267,True,940105,6830.0,7430.0,PRIJEM,PREVOD Z UCTU,DUCHOD
137535,461,0.6019226261726506,True,981206,6388.0,76944.3,PRIJEM,PREVOD Z UCTU,DUCHOD
1124413,3840,0.6019149622452179,True,940411,5970.0,12640.0,PRIJEM,PREVOD Z UCTU,DUCHOD
1193788,4086,0.6019139736901699,True,981206,63536.0,98194.3,PRIJEM,PREVOD Z UCTU,
229923,783,0.6019097003084563,True,971006,4864.0,5864.0,PRIJEM,PREVOD Z UCTU,DUCHOD
85873,288,0.6019018014460038,True,950507,5315.0,11530.0,PRIJEM,PREVOD Z UCTU,DUCHOD
13930,47,0.601901212993449,True,961211,52886.0,87874.8,PRIJEM,PREVOD Z UCTU,
424253,1441,0.6019009683941661,True,941105,6354.0,6854.0,PRIJEM,PREVOD Z UCTU,DUCHOD
1052812,3601,0.6019005966524159,True,950813,5827.0,12354.0,PRIJEM,PREVOD Z UCTU,DUCHOD
1163861,3984,0.601896718315123,True,970314,4041.0,12623.0,PRIJEM,PREVOD Z UCTU,DUCHOD
992679,3387,0.6018937959339282,True,970610,50028.0,112917.9,PRIJEM,PREVOD Z UCTU,
9618,34,0.6018925785869207,True,931211,47768.0,88964.6,PRIJEM,PREVOD Z UCTU,
445826,1515,0.6018686557502572,True,961207,41014.0,91185.6,PRIJEM,PREVOD Z UCTU,
35463,114,0.6018652944703505,True,970511,4234.0,8968.0,PRIJEM,PREVOD Z UCTU,DUCHOD
652575,2230,0.601854473857502,True,960410,5292.0,10784.0,PRIJEM,PREVOD Z UCTU,DUCHOD
909656,3099,0.6018505509366733,True,930707,6019.0,12838.0,PRIJEM,PREVOD Z UCTU,DUCHOD
494945,1688,0.6018420848137789,True,930409,5439.0,11678.0,PRIJEM,PREVOD Z UCTU,DUCHOD
2872049,9504,0.60183417277564,True,961205,55628.0,89793.3,PRIJEM,PREVOD Z UCTU,
898292,3062,0.6018330675973288,True,971210,4467.0,18268.0,PRIJEM,PREVOD Z UCTU,DUCHOD
1063123,3631,0.6018149486587814,True,951008,5224.0,11248.0,PRIJEM,PREVOD Z UCTU,DUCHOD
2820381,9337,0.6018059936849444,True,961125,24995.0,6979.7,VYBER,VYBER,
958613,3266,0.6017946904800616,True,970513,4504.0,10108.0,PRIJEM,PREVOD Z UCTU,DUCHOD
589268,2006,0.6017874608603891,True,970713,5261.0,5961.0,PRIJEM,PREVOD Z UCTU,DUCHOD
929611,3168,0.6017870096571927,True,930308,6303.0,7303.0,PRIJEM,PREVOD Z UCTU,DUCHOD
788546,2688,0.60178061245792,True,950309,4204.0,4404.0,PRIJEM,PREVOD Z UCTU,DUCHOD
651020,2225,0.6017605194974713,True,960308,4272.0,9544.0,PRIJEM,PREVOD Z UCTU,DUCHOD
273471,937,0.6017603311145364,True,951210,4435.0,18640.0,PRIJEM,PREVOD Z UCTU,DUCHOD
930865,3173,0.6017547757159283,True,930710,4235.0,9570.0,PRIJEM,PREVOD Z UCTU,DUCHOD
2579174,8519,0.6017521935042807,True,941212,56019.0,77071.5,PRIJEM,PREVOD Z UCTU,
120432,404,0.6017404002800463,True,961213,48572.0,92301.7,PRIJEM,PREVOD Z UCTU,
976748,3328,0.601737256910634,True,970514,4951.0,10702.0,PRIJEM,PREVOD Z UCTU,DUCHOD
63724,212,0.601703598880921,True,931209,74385.0,87850.0,PRIJEM,PREVOD Z UCTU,
685082,2339,0.601702315724721,True,961111,5893.0,12286.0,PRIJEM,PREVOD Z UCTU,DUCHOD
535223,1823,0.6016951843938261,True,961205,4941.0,15823.0,PRIJEM,PREVOD Z UCTU,DUCHOD
1107316,3782,0.601692708769274,True,970614,42783.0,88142.4,PRIJEM,PREVOD Z UCTU,
274194,940,0.6016820481807454,True,961211,56756.0,106085.2,PRIJEM,PREVOD Z UCTU,
18396,62,0.6016808872083634,True,930505,5079.0,11258.0,PRIJEM,PREVOD Z UCTU,DUCHOD
462702,1574,0.6016651607186376,True,970814,4058.0,13174.0,PRIJEM,PREVOD Z UCTU,DUCHOD
48323,162,0.601657787878468,True,931206,5188.0,20952.0,PRIJEM,PREVOD Z UCTU,DUCHOD
10163,35,0.6016567094528908,True,930905,5446.0,11492.0,PRIJEM,PREVOD Z UCTU,DUCHOD
965830,3291,0.6016517858684567,True,970113,5355.0,11710.0,PRIJEM,PREVOD Z UCTU,DUCHOD
143453,481,0.6016499699789704,True,960713,6633.0,20599.0,PRIJEM,PREVOD Z UCTU,DUCHOD
676696,2312,0.6016314125648908,True,971108,5340.0,11780.0,PRIJEM,PREVOD Z UCTU,DUCHOD
538293,1831,0.6016292056941436,True,931211,6480.0,20040.0,PRIJEM,PREVOD Z UCTU,DUCHOD
661759,2259,0.6016254096551967,True,940705,4442.0,9484.0,PRIJEM,PREVOD Z UCTU,DUCHOD
55849,187,0.6015945201903251,True,930414,4197.0,4397.0,PRIJEM,PREVOD Z UCTU,DUCHOD
588188,2002,0.6015939970432977,True,930606,6060.0,12520.0,PRIJEM,PREVOD Z UCTU,DUCHOD
10166,35,0.6015931007133443,True,931205,5446.0,27830.0,PRIJEM,PREVOD Z UCTU,DUCHOD
678031,2317,0.6015930827779269,True,980105,5293.0,26765.0,PRIJEM,PREVOD Z UCTU,DUCHOD
296700,1012,0.6015877723687646,True,961210,36818.0,77198.0,PRIJEM,PREVOD Z UCTU,
1271703,4349,0.6015789045515261,True,961210,49152.0,91289.7,PRIJEM,PREVOD Z UCTU,
9642,34,0.6015691499215838,True,951211,47768.0,94579.7,PRIJEM,PREVOD Z UCTU,
837256,2849,0.6015626519511769,True,931211,6677.0,20931.0,PRIJEM,PREVOD Z UCTU,DUCHOD
1838336,6226,0.6015436828445644,True,970607,59793.0,111927.1,PRIJEM,PREVOD Z UCTU,
1106615,3780,0.601538653278972,True,951205,6272.0,6572.0,PRIJEM,PREVOD Z UCTU,DUCHOD
883009,3008,0.6015351595313058,True,930606,6934.0,27936.0,PRIJEM,PREVOD Z UCTU,DUCHOD
95218,324,0.6015282088962075,True,961010,5279.0,11058.0,PRIJEM,PREVOD Z UCTU,DUCHOD
2910459,9640,0.6015272429030715,True,981213,28659.0,114034.2,PRIJEM,PREVOD Z UCTU,
522176,1782,0.601525486869864,True,981110,6542.0,86874.9,PRIJEM,PREVOD Z UCTU,DUCHOD
1102570,3766,0.6015252510885655,True,981126,48643.0,106023.7,PRIJEM,VKLAD,
808201,2754,0.6015155776969794,True,961212,62868.0,82155.6,PRIJEM,PREVOD Z UCTU,
502198,1712,0.6015079518601067,True,961205,6104.0,6304.0,PRIJEM,PREVOD Z UCTU,DUCHOD
1008305,3443,0.6014961754748993,True,961210,4133.0,21065.0,PRIJEM,PREVOD Z UCTU,DUCHOD
2078091,7045,0.6014898528858792,True,970607,54138.0,102188.4,PRIJEM,PREVOD Z UCTU,
870750,2966,0.6014870343503044,True,980831,47178.0,130527.6,PRIJEM,VKLAD,
838554,2855,0.6014839056634874,True,950911,4189.0,4589.0,PRIJEM,PREVOD Z UCTU,DUCHOD
857427,2923,0.6014776996708603,True,950305,4179.0,8858.0,PRIJEM,PREVOD Z UCTU,DUCHOD
777598,2651,0.6014660451036595,True,971212,53894.0,83696.0,PRIJEM,PREVOD Z UCTU,
1193776,4086,0.6014567218183967,True,971206,63536.0,104707.0,PRIJEM,PREVOD Z UCTU,
98035,335,0.6014526984191826,True,960207,5715.0,6715.0,PRIJEM,PREVOD Z UCTU,DUCHOD
406610,1384,0.6014462519216666,True,961214,47049.0,107299.7,PRIJEM,PREVOD Z UCTU,
349269,1185,0.601435187654439,True,970806,4246.0,9192.0,PRIJEM,PREVOD Z UCTU,DUCHOD
1015176,3470,0.6014340608059984,True,970309,5427.0,11554.0,PRIJEM,PREVOD Z UCTU,DUCHOD
2912563,9645,0.6014338865075562,True,961208,52322.0,80488.8,PRIJEM,PREVOD Z UCTU,
1010952,3455,0.601432172804017,True,971205,50602.0,83279.4,PRIJEM,PREVOD Z UCTU,
525103,1792,0.6014223095523351,True,940212,6151.0,13302.0,PRIJEM,PREVOD Z UCTU,DUCHOD
3335925,11079,0.601417571939318,True,980611,73724.0,119347.1,PRIJEM,PREVOD Z UCTU,
711287,2432,0.6014166082347624,True,960609,5880.0,12860.0,PRIJEM,PREVOD Z UCTU,DUCHOD
462588,1573,0.601408507944519,True,980209,5492.0,11984.0,PRIJEM,PREVOD Z UCTU,DUCHOD
1132668,3871,0.6014017475480777,True,930606,4356.0,22080.0,PRIJEM,PREVOD Z UCTU,DUCHOD
711475,2433,0.6014014594432282,True,930505,4718.0,14654.0,PRIJEM,PREVOD Z UCTU,DUCHOD
836119,2846,0.6014010237502647,True,971207,6134.0,19202.0,PRIJEM,PREVOD Z UCTU,DUCHOD
772201,2636,0.6013946944546361,True,970111,4882.0,10364.0,PRIJEM,PREVOD Z UCTU,DUCHOD
404187,1376,0.6013893288779353,True,960108,4097.0,17088.0,PRIJEM,PREVOD Z UCTU,DUCHOD
733699,2508,0.6013852416853855,True,930506,4271.0,9242.0,PRIJEM,PREVOD Z UCTU,DUCHOD
3422865,11359,0.6013464370077463,True,941214,40521.0,80620.9,PRIJEM,PREVOD Z UCTU,
780857,2663,0.6013433009286023,True,950314,6362.0,13424.0,PRIJEM,PREVOD Z UCTU,DUCHOD
324547,1108,0.6013422715576742,True,950607,4730.0,15190.0,PRIJEM,PREVOD Z UCTU,DUCHOD
874557,2979,0.6013292260758535,True,980113,5241.0,11182.0,PRIJEM,PREVOD Z UCTU,DUCHOD
123771,416,0.6013174409105252,True,970105,5155.0,26275.0,PRIJEM,PREVOD Z UCTU,DUCHOD
1048184,3585,0.6013111885692842,True,960712,6242.0,6542.0,PRIJEM,PREVOD Z UCTU,DUCHOD
85422,287,0.6013056980668294,True,940110,4562.0,14286.0,PRIJEM,PREVOD Z UCTU,DUCHOD
231538,788,0.6012997648344626,True,960814,5473.0,11846.0,PRIJEM,PREVOD Z UCTU,DUCHOD
2378567,7844,0.6012911144239335,True,961205,47906.0,88986.3,PRIJEM,PREVOD Z UCTU,
2378579,7844,0.6012911144239335,True,971205,47906.0,88890.9,PRIJEM,PREVOD Z UCTU,
692397,2366,0.6012712868731589,True,970610,5226.0,5926.0,PRIJEM,PREVOD Z UCTU,DUCHOD
261066,894,0.6012635591519978,True,951014,6676.0,14152.0,PRIJEM,PREVOD Z UCTU,DUCHOD
3335901,11079,0.6012443228625284,True,960611,73724.0,111467.4,PRIJEM,PREVOD Z UCTU,
332507,1132,0.6012356024514011,True,980309,48098.0,143045.4,PRIJEM,PREVOD Z UCTU,
280211,960,0.6012349232652432,True,970613,60016.0,108831.2,PRIJEM,PREVOD Z UCTU,
597766,2035,0.6012292587421063,True,960605,44084.0,44484.0,PRIJEM,PREVOD Z UCTU,
1004640,3429,0.6012261232481272,True,981214,6664.0,46321.9,PRIJEM,PREVOD Z UCTU,DUCHOD
366284,1246,0.60122181135203,True,941206,6148.0,25692.0,PRIJEM,PREVOD Z UCTU,DUCHOD
332486,1132,0.6012175106004106,True,960609,72147.0,113675.8,PRIJEM,PREVOD Z UCTU,
3059,12,0.6012087009096905,True,970513,5938.0,7038.0,PRIJEM,PREVOD Z UCTU,DUCHOD
955640,3258,0.6012086067665819,True,981028,47477.0,119122.0,PRIJEM,VKLAD,
48643,163,0.601191341712251,True,930313,6698.0,14296.0,PRIJEM,PREVOD Z UCTU,DUCHOD
2872061,9504,0.6011843118329984,True,971205,55628.0,83119.5,PRIJEM,PREVOD Z UCTU,
249570,857,0.6011813465300332,True,931013,4529.0,5629.0,PRIJEM,PREVOD Z UCTU,DUCHOD
599195,2039,0.6011752841541932,True,941229,42133.0,70827.1,PRIJEM,VKLAD,
123770,416,0.6011646114642218,True,961205,5155.0,21120.0,PRIJEM,PREVOD Z UCTU,DUCHOD
1037577,3549,0.6011637106696174,True,970107,4898.0,25090.0,PRIJEM,PREVOD Z UCTU,DUCHOD
1155327,3953,0.6011629510757038,True,981212,47679.0,105935.2,PRIJEM,PREVOD Z UCTU,
79309,266,0.6011301606895431,True,940612,74628.0,113214.8,PRIJEM,PREVOD Z UCTU,
1091586,3732,0.6011256215528716,True,970708,4673.0,9846.0,PRIJEM,PREVOD Z UCTU,DUCHOD
694892,2377,0.6011156483829452,True,950213,4393.0,13479.0,PRIJEM,PREVOD Z UCTU,DUCHOD
2079512,7049,0.6011080026082494,True,980605,74278.0,108631.0,PRIJEM,PREVOD Z UCTU,
1006827,3438,0.6010915729538211,True,970113,5506.0,6506.0,PRIJEM,PREVOD Z UCTU,DUCHOD
16249,55,0.6010831970664456,True,960312,4629.0,4929.0,PRIJEM,PREVOD Z UCTU,DUCHOD
295598,1009,0.6010780967405994,True,981211,66434.0,89451.5,PRIJEM,PREVOD Z UCTU,
171024,574,0.6010727230765416,True,940606,60729.0,120931.0,PRIJEM,PREVOD Z UCTU,
843074,2869,0.6010651490373494,True,961207,5289.0,16067.0,PRIJEM,PREVOD Z UCTU,DUCHOD
907403,3092,0.6010639517253339,True,960213,5649.0,12298.0,PRIJEM,PREVOD Z UCTU,DUCHOD
778512,2654,0.6010614106403102,True,940914,6179.0,13258.0,PRIJEM,PREVOD Z UCTU,DUCHOD
13900,47,0.6010473918999063,True,940611,52886.0,106113.0,PRIJEM,PREVOD Z UCTU,
1010940,3455,0.6010398207414133,True,961205,50602.0,89716.1,PRIJEM,PREVOD Z UCTU,
707139,2422,0.601034353973426,True,971006,6114.0,12428.0,PRIJEM,PREVOD Z UCTU,DUCHOD
57436,192,0.6010339879437065,True,930306,5859.0,12018.0,PRIJEM,PREVOD Z UCTU,DUCHOD
902614,3075,0.6010331052907694,True,970814,5054.0,10508.0,PRIJEM,PREVOD Z UCTU,DUCHOD
347060,1176,0.601028792099385,True,961110,4556.0,5656.0,PRIJEM,PREVOD Z UCTU,DUCHOD
1116071,3812,0.6010284081335948,True,950405,4980.0,15340.0,PRIJEM,PREVOD Z UCTU,DUCHOD
171054,574,0.6010279377748392,True,961206,60729.0,106577.3,PRIJEM,PREVOD Z UCTU,
66594,222,0.6010261693946676,True,931210,51614.0,102048.0,PRIJEM,PREVOD Z UCTU,
260178,891,0.6010215832596214,True,960613,5997.0,6997.0,PRIJEM,PREVOD Z UCTU,DUCHOD
448303,1524,0.6010123545989643,True,970413,4222.0,9544.0,PRIJEM,PREVOD Z UCTU,DUCHOD
733051,2505,0.601006149916722,True,960713,4431.0,9062.0,PRIJEM,PREVOD Z UCTU,DUCHOD
656609,2244,0.6009969186259839,True,961205,6888.0,43248.0,PRIJEM,PREVOD Z UCTU,DUCHOD
967253,3296,0.6009925726585037,True,970614,69132.0,101757.1,PRIJEM,PREVOD Z UCTU,
462700,1574,0.600989654057582,True,970614,4058.0,5058.0,PRIJEM,PREVOD Z UCTU,DUCHOD
347062,1176,0.6009810591496897,True,970110,4556.0,14768.0,PRIJEM,PREVOD Z UCTU,DUCHOD
175443,591,0.6009782702712185,True,971208,4182.0,17428.0,PRIJEM,PREVOD Z UCTU,DUCHOD
522113,1782,0.6009590856545336,True,930810,6542.0,20326.0,PRIJEM,PREVOD Z UCTU,DUCHOD
848005,2888,0.6009576152901476,True,960711,4006.0,8712.0,PRIJEM,PREVOD Z UCTU,DUCHOD
1074393,3671,0.6009519872787649,True,980105,4498.0,18992.0,PRIJEM,PREVOD Z UCTU,DUCHOD
1074392,3671,0.6009490429767991,True,971205,4498.0,14494.0,PRIJEM,PREVOD Z UCTU,DUCHOD
808213,2754,0.6009475986888366,True,971212,62868.0,86952.5,PRIJEM,PREVOD Z UCTU,
1127680,3852,0.6009333277204514,True,980205,5046.0,25430.0,PRIJEM,PREVOD Z UCTU,DUCHOD
726410,2485,0.6009327594595927,True,971013,4042.0,8884.0,PRIJEM,PREVOD Z UCTU,DUCHOD
857428,2923,0.6009318514850279,True,950405,4179.0,13037.0,PRIJEM,PREVOD Z UCTU,DUCHOD
3145150,10439,0.6009302235928027,True,951208,56835.0,82727.8,PRIJEM,PREVOD Z UCTU,
436680,1484,0.600914923862654,True,961010,6612.0,6812.0,PRIJEM,PREVOD Z UCTU,DUCHOD
777550,2651,0.600898096385693,True,931212,53894.0,85311.4,PRIJEM,PREVOD Z UCTU,
1552705,5283,0.6008936473749514,True,980614,67833.0,110081.8,PRIJEM,PREVOD Z UCTU,
348969,1184,0.6008707876289974,True,980605,56686.0,103507.7,PRIJEM,PREVOD Z UCTU,
216256,735,0.6008698050683966,True,971213,6048.0,18644.0,PRIJEM,PREVOD Z UCTU,DUCHOD
364304,1238,0.6008652722616333,True,960111,6126.0,18978.0,PRIJEM,PREVOD Z UCTU,DUCHOD
859207,2928,0.6008577094780094,True,940213,5531.0,11562.0,PRIJEM,PREVOD Z UCTU,DUCHOD
283896,975,0.6008533175263668,True,961107,5325.0,6125.0,PRIJEM,PREVOD Z UCTU,DUCHOD
900245,3068,0.6008467977245238,True,930514,6193.0,6693.0,PRIJEM,PREVOD Z UCTU,DUCHOD
120068,403,0.6008447848328171,True,931114,5563.0,22852.0,PRIJEM,PREVOD Z UCTU,DUCHOD
3035453,10063,0.6008427211896706,True,970606,58353.0,97511.7,PRIJEM,PREVOD Z UCTU,
332510,1132,0.6008410243628756,True,980609,72147.0,112420.6,PRIJEM,PREVOD Z UCTU,
947996,3231,0.6008370242861887,True,950512,5575.0,6375.0,PRIJEM,PREVOD Z UCTU,DUCHOD
37888,123,0.6008295617038474,True,930505,4843.0,9886.0,PRIJEM,PREVOD Z UCTU,DUCHOD
575764,1961,0.6008215773502693,True,951014,5764.0,12328.0,PRIJEM,PREVOD Z UCTU,DUCHOD
79333,266,0.6008093186881271,True,960612,74628.0,117520.2,PRIJEM,PREVOD Z UCTU,
133904,449,0.6008076524036593,True,950208,4456.0,14268.0,PRIJEM,PREVOD Z UCTU,DUCHOD
630554,2153,0.6008047167811853,True,981209,46166.0,80324.5,PRIJEM,PREVOD Z UCTU,
911153,3107,0.6008034098838223,True,940411,6300.0,31700.0,PRIJEM,PREVOD Z UCTU,DUCHOD
409312,1394,0.6007909333994439,True,981212,6341.0,67265.7,PRIJEM,PREVOD Z UCTU,DUCHOD
966013,3292,0.6007906760360465,True,940213,4805.0,10410.0,PRIJEM,PREVOD Z UCTU,DUCHOD
945639,3224,0.6007826482434057,True,961110,6483.0,6483.0,PRIJEM,PREVOD Z UCTU,DUCHOD
461960,1570,0.6007752177512133,True,940506,4298.0,8796.0,PRIJEM,PREVOD Z UCTU,DUCHOD
502200,1712,0.6007727379255496,True,970205,6104.0,18512.0,PRIJEM,PREVOD Z UCTU,DUCHOD
915288,3120,0.600769814488555,True,960805,5685.0,11770.0,PRIJEM,PREVOD Z UCTU,DUCHOD
135832,456,0.6007649906973125,True,940610,71746.0,118923.9,PRIJEM,PREVOD Z UCTU,
19827,67,0.6007574833942951,True,950605,62235.0,100151.7,PRIJEM,PREVOD Z UCTU,
219406,746,0.6007455912145588,True,950709,5178.0,10856.0,PRIJEM,PREVOD Z UCTU,DUCHOD
68114,227,0.600744336611186,True,971212,67038.0,88534.9,PRIJEM,PREVOD Z UCTU,
1113043,3802,0.6007392520388876,True,960513,4914.0,5114.0,PRIJEM,PREVOD Z UCTU,DUCHOD
1309145,4470,0.6007374695255172,True,971207,60854.0,107154.3,PRIJEM,PREVOD Z UCTU,
332450,1132,0.6007275972617256,True,930609,72147.0,114290.3,PRIJEM,PREVOD Z UCTU,
842761,2868,0.600725807150679,True,940706,4960.0,5760.0,PRIJEM,PREVOD Z UCTU,DUCHOD
1133956,3875,0.6007162564101405,True,980608,57723.0,117929.2,PRIJEM,PREVOD Z UCTU,
1060520,3625,0.6007119550288417,True,941213,6974.0,28196.0,PRIJEM,PREVOD Z UCTU,DUCHOD
873130,2974,0.6007071160266996,True,930512,5582.0,12264.0,PRIJEM,PREVOD Z UCTU,DUCHOD
1004583,3429,0.6006843338077871,True,940314,6664.0,20492.0,PRIJEM,PREVOD Z UCTU,DUCHOD
754680,2575,0.6006787240815316,True,970610,6618.0,14236.0,PRIJEM,PREVOD Z UCTU,DUCHOD
984371,3357,0.6006778025828704,True,950912,6741.0,13882.0,PRIJEM,PREVOD Z UCTU,DUCHOD
321103,1098,0.6006624672911234,True,940405,5784.0,23736.0,PRIJEM,PREVOD Z UCTU,DUCHOD
561983,1912,0.6006597445791676,True,931207,6338.0,26352.0,PRIJEM,PREVOD Z UCTU,DUCHOD
863288,2939,0.600652469872172,True,971107,5680.0,28600.0,PRIJEM,PREVOD Z UCTU,DUCHOD
545321,1855,0.6006490950342845,True,970114,5172.0,15916.0,PRIJEM,PREVOD Z UCTU,DUCHOD
441662,1501,0.6006458002381893,True,961007,5813.0,12126.0,PRIJEM,PREVOD Z UCTU,DUCHOD
137469,461,0.6006449849962083,True,930606,6388.0,26152.0,PRIJEM,PREVOD Z UCTU,DUCHOD
2378561,7844,0.6006411588228128,True,960605,47906.0,98935.3,PRIJEM,PREVOD Z UCTU,
1149463,3932,0.600637287239768,True,960905,6957.0,14514.0,PRIJEM,PREVOD Z UCTU,DUCHOD
49664,166,0.6006341322534752,True,961109,4566.0,14498.0,PRIJEM,PREVOD Z UCTU,DUCHOD
1023630,3494,0.6006255049032097,True,960905,6027.0,12954.0,PRIJEM,PREVOD Z UCTU,DUCHOD
1076083,3676,0.6006194661240047,True,960705,4979.0,6079.0,PRIJEM,PREVOD Z UCTU,DUCHOD
584295,1989,0.6006062355864759,True,950108,4220.0,17080.0,PRIJEM,PREVOD Z UCTU,DUCHOD
2868196,9491,0.6006040723778913,True,980613,65738.0,104681.7,PRIJEM,PREVOD Z UCTU,
328320,1120,0.6006015640246913,True,940105,5428.0,17184.0,PRIJEM,PREVOD Z UCTU,DUCHOD
79730,267,0.6005929121612544,True,950607,4847.0,10194.0,PRIJEM,PREVOD Z UCTU,DUCHOD
508655,1740,0.6005740238400096,True,970510,4070.0,8740.0,PRIJEM,PREVOD Z UCTU,DUCHOD
909655,3099,0.6005734777398407,True,930607,6019.0,6819.0,PRIJEM,PREVOD Z UCTU,DUCHOD
171066,574,0.6005713355847296,True,971206,60729.0,102559.8,PRIJEM,PREVOD Z UCTU,
311887,1064,0.6005702934994757,True,971211,5948.0,18344.0,PRIJEM,PREVOD Z UCTU,DUCHOD
1436818,4894,0.6005669337037658,True,980612,43882.0,135208.6,PRIJEM,PREVOD Z UCTU,
1048185,3585,0.6005593967964888,True,960812,6242.0,12784.0,PRIJEM,PREVOD Z UCTU,DUCHOD
819859,2791,0.600554886652244,True,980212,5372.0,11844.0,PRIJEM,PREVOD Z UCTU,DUCHOD
95220,324,0.6005537228979658,True,961210,5279.0,21616.0,PRIJEM,PREVOD Z UCTU,DUCHOD
539087,1833,0.6005450471343531,True,980210,6646.0,20838.0,PRIJEM,PREVOD Z UCTU,DUCHOD
1736643,5891,0.6005365109605629,True,951212,48891.0,88021.3,PRIJEM,PREVOD Z UCTU,
995670,3398,0.6005231508740454,True,970606,5891.0,12482.0,PRIJEM,PREVOD Z UCTU,DUCHOD
588578,2003,0.6005155101998668,True,970609,70450.0,118053.6,PRIJEM,PREVOD Z UCTU,
2929813,9703,0.6005093273369463,True,971208,50904.0,104507.5,PRIJEM,PREVOD Z UCTU,
883418,3009,0.6005077586937759,True,960408,4109.0,13227.0,PRIJEM,PREVOD Z UCTU,DUCHOD
3110309,10320,0.6005076800403998,True,951209,38960.0,76637.1,PRIJEM,PREVOD Z UCTU,
805691,2746,0.6005049243389304,True,961109,6556.0,20768.0,PRIJEM,PREVOD Z UCTU,DUCHOD
911209,3107,0.6005045804153841,True,981211,6300.0,103276.0,PRIJEM,PREVOD Z UCTU,DUCHOD
1103199,3769,0.6005044427006542,True,960707,6851.0,14402.0,PRIJEM,PREVOD Z UCTU,DUCHOD
137177,460,0.6004872526457156,True,940505,5922.0,7022.0,PRIJEM,PREVOD Z UCTU,DUCHOD
2382538,7857,0.6004867110044253,True,941210,57164.0,82560.5,PRIJEM,PREVOD Z UCTU,
1309103,4470,0.6004813391234813,True,940607,60854.0,110849.8,PRIJEM,PREVOD Z UCTU,
822341,2801,0.6004701389688161,True,961013,5962.0,6862.0,PRIJEM,PREVOD Z UCTU,DUCHOD
3382317,11231,0.6004667460922632,True,980611,66964.0,92832.3,PRIJEM,PREVOD Z UCTU,
1064891,3638,0.6004614794629952,True,980608,50922.0,107627.5,PRIJEM,PREVOD Z UCTU,
1166080,3996,0.6004556396036037,True,970809,6646.0,14392.0,PRIJEM,PREVOD Z UCTU,DUCHOD
29173,96,0.600448753430607,True,980611,66332.0,109537.0,PRIJEM,PREVOD Z UCTU,
805692,2746,0.6004445854891003,True,961209,6556.0,27324.0,PRIJEM,PREVOD Z UCTU,DUCHOD
547824,1865,0.6004416909647162,True,940505,6256.0,7056.0,PRIJEM,PREVOD Z UCTU,DUCHOD
1838306,6226,0.6004296788021442,True,941207,59793.0,107016.9,PRIJEM,PREVOD Z UCTU,
48644,163,0.6004287152268286,True,930413,6698.0,20994.0,PRIJEM,PREVOD Z UCTU,DUCHOD
120420,404,0.6004223088447176,True,951213,48572.0,94743.6,PRIJEM,PREVOD Z UCTU,
94282,321,0.6004176560596866,True,940207,5163.0,16589.0,PRIJEM,PREVOD Z UCTU,DUCHOD
77658,259,0.600409867665805,True,940105,6523.0,20169.0,PRIJEM,PREVOD Z UCTU,DUCHOD
659881,2253,0.6004088107225224,True,930813,6028.0,6328.0,PRIJEM,PREVOD Z UCTU,DUCHOD
707141,2422,0.600408804645531,True,971206,6114.0,24656.0,PRIJEM,PREVOD Z UCTU,DUCHOD
1243856,4255,0.6004069451421442,True,981214,51645.0,118231.4,PRIJEM,PREVOD Z UCTU,
1159350,3970,0.6004004681573105,True,951211,57232.0,57432.0,PRIJEM,PREVOD Z UCTU,
1135326,3880,0.6003920709462848,True,960913,6871.0,14542.0,PRIJEM,PREVOD Z UCTU,DUCHOD
588560,2003,0.6003912356990411,True,951209,70450.0,71550.0,PRIJEM,PREVOD Z UCTU,
1083581,3701,0.6003871645408013,True,940206,6192.0,25568.0,PRIJEM,PREVOD Z UCTU,DUCHOD
260179,891,0.6003706206547074,True,960713,5997.0,12994.0,PRIJEM,PREVOD Z UCTU,DUCHOD
349535,1187,0.6003658279953411,True,960908,6220.0,13440.0,PRIJEM,PREVOD Z UCTU,DUCHOD
1099508,3756,0.6003449851919613,True,950330,49906.0,170755.2,PRIJEM,VKLAD,
261067,894,0.6003411321237746,True,951114,6676.0,20828.0,PRIJEM,PREVOD Z UCTU,DUCHOD
1071597,3661,0.6003372051403237,True,960307,4966.0,10732.0,PRIJEM,PREVOD Z UCTU,DUCHOD
2707350,8957,0.6003223295254901,True,980518,47359.0,144391.7,PRIJEM,VKLAD,
57291,191,0.6003165394657939,True,970610,66314.0,112960.3,PRIJEM,PREVOD Z UCTU,
902736,3076,0.6003003165450451,True,930614,4164.0,13192.0,PRIJEM,PREVOD Z UCTU,DUCHOD
808225,2754,0.6002890487243931,True,981212,62868.0,84011.8,PRIJEM,PREVOD Z UCTU,
123769,416,0.6002857434165508,True,961105,5155.0,15965.0,PRIJEM,PREVOD Z UCTU,DUCHOD
656596,2244,0.6002855192182316,True,951105,6888.0,27752.0,PRIJEM,PREVOD Z UCTU,DUCHOD
815181,2776,0.6002759247123686,True,970907,4760.0,5260.0,PRIJEM,PREVOD Z UCTU,DUCHOD
1164029,3985,0.6002705230564194,True,970806,4077.0,4977.0,PRIJEM,PREVOD Z UCTU,DUCHOD
1147154,3924,0.6002505393414068,True,960407,4764.0,9828.0,PRIJEM,PREVOD Z UCTU,DUCHOD
19839,67,0.6002302889831082,True,960605,62235.0,92174.0,PRIJEM,PREVOD Z UCTU,
347546,1179,0.600228452873332,True,930307,4212.0,9124.0,PRIJEM,PREVOD Z UCTU,DUCHOD
1088700,3720,0.6002223057724599,True,931114,5657.0,23428.0,PRIJEM,PREVOD Z UCTU,DUCHOD
175441,591,0.6002168285870892,True,971008,4182.0,9064.0,PRIJEM,PREVOD Z UCTU,DUCHOD
917746,3129,0.6002111089839397,True,931214,6727.0,6927.0,PRIJEM,PREVOD Z UCTU,DUCHOD
848004,2888,0.6002096744722696,True,960611,4006.0,4706.0,PRIJEM,PREVOD Z UCTU,DUCHOD
1838330,6226,0.6002066522757175,True,961207,59793.0,106615.9,PRIJEM,PREVOD Z UCTU,
135820,456,0.6002065825159796,True,930610,71746.0,117088.1,PRIJEM,PREVOD Z UCTU,
1063125,3631,0.6002047734244629,True,951208,5224.0,21696.0,PRIJEM,PREVOD Z UCTU,DUCHOD
957963,3264,0.6002030192957012,True,940107,5096.0,15488.0,PRIJEM,PREVOD Z UCTU,DUCHOD
90067,304,0.6001896382117623,True,971208,49764.0,84053.0,PRIJEM,PREVOD Z UCTU,
20325,68,0.6001817512905285,True,970612,53336.0,108994.3,PRIJEM,PREVOD Z UCTU,
1140305,3898,0.6001792912460071,True,981207,6915.0,84904.9,PRIJEM,PREVOD Z UCTU,DUCHOD
995669,3398,0.6001684827339793,True,970506,5891.0,6591.0,PRIJEM,PREVOD Z UCTU,DUCHOD
551018,1877,0.6001671949057484,True,940410,6485.0,26640.0,PRIJEM,PREVOD Z UCTU,DUCHOD
508781,1741,0.6001615293393363,True,950707,4785.0,10670.0,PRIJEM,PREVOD Z UCTU,DUCHOD
457756,1556,0.6001585942060271,True,970107,5955.0,24420.0,PRIJEM,PREVOD Z UCTU,DUCHOD
1084400,3704,0.6001476484432405,True,930409,6242.0,19226.0,PRIJEM,PREVOD Z UCTU,DUCHOD
575765,1961,0.6001335987287328,True,951114,5764.0,18092.0,PRIJEM,PREVOD Z UCTU,DUCHOD
561981,1912,0.6001327166043864,True,931007,6338.0,13676.0,PRIJEM,PREVOD Z UCTU,DUCHOD
355929,1206,0.6001318306993056,True,951110,5383.0,6283.0,PRIJEM,PREVOD Z UCTU,DUCHOD
55851,187,0.6001273893136332,True,930614,4197.0,12791.0,PRIJEM,PREVOD Z UCTU,DUCHOD
893058,3044,0.600113537846729,True,970110,4134.0,17036.0,PRIJEM,PREVOD Z UCTU,DUCHOD
701473,2401,0.6001080652698197,True,941007,6852.0,14804.0,PRIJEM,PREVOD Z UCTU,DUCHOD
664911,2270,0.6001038599799849,True,970505,5407.0,11414.0,PRIJEM,PREVOD Z UCTU,DUCHOD
762433,2603,0.6001031512138167,True,960807,5416.0,11132.0,PRIJEM,PREVOD Z UCTU,DUCHOD
763029,2606,0.6000946923483086,True,941105,4499.0,19096.0,PRIJEM,PREVOD Z UCTU,DUCHOD
687470,2347,0.6000943889326878,True,961010,6498.0,13596.0,PRIJEM,PREVOD Z UCTU,DUCHOD
715942,2452,0.6000616428714437,True,970808,5563.0,6163.0,PRIJEM,PREVOD Z UCTU,DUCHOD
777574,2651,0.6000594862286704,True,951212,53894.0,76832.9,PRIJEM,PREVOD Z UCTU,
143454,481,0.6000503326641,True,960813,6633.0,27232.0,PRIJEM,PREVOD Z UCTU,DUCHOD
980302,3345,0.6000411492227714,True,960206,4281.0,180.5,PRIJEM,PREVOD Z UCTU,DUCHOD
933426,3184,0.6000402046424832,True,940412,5115.0,10930.0,PRIJEM,PREVOD Z UCTU,DUCHOD
284721,978,0.6000392300062342,True,940113,6556.0,33880.0,PRIJEM,PREVOD Z UCTU,DUCHOD
1127678,3852,0.6000026098482876,True,971205,5046.0,15338.0,PRIJEM,PREVOD Z UCTU,DUCHOD
3212,13,0.600000839251087,True,970909,6803.0,7803.0,PRIJEM,PREVOD Z UCTU,DUCHOD
692398,2366,0.5999959348827766,True,970710,5226.0,11152.0,PRIJEM,PREVOD Z UCTU,DUCHOD
90229,305,0.5999918808275158,True,970105,4430.0,13490.0,PRIJEM,PREVOD Z UCTU,DUCHOD
655918,2242,0.5999916297549188,True,980606,65240.0,97029.2,PRIJEM,PREVOD Z UCTU,
574902,1958,0.5999830874711817,True,950110,5338.0,16614.0,PRIJEM,PREVOD Z UCTU,DUCHOD
141989,475,0.5999817028297322,True,970710,4319.0,8838.0,PRIJEM,PREVOD Z UCTU,DUCHOD
689402,2355,0.5999772241992934,True,961214,63912.0,98194.9,PRIJEM,PREVOD Z UCTU,
1124738,3841,0.5999743444651867,True,950308,4547.0,9894.0,PRIJEM,PREVOD Z UCTU,DUCHOD
48321,162,0.5999696772577194,True,931006,5188.0,10576.0,PRIJEM,PREVOD Z UCTU,DUCHOD
745094,2543,0.5999656821791819,True,981214,6148.0,85161.5,PRIJEM,PREVOD Z UCTU,DUCHOD
2267840,7485,0.599958023929784,True,931213,34198.0,76736.9,PRIJEM,PREVOD Z UCTU,
89054,300,0.5999540659428791,True,981208,6892.0,76087.6,PRIJEM,PREVOD Z UCTU,DUCHOD
1095426,3745,0.5999502043211528,True,981206,39387.0,127889.7,PRIJEM,PREVOD Z UCTU,
551017,1877,0.5999462736434772,True,940310,6485.0,20155.0,PRIJEM,PREVOD Z UCTU,DUCHOD
1149465,3932,0.59992932034967,True,961105,6957.0,28428.0,PRIJEM,PREVOD Z UCTU,DUCHOD
984370,3357,0.5999189432203202,True,950812,6741.0,7141.0,PRIJEM,PREVOD Z UCTU,DUCHOD
191357,650,0.5999183791107287,True,950310,6914.0,14928.0,PRIJEM,PREVOD Z UCTU,DUCHOD
968248,3300,0.5999101733995416,True,980214,46719.0,110662.2,PRIJEM,PREVOD Z UCTU,
1008302,3443,0.5999023353831031,True,960910,4133.0,8666.0,PRIJEM,PREVOD Z UCTU,DUCHOD
277991,951,0.5998870445311851,True,960612,4479.0,10058.0,PRIJEM,PREVOD Z UCTU,DUCHOD
170126,571,0.5998811488648169,True,960806,4883.0,5083.0,PRIJEM,PREVOD Z UCTU,DUCHOD
333809,1135,0.59987180901248,True,951106,5106.0,20924.0,PRIJEM,PREVOD Z UCTU,DUCHOD
1063124,3631,0.5998672581348974,True,951108,5224.0,16472.0,PRIJEM,PREVOD Z UCTU,DUCHOD
1004616,3429,0.5998636012910195,True,961214,6664.0,44279.5,PRIJEM,PREVOD Z UCTU,DUCHOD
181666,617,0.5998620986584954,True,961205,39108.0,84236.5,PRIJEM,PREVOD Z UCTU,
3098455,10280,0.5998497452623137,True,981214,52221.0,96885.4,PRIJEM,PREVOD Z UCTU,
886583,3022,0.5998484369058159,True,970107,4755.0,14965.0,PRIJEM,PREVOD Z UCTU,DUCHOD
43076,144,0.5998475248239808,True,971116,48271.0,123234.3,PRIJEM,VKLAD,
3110285,10320,0.599846461005261,True,931209,38960.0,79633.5,PRIJEM,PREVOD Z UCTU,
284780,978,0.5998463799029392,True,981213,6556.0,93284.2,PRIJEM,PREVOD Z UCTU,DUCHOD
1754192,5952,0.5998444977736155,True,950610,52968.0,99865.7,PRIJEM,PREVOD Z UCTU,
185547,629,0.5998385437321649,True,940910,4721.0,9942.0,PRIJEM,PREVOD Z UCTU,DUCHOD
48322,162,0.5998384747713897,True,931106,5188.0,15764.0,PRIJEM,PREVOD Z UCTU,DUCHOD
260357,892,0.5998063992959516,True,930609,6177.0,19431.0,PRIJEM,PREVOD Z UCTU,DUCHOD
386009,1312,0.5997982818435034,True,950110,5735.0,17605.0,PRIJEM,PREVOD Z UCTU,DUCHOD
701290,2400,0.5997863521982142,True,960912,4351.0,13553.0,PRIJEM,PREVOD Z UCTU,DUCHOD
693904,2373,0.5997790853409449,True,970208,4812.0,25160.0,PRIJEM,PREVOD Z UCTU,DUCHOD
1090875,3729,0.5997768077195715,True,950607,4412.0,9124.0,PRIJEM,PREVOD Z UCTU,DUCHOD
551510,1878,0.5997604223623987,True,961025,47727.0,106610.7,PRIJEM,VKLAD,
95219,324,0.599759464350772,True,961110,5279.0,16337.0,PRIJEM,PREVOD Z UCTU,DUCHOD
805689,2746,0.5997591149245798,True,960909,6556.0,7656.0,PRIJEM,PREVOD Z UCTU,DUCHOD
88991,300,0.5997510978316378,True,930908,6892.0,21076.0,PRIJEM,PREVOD Z UCTU,DUCHOD
1075639,3675,0.5997503552087757,True,970609,69148.0,109791.8,PRIJEM,PREVOD Z UCTU,
875193,2982,0.5997481442254644,True,970608,73128.0,99546.7,PRIJEM,PREVOD Z UCTU,
403585,1374,0.5997461067861404,True,980607,72966.0,108810.0,PRIJEM,PREVOD Z UCTU,
163534,546,0.5997299926812109,True,970206,4410.0,14330.0,PRIJEM,PREVOD Z UCTU,DUCHOD
867211,2952,0.5997250091784224,True,970608,4833.0,10566.0,PRIJEM,PREVOD Z UCTU,DUCHOD
1081215,3692,0.5997246651332743,True,970512,4895.0,5395.0,PRIJEM,PREVOD Z UCTU,DUCHOD
1838300,6226,0.5997144400269206,True,940607,59793.0,120489.4,PRIJEM,PREVOD Z UCTU,
66004,220,0.5997133817119409,True,930608,5271.0,10942.0,PRIJEM,PREVOD Z UCTU,DUCHOD
1614032,5481,0.5997057968365063,True,980607,54645.0,109566.2,PRIJEM,PREVOD Z UCTU,
889958,3035,0.5997006567929539,True,980611,69468.0,102425.8,PRIJEM,PREVOD Z UCTU,
1045674,3576,0.5996918620932093,True,950306,4065.0,17160.0,PRIJEM,PREVOD Z UCTU,DUCHOD
364549,1239,0.5996905928524501,True,930606,6668.0,14236.0,PRIJEM,PREVOD Z UCTU,DUCHOD
19851,67,0.5996877755691978,True,970605,62235.0,89288.5,PRIJEM,PREVOD Z UCTU,
347547,1179,0.5996837383938673,True,930407,4212.0,13336.0,PRIJEM,PREVOD Z UCTU,DUCHOD
777610,2651,0.5996837251533786,True,981212,53894.0,75042.7,PRIJEM,PREVOD Z UCTU,
1369,6,0.599683251690906,True,950111,6669.0,27576.0,PRIJEM,PREVOD Z UCTU,DUCHOD
902613,3075,0.5996763458475818,True,970714,5054.0,5454.0,PRIJEM,PREVOD Z UCTU,DUCHOD
975941,3326,0.5996683464696845,True,950228,49132.0,144950.8,PRIJEM,VKLAD,
960769,3273,0.5996615421003552,True,970609,74642.0,100487.2,PRIJEM,PREVOD Z UCTU,
349538,1187,0.5996478440367204,True,961208,6220.0,32100.0,PRIJEM,PREVOD Z UCTU,DUCHOD
1290923,4413,0.5996443612733894,True,971210,50178.0,69566.9,PRIJEM,PREVOD Z UCTU,
740443,2528,0.5996241593807826,True,930411,4236.0,5236.0,PRIJEM,PREVOD Z UCTU,DUCHOD
1131690,3868,0.5996090370936155,True,931105,5362.0,16286.0,PRIJEM,PREVOD Z UCTU,DUCHOD
35292,113,0.5996047505430141,True,960906,6417.0,13434.0,PRIJEM,PREVOD Z UCTU,DUCHOD
729437,2494,0.5995583036456038,True,960606,60236.0,90639.9,PRIJEM,PREVOD Z UCTU,
964887,3288,0.5995508132829357,True,941212,5476.0,17128.0,PRIJEM,PREVOD Z UCTU,DUCHOD
2477187,8173,0.5995452752441554,True,940605,61260.0,118547.0,PRIJEM,PREVOD Z UCTU,
572044,1947,0.5995326615131693,True,940307,6860.0,28340.0,PRIJEM,PREVOD Z UCTU,DUCHOD
983443,3355,0.5995288397971795,True,981209,5768.0,77256.5,PRIJEM,PREVOD Z UCTU,DUCHOD
1049057,3588,0.5995271869554699,True,960809,6679.0,14058.0,PRIJEM,PREVOD Z UCTU,DUCHOD
456505,1551,0.5994930514958712,True,970705,6647.0,7747.0,PRIJEM,PREVOD Z UCTU,DUCHOD
185550,629,0.5994846892545482,True,941210,4721.0,24105.0,PRIJEM,PREVOD Z UCTU,DUCHOD
321102,1098,0.5994767888891499,True,940305,5784.0,17952.0,PRIJEM,PREVOD Z UCTU,DUCHOD
983388,3355,0.5994754781848473,True,940509,5768.0,18404.0,PRIJEM,PREVOD Z UCTU,DUCHOD
3465498,3325,0.5994749328485779,True,980228,411.4,100357.2,PRIJEM,,UROK
845316,2878,0.5994700194899744,True,970706,6863.0,7563.0,PRIJEM,PREVOD Z UCTU,DUCHOD
737262,2519,0.5994698048658582,True,930407,5544.0,17132.0,PRIJEM,PREVOD Z UCTU,DUCHOD
494828,1687,0.5994432787741285,True,970609,4260.0,8720.0,PRIJEM,PREVOD Z UCTU,DUCHOD
3022524,10022,0.5994393496269647,True,970606,40884.0,41284.0,PRIJEM,PREVOD Z UCTU,
702377,2406,0.5994331087795093,True,960409,4780.0,5180.0,PRIJEM,PREVOD Z UCTU,DUCHOD
700138,2396,0.5994301380628536,True,930505,4203.0,13109.0,PRIJEM,PREVOD Z UCTU,DUCHOD
1187132,4066,0.5994251272275873,True,981210,48368.0,74891.8,PRIJEM,PREVOD Z UCTU,
1187096,4066,0.5994251272275873,True,951210,48368.0,74200.1,PRIJEM,PREVOD Z UCTU,
3062465,10152,0.5994223488378253,True,980719,23510.0,-583.9,VYBER,VYBER,
1155470,3954,0.5994182519753747,True,930811,6109.0,13218.0,PRIJEM,PREVOD Z UCTU,DUCHOD
1131689,3868,0.5994146415147334,True,931005,5362.0,10924.0,PRIJEM,PREVOD Z UCTU,DUCHOD
687471,2347,0.5994058910225833,True,961110,6498.0,20094.0,PRIJEM,PREVOD Z UCTU,DUCHOD
514223,1760,0.5993948375705414,True,960306,4871.0,20084.0,PRIJEM,PREVOD Z UCTU,DUCHOD
889946,3035,0.5993914266131324,True,970611,69468.0,99782.9,PRIJEM,PREVOD Z UCTU,
918146,3130,0.5993849701588544,True,960710,6359.0,25936.0,PRIJEM,PREVOD Z UCTU,DUCHOD
1146640,3922,0.5993839625513828,True,980114,5673.0,17919.0,PRIJEM,PREVOD Z UCTU,DUCHOD
766565,2618,0.599377395524531,True,930408,6559.0,7159.0,PRIJEM,PREVOD Z UCTU,DUCHOD
554599,1888,0.5993742395559544,True,961205,43260.0,68978.3,PRIJEM,PREVOD Z UCTU,
554611,1888,0.5993742395559544,True,971205,43260.0,69676.3,PRIJEM,PREVOD Z UCTU,
603971,2056,0.5993636949911466,True,971201,49329.0,154130.6,PRIJEM,VKLAD,
406399,1383,0.5993391470149501,True,960707,6909.0,21727.0,PRIJEM,PREVOD Z UCTU,DUCHOD
1548815,5270,0.5993297705426561,True,980614,67124.0,110171.2,PRIJEM,PREVOD Z UCTU,
402455,1371,0.5993285240969407,True,940610,4611.0,9622.0,PRIJEM,PREVOD Z UCTU,DUCHOD
385241,1309,0.5993283027393025,True,960611,59296.0,108927.2,PRIJEM,PREVOD Z UCTU,
68126,227,0.5993234257810972,True,981212,67038.0,84892.2,PRIJEM,PREVOD Z UCTU,
432329,1469,0.5992873329849876,True,960306,6228.0,19684.0,PRIJEM,PREVOD Z UCTU,DUCHOD
245804,844,0.5992847524034991,True,970606,70160.0,97557.1,PRIJEM,PREVOD Z UCTU,
1029360,3515,0.5992798302823185,True,960810,4373.0,9146.0,PRIJEM,PREVOD Z UCTU,DUCHOD
159951,536,0.5992773988769028,True,970106,5012.0,15936.0,PRIJEM,PREVOD Z UCTU,DUCHOD
1052107,3599,0.5992768796860701,True,940408,5440.0,6140.0,PRIJEM,PREVOD Z UCTU,DUCHOD
805690,2746,0.5992723120547607,True,961009,6556.0,14212.0,PRIJEM,PREVOD Z UCTU,DUCHOD
740444,2528,0.5992640008624285,True,930511,4236.0,9472.0,PRIJEM,PREVOD Z UCTU,DUCHOD
2579186,8519,0.5992606374594905,True,951212,56019.0,73297.7,PRIJEM,PREVOD Z UCTU,
1037214,3548,0.5992590627529519,True,940206,6022.0,19066.0,PRIJEM,PREVOD Z UCTU,DUCHOD
1164032,3985,0.5992457636950855,True,971106,4077.0,17208.0,PRIJEM,PREVOD Z UCTU,DUCHOD
103393,353,0.5992302681291825,True,981206,6676.0,73820.1,PRIJEM,PREVOD Z UCTU,DUCHOD
118674,398,0.5992159754365449,True,980105,4839.0,14817.0,PRIJEM,PREVOD Z UCTU,DUCHOD
1243814,4255,0.5992116566107915,True,950614,51645.0,120305.6,PRIJEM,PREVOD Z UCTU,
1244815,4259,0.5992110234987533,True,980613,66165.0,101041.7,PRIJEM,PREVOD Z UCTU,
868374,2958,0.5992105194713355,True,931013,5265.0,5665.0,PRIJEM,PREVOD Z UCTU,DUCHOD
359109,1220,0.5992093169088677,True,951007,5764.0,18192.0,PRIJEM,PREVOD Z UCTU,DUCHOD
23964,79,0.599206147454147,True,961212,4182.0,4782.0,PRIJEM,PREVOD Z UCTU,DUCHOD
729449,2494,0.5992036892989195,True,970606,60236.0,90028.7,PRIJEM,PREVOD Z UCTU,
1006828,3438,0.5991917390956841,True,970213,5506.0,12012.0,PRIJEM,PREVOD Z UCTU,DUCHOD
2857409,9455,0.5991874410230587,True,971213,56212.0,83981.8,PRIJEM,PREVOD Z UCTU,
1047894,3584,0.599165215927308,True,961208,50740.0,73351.4,PRIJEM,PREVOD Z UCTU,
1523822,5194,0.5991583272143138,True,950829,48125.0,113948.1,PRIJEM,VKLAD,
2383401,7859,0.5991414405803815,True,951213,54092.0,98784.5,PRIJEM,PREVOD Z UCTU,
831852,2833,0.5991283204291195,True,951112,4455.0,13765.0,PRIJEM,PREVOD Z UCTU,DUCHOD
766566,2618,0.5991241373199873,True,930508,6559.0,13718.0,PRIJEM,PREVOD Z UCTU,DUCHOD
1176831,4035,0.5991215722975513,True,981206,44820.0,114183.2,PRIJEM,PREVOD Z UCTU,
1004584,3429,0.5991189025911884,True,940414,6664.0,27156.0,PRIJEM,PREVOD Z UCTU,DUCHOD
13152,44,0.5991104638350301,True,930805,4200.0,13000.0,PRIJEM,PREVOD Z UCTU,DUCHOD
3136806,10411,0.5991074025216521,True,971226,45674.0,150940.8,PRIJEM,VKLAD,
566679,1930,0.5991054553460995,True,930810,6520.0,14140.0,PRIJEM,PREVOD Z UCTU,DUCHOD
519192,1773,0.5990873007232668,True,930714,4316.0,13248.0,PRIJEM,PREVOD Z UCTU,DUCHOD
150245,501,0.5990807114621746,True,981227,49224.0,126347.3,PRIJEM,VKLAD,
639933,2185,0.5990689500997151,True,950414,5266.0,16698.0,PRIJEM,PREVOD Z UCTU,DUCHOD
581088,1978,0.5990652870454851,True,980609,51303.0,97594.6,PRIJEM,PREVOD Z UCTU,
501784,1710,0.5990641304807321,True,970610,6885.0,7785.0,PRIJEM,PREVOD Z UCTU,DUCHOD
16250,55,0.599056177211816,True,960412,4629.0,9558.0,PRIJEM,PREVOD Z UCTU,DUCHOD
17053,58,0.5990470633402128,True,961208,5804.0,23816.0,PRIJEM,PREVOD Z UCTU,DUCHOD
760542,2595,0.5990397577273421,True,971114,6828.0,20784.0,PRIJEM,PREVOD Z UCTU,DUCHOD
1309157,4470,0.5990310295414989,True,981207,60854.0,97781.6,PRIJEM,PREVOD Z UCTU,
488265,1665,0.5990130183203405,True,970611,6531.0,13862.0,PRIJEM,PREVOD Z UCTU,DUCHOD
980814,3347,0.5990121217356624,True,960910,5357.0,5957.0,PRIJEM,PREVOD Z UCTU,DUCHOD
687472,2347,0.5990091568855315,True,961210,6498.0,26592.0,PRIJEM,PREVOD Z UCTU,DUCHOD
164902,552,0.5990045640429417,True,931007,5145.0,11190.0,PRIJEM,PREVOD Z UCTU,DUCHOD
875210,2982,0.5990043619819546,True,981108,48752.0,127235.7,PRIJEM,PREVOD Z UCTU,
302446,1030,0.5989971624198973,True,981210,6364.0,48356.1,PRIJEM,PREVOD Z UCTU,DUCHOD
3682341,6083,0.5989949757610776,True,970228,296.2,135384.0,PRIJEM,,UROK
2356823,7774,0.5989920097730135,True,970724,42181.0,115129.9,PRIJEM,VKLAD,
646900,2211,0.5989875908001026,True,980605,70575.0,103227.9,PRIJEM,PREVOD Z UCTU,
755342,2577,0.5989673896392362,True,950907,5941.0,12882.0,PRIJEM,PREVOD Z UCTU,DUCHOD
506839,1731,0.5989612351359421,True,930311,4758.0,9716.0,PRIJEM,PREVOD Z UCTU,DUCHOD
441663,1501,0.5989604797396778,True,961107,5813.0,17939.0,PRIJEM,PREVOD Z UCTU,DUCHOD
470271,1602,0.5989529437408838,True,931007,4944.0,5544.0,PRIJEM,PREVOD Z UCTU,DUCHOD
2967185,9828,0.5989492126033158,True,971205,47472.0,80464.5,PRIJEM,PREVOD Z UCTU,
135868,456,0.598947520119924,True,970610,71746.0,114088.7,PRIJEM,PREVOD Z UCTU,
1053417,3604,0.598940955874045,True,940307,6945.0,21335.0,PRIJEM,PREVOD Z UCTU,DUCHOD
442049,1503,0.5989373830744561,True,960609,4757.0,9814.0,PRIJEM,PREVOD Z UCTU,DUCHOD
845319,2878,0.5989337962406281,True,971006,6863.0,28152.0,PRIJEM,PREVOD Z UCTU,DUCHOD
1838312,6226,0.598933527675761,True,950607,59793.0,114806.6,PRIJEM,PREVOD Z UCTU,
893234,3045,0.5989311606906436,True,951105,6079.0,30695.0,PRIJEM,PREVOD Z UCTU,DUCHOD
888845,3032,0.5989299059657579,True,930905,6605.0,20115.0,PRIJEM,PREVOD Z UCTU,DUCHOD
13906,47,0.5989291523260921,True,941211,52886.0,86342.5,PRIJEM,PREVOD Z UCTU,
883075,3008,0.5989018376315028,True,981206,6934.0,70437.8,PRIJEM,PREVOD Z UCTU,DUCHOD
609764,2076,0.5989006451970965,True,961212,6179.0,19337.0,PRIJEM,PREVOD Z UCTU,DUCHOD
870500,2965,0.598892116056482,True,960105,5617.0,17751.0,PRIJEM,PREVOD Z UCTU,DUCHOD
1166079,3996,0.5988807782367106,True,970709,6646.0,7746.0,PRIJEM,PREVOD Z UCTU,DUCHOD
292101,1000,0.5988689596985721,True,961207,47022.0,90428.1,PRIJEM,PREVOD Z UCTU,
1290887,4413,0.5988635401746001,True,941210,50178.0,66185.9,PRIJEM,PREVOD Z UCTU,
293995,1005,0.598856667129418,True,951209,51724.0,79420.7,PRIJEM,PREVOD Z UCTU,
3419755,11349,0.5988560563601282,True,980608,62982.0,96213.2,PRIJEM,PREVOD Z UCTU,
702378,2406,0.5988481979949868,True,960509,4780.0,9960.0,PRIJEM,PREVOD Z UCTU,DUCHOD
409311,1394,0.5988364871972899,True,981112,6341.0,66618.6,PRIJEM,PREVOD Z UCTU,DUCHOD
357368,1212,0.5988315551153102,True,960505,6896.0,35380.0,PRIJEM,PREVOD Z UCTU,DUCHOD
120067,403,0.5988310713571818,True,931014,5563.0,17289.0,PRIJEM,PREVOD Z UCTU,DUCHOD
244942,841,0.5988296042874421,True,931107,5772.0,6572.0,PRIJEM,PREVOD Z UCTU,DUCHOD
2501930,8260,0.5988284965514513,True,970608,56152.0,125487.8,PRIJEM,PREVOD Z UCTU,
218523,743,0.5988142415770977,True,931106,4440.0,4940.0,PRIJEM,PREVOD Z UCTU,DUCHOD
273469,937,0.5987949106479128,True,951010,4435.0,9770.0,PRIJEM,PREVOD Z UCTU,DUCHOD
294013,1005,0.5987921139109715,True,970609,51724.0,130158.1,PRIJEM,PREVOD Z UCTU,
87452,292,0.5987847958778284,True,970411,4696.0,9792.0,PRIJEM,PREVOD Z UCTU,DUCHOD
826068,2814,0.5987464237099154,True,930613,4544.0,9588.0,PRIJEM,PREVOD Z UCTU,DUCHOD
985887,3363,0.5987303349382954,True,950813,4412.0,9924.0,PRIJEM,PREVOD Z UCTU,DUCHOD
1064885,3638,0.5987298424214546,True,971208,50922.0,91516.7,PRIJEM,PREVOD Z UCTU,
260423,892,0.5987226229318666,True,981209,6177.0,54944.9,PRIJEM,PREVOD Z UCTU,DUCHOD
234045,797,0.5987223572667582,True,971205,51394.0,95389.4,PRIJEM,PREVOD Z UCTU,
1142611,3908,0.5987183138277424,True,970313,4810.0,10320.0,PRIJEM,PREVOD Z UCTU,DUCHOD
630421,2152,0.598709260730931,True,980106,4880.0,15740.0,PRIJEM,PREVOD Z UCTU,DUCHOD
584292,1989,0.5987083498257944,True,941008,4220.0,4420.0,PRIJEM,PREVOD Z UCTU,DUCHOD
259626,889,0.5987049221407506,True,980105,4976.0,5276.0,PRIJEM,PREVOD Z UCTU,DUCHOD
682102,2328,0.5987013591588509,True,950913,6765.0,21295.0,PRIJEM,PREVOD Z UCTU,DUCHOD
846689,2883,0.5987007914986441,True,970813,5237.0,10674.0,PRIJEM,PREVOD Z UCTU,DUCHOD
49662,166,0.5987002633439784,True,960909,4566.0,5366.0,PRIJEM,PREVOD Z UCTU,DUCHOD
743219,2538,0.5986963232518246,True,940313,6379.0,12958.0,PRIJEM,PREVOD Z UCTU,DUCHOD
473998,1614,0.5986791327379548,True,981208,37806.0,109424.5,PRIJEM,PREVOD Z UCTU,
135874,456,0.5986712911186675,True,971210,71746.0,106738.8,PRIJEM,PREVOD Z UCTU,
1149900,3934,0.598667917383119,True,980506,6362.0,32510.0,PRIJEM,PREVOD Z UCTU,DUCHOD
370901,1262,0.5986655055209165,True,970311,6747.0,13894.0,PRIJEM,PREVOD Z UCTU,DUCHOD
612215,2086,0.5986573226240818,True,980608,69298.0,133070.0,PRIJEM,PREVOD Z UCTU,
575176,1959,0.5986537615336084,True,940405,6830.0,27920.0,PRIJEM,PREVOD Z UCTU,DUCHOD
862422,2937,0.598649518814157,True,970413,4845.0,10490.0,PRIJEM,PREVOD Z UCTU,DUCHOD
651021,2225,0.5986282503664924,True,960408,4272.0,13816.0,PRIJEM,PREVOD Z UCTU,DUCHOD
88992,300,0.5986266439279956,True,931008,6892.0,27968.0,PRIJEM,PREVOD Z UCTU,DUCHOD
3145138,10439,0.5986261634844514,True,941208,56835.0,70444.0,PRIJEM,PREVOD Z UCTU,
2868184,9491,0.5986245722707239,True,970613,65738.0,99876.3,PRIJEM,PREVOD Z UCTU,
914077,3115,0.5986174205437251,True,961208,48180.0,76107.1,PRIJEM,PREVOD Z UCTU,
701292,2400,0.5986141187748355,True,961112,4351.0,22255.0,PRIJEM,PREVOD Z UCTU,DUCHOD
508658,1740,0.5986140363118693,True,970810,4070.0,20950.0,PRIJEM,PREVOD Z UCTU,DUCHOD
677532,2315,0.5986098284642499,True,940510,4439.0,14217.0,PRIJEM,PREVOD Z UCTU,DUCHOD
470274,1602,0.5986089187559792,True,940107,4944.0,20376.0,PRIJEM,PREVOD Z UCTU,DUCHOD
1143350,3910,0.5986062235912147,True,970307,4506.0,10012.0,PRIJEM,PREVOD Z UCTU,DUCHOD
1004021,3426,0.5985967662586645,True,961211,38198.0,88440.2,PRIJEM,PREVOD Z UCTU,
221132,751,0.5985934625976649,True,930806,4350.0,13950.0,PRIJEM,PREVOD Z UCTU,DUCHOD
1113474,3804,0.5985870683286756,True,971207,47436.0,77921.6,PRIJEM,PREVOD Z UCTU,
513431,1757,0.5985843537142584,True,950608,66152.0,119046.5,PRIJEM,PREVOD Z UCTU,
980330,3345,0.5985752890751193,True,980606,4281.0,860.5,PRIJEM,PREVOD Z UCTU,DUCHOD
310158,1057,0.5985719967564114,True,930913,4636.0,5636.0,PRIJEM,PREVOD Z UCTU,DUCHOD
53933,180,0.5985653797945899,True,981209,34892.0,116418.4,PRIJEM,PREVOD Z UCTU,
272960,934,0.5985615287637209,True,980214,6025.0,18375.0,PRIJEM,PREVOD Z UCTU,DUCHOD
331106,1128,0.5985479299158938,True,940407,6189.0,31345.0,PRIJEM,PREVOD Z UCTU,DUCHOD
254881,875,0.598543085362455,True,950806,6607.0,20121.0,PRIJEM,PREVOD Z UCTU,DUCHOD
1040374,3558,0.5985335259982475,True,940612,65614.0,99560.5,PRIJEM,PREVOD Z UCTU,
274212,940,0.5985299258053005,True,980611,56756.0,114278.8,PRIJEM,PREVOD Z UCTU,
2967149,9828,0.5985293647904464,True,941205,47472.0,74692.2,PRIJEM,PREVOD Z UCTU,
95217,324,0.5985249376875253,True,960910,5279.0,5779.0,PRIJEM,PREVOD Z UCTU,DUCHOD
3035465,10063,0.5985170511551923,True,980606,58353.0,80583.6,PRIJEM,PREVOD Z UCTU,
1100392,3759,0.5985074074757409,True,940414,4930.0,20320.0,PRIJEM,PREVOD Z UCTU,DUCHOD
698707,2390,0.5985071672209913,True,970228,40619.0,118454.2,PRIJEM,VKLAD,
1387124,4727,0.598505336331879,True,960605,53613.0,95048.1,PRIJEM,PREVOD Z UCTU,
206771,702,0.598502564217502,True,930807,4220.0,9240.0,PRIJEM,PREVOD Z UCTU,DUCHOD
1736619,5891,0.5984964140428833,True,931212,48891.0,81311.4,PRIJEM,PREVOD Z UCTU,
164901,552,0.5984893465796965,True,930907,5145.0,6045.0,PRIJEM,PREVOD Z UCTU,DUCHOD
894554,3050,0.5984786868035624,True,970608,62168.0,101473.9,PRIJEM,PREVOD Z UCTU,
1244,5,0.5984753602298958,True,970713,5017.0,10634.0,PRIJEM,PREVOD Z UCTU,DUCHOD
224346,764,0.5984721730181419,True,930405,6238.0,19814.0,PRIJEM,PREVOD Z UCTU,DUCHOD
755579,2578,0.5984604682161024,True,960812,4269.0,22445.0,PRIJEM,PREVOD Z UCTU,DUCHOD
302413,1030,0.5984596587928772,True,960310,6364.0,26556.0,PRIJEM,PREVOD Z UCTU,DUCHOD
950651,3241,0.5984534020105899,True,931012,6282.0,19046.0,PRIJEM,PREVOD Z UCTU,DUCHOD
1602564,5442,0.5984403448640067,True,981031,48155.0,122938.6,PRIJEM,VKLAD,
49665,166,0.5984360780650988,True,961209,4566.0,19064.0,PRIJEM,PREVOD Z UCTU,DUCHOD
529775,1806,0.5984332936134191,True,930305,5029.0,10458.0,PRIJEM,PREVOD Z UCTU,DUCHOD
75748,252,0.5984220289996026,True,970306,5798.0,18394.0,PRIJEM,PREVOD Z UCTU,DUCHOD
2912587,9645,0.5984217539197949,True,981208,52322.0,76973.5,PRIJEM,PREVOD Z UCTU,
192639,654,0.5984162468032693,True,950111,6092.0,18476.0,PRIJEM,PREVOD Z UCTU,DUCHOD
914101,3115,0.5984149466160764,True,981208,48180.0,74449.2,PRIJEM,PREVOD Z UCTU,
914089,3115,0.5984149466160764,True,971208,48180.0,74653.5,PRIJEM,PREVOD Z UCTU,
1124739,3841,0.5984131451130181,True,950408,4547.0,14441.0,PRIJEM,PREVOD Z UCTU,DUCHOD
1143349,3910,0.5984121162316701,True,970207,4506.0,5506.0,PRIJEM,PREVOD Z UCTU,DUCHOD
914522,3117,0.5984056056127466,True,930413,5355.0,11610.0,PRIJEM,PREVOD Z UCTU,DUCHOD
613486,2090,0.598399614387886,True,970209,5299.0,16897.0,PRIJEM,PREVOD Z UCTU,DUCHOD
931562,3176,0.5983959181267788,True,970507,4595.0,9790.0,PRIJEM,PREVOD Z UCTU,DUCHOD
868376,2958,0.5983948443805784,True,931213,5265.0,16195.0,PRIJEM,PREVOD Z UCTU,DUCHOD
742717,2536,0.5983745767818,True,950108,6234.0,19202.0,PRIJEM,PREVOD Z UCTU,DUCHOD
939059,3205,0.5983744555221069,True,960312,4366.0,13798.0,PRIJEM,PREVOD Z UCTU,DUCHOD
1548752,5270,0.5983667962169193,True,930314,44749.0,125825.7,PRIJEM,PREVOD Z UCTU,
1023632,3494,0.5983530984901416,True,961105,6027.0,25008.0,PRIJEM,PREVOD Z UCTU,DUCHOD
974981,3322,0.5983528625674249,True,960516,48084.0,129743.1,PRIJEM,VKLAD,
647861,2215,0.5983503615131256,True,980108,6690.0,21070.0,PRIJEM,PREVOD Z UCTU,DUCHOD
41349,136,0.5983456664241835,True,960711,6378.0,13356.0,PRIJEM,PREVOD Z UCTU,DUCHOD
772017,2635,0.5983404778552006,True,981207,45087.0,113376.2,PRIJEM,PREVOD Z UCTU,
181262,616,0.5983399901512313,True,940110,6846.0,21638.0,PRIJEM,PREVOD Z UCTU,DUCHOD
898290,3062,0.5983395924537758,True,971010,4467.0,9334.0,PRIJEM,PREVOD Z UCTU,DUCHOD
1131691,3868,0.5983318482458397,True,931205,5362.0,21648.0,PRIJEM,PREVOD Z UCTU,DUCHOD
1290935,4413,0.59833098189065,True,981210,50178.0,64149.5,PRIJEM,PREVOD Z UCTU,
1613990,5481,0.5983309114171727,True,941207,54645.0,84396.8,PRIJEM,PREVOD Z UCTU,
84613,283,0.5983287765224787,True,960613,4839.0,10478.0,PRIJEM,PREVOD Z UCTU,DUCHOD
1290899,4413,0.5983254219250033,True,951210,50178.0,71681.4,PRIJEM,PREVOD Z UCTU,
576552,1964,0.5983241663863401,True,960409,6547.0,14194.0,PRIJEM,PREVOD Z UCTU,DUCHOD
1747426,5927,0.598317502831657,True,980829,21429.0,3262.2,VYBER,VYBER,
1453813,4949,0.5983137224133748,True,961208,54358.0,85374.3,PRIJEM,PREVOD Z UCTU,
503609,1718,0.598311278972451,True,980613,65892.0,108779.2,PRIJEM,PREVOD Z UCTU,
404184,1376,0.5983034089537566,True,951008,4097.0,4797.0,PRIJEM,PREVOD Z UCTU,DUCHOD
163799,548,0.5982990379852281,True,940608,6444.0,6644.0,PRIJEM,PREVOD Z UCTU,DUCHOD
1052108,3599,0.5982919810911292,True,940508,5440.0,11580.0,PRIJEM,PREVOD Z UCTU,DUCHOD
453878,1542,0.5982900642968271,True,960608,6984.0,14968.0,PRIJEM,PREVOD Z UCTU,DUCHOD
743543,2539,0.5982833686241077,True,970705,6160.0,18980.0,PRIJEM,PREVOD Z UCTU,DUCHOD
2780008,9201,0.5982692071359353,True,980607,64503.0,95722.5,PRIJEM,PREVOD Z UCTU,
947325,3229,0.5982671259764516,True,980831,49845.0,141937.9,PRIJEM,VKLAD,
755576,2578,0.5982498492394487,True,960512,4269.0,9638.0,PRIJEM,PREVOD Z UCTU,DUCHOD
231537,788,0.598247017229509,True,960714,5473.0,6373.0,PRIJEM,PREVOD Z UCTU,DUCHOD
1104763,3775,0.5982369600993966,True,930812,6136.0,12572.0,PRIJEM,PREVOD Z UCTU,DUCHOD
877410,2989,0.5982343955507693,True,940207,5093.0,15879.0,PRIJEM,PREVOD Z UCTU,DUCHOD
947997,3231,0.5982288858941157,True,950612,5575.0,11950.0,PRIJEM,PREVOD Z UCTU,DUCHOD
2655679,8784,0.598224845987106,True,980610,55186.0,90567.3,PRIJEM,PREVOD Z UCTU,
320219,1094,0.5982163720910378,True,960907,6023.0,13046.0,PRIJEM,PREVOD Z UCTU,DUCHOD
3018876,10005,0.5982134854986877,True,981208,52688.0,76119.2,PRIJEM,PREVOD Z UCTU,
842762,2868,0.5982119276807066,True,940806,4960.0,10720.0,PRIJEM,PREVOD Z UCTU,DUCHOD
1100391,3759,0.5982005408356788,True,940314,4930.0,15390.0,PRIJEM,PREVOD Z UCTU,DUCHOD
3324329,11042,0.598185895281464,True,960605,54286.0,86764.6,PRIJEM,PREVOD Z UCTU,
438882,1492,0.5981842243851044,True,970111,4733.0,14999.0,PRIJEM,PREVOD Z UCTU,DUCHOD
1163862,3984,0.5981698717934596,True,970414,4041.0,16664.0,PRIJEM,PREVOD Z UCTU,DUCHOD
522114,1782,0.5981581885309809,True,930910,6542.0,26868.0,PRIJEM,PREVOD Z UCTU,DUCHOD
359514,1222,0.5981421651121155,True,930312,6310.0,13320.0,PRIJEM,PREVOD Z UCTU,DUCHOD
666748,2276,0.5981370832728495,True,940212,4794.0,19576.0,PRIJEM,PREVOD Z UCTU,DUCHOD
164903,552,0.5981326780056027,True,931107,5145.0,16335.0,PRIJEM,PREVOD Z UCTU,DUCHOD
568957,1937,0.5981304044417443,True,930712,4896.0,10892.0,PRIJEM,PREVOD Z UCTU,DUCHOD
3422913,11359,0.59812093963847,True,981214,40521.0,78817.8,PRIJEM,PREVOD Z UCTU,
42908,143,0.5981173016410474,True,970208,4924.0,15272.0,PRIJEM,PREVOD Z UCTU,DUCHOD
18797,63,0.5981090453868928,True,970212,5024.0,15672.0,PRIJEM,PREVOD Z UCTU,DUCHOD
420552,1426,0.5981082719960799,True,960208,4022.0,16288.0,PRIJEM,PREVOD Z UCTU,DUCHOD
49663,166,0.5981058353644312,True,961009,4566.0,9932.0,PRIJEM,PREVOD Z UCTU,DUCHOD
745093,2543,0.598103649945153,True,981114,6148.0,84433.9,PRIJEM,PREVOD Z UCTU,DUCHOD
565162,1924,0.5980998313642537,True,960814,5266.0,16098.0,PRIJEM,PREVOD Z UCTU,DUCHOD
245780,844,0.5980910246227114,True,950606,70160.0,97087.7,PRIJEM,PREVOD Z UCTU,
467792,1592,0.5980778454926277,True,981113,4604.0,83232.9,PRIJEM,PREVOD Z UCTU,DUCHOD
523022,1785,0.5980727778675092,True,970214,4892.0,20668.0,PRIJEM,PREVOD Z UCTU,DUCHOD
3022530,10022,0.5980711850245053,True,971206,40884.0,81063.2,PRIJEM,PREVOD Z UCTU,
90231,305,0.5980657986951834,True,970305,4430.0,22350.0,PRIJEM,PREVOD Z UCTU,DUCHOD
288075,988,0.5980644087168795,True,950214,6832.0,27728.0,PRIJEM,PREVOD Z UCTU,DUCHOD
1387136,4727,0.5980621348676443,True,970605,53613.0,97286.6,PRIJEM,PREVOD Z UCTU,
1014792,3469,0.5980612301276012,True,930713,5822.0,12444.0,PRIJEM,PREVOD Z UCTU,DUCHOD
978166,3336,0.5980600251797712,True,941006,5692.0,6592.0,PRIJEM,PREVOD Z UCTU,DUCHOD
89053,300,0.5980556941314837,True,981108,6892.0,76941.7,PRIJEM,PREVOD Z UCTU,DUCHOD
170130,571,0.5980368093121265,True,961206,4883.0,24615.0,PRIJEM,PREVOD Z UCTU,DUCHOD
711476,2433,0.5980265499497839,True,930605,4718.0,19372.0,PRIJEM,PREVOD Z UCTU,DUCHOD
576034,1962,0.5980209114263438,True,970613,69710.0,104659.1,PRIJEM,PREVOD Z UCTU,
2477199,8173,0.5980205993873384,True,950605,61260.0,85012.4,PRIJEM,PREVOD Z UCTU,
2501888,8260,0.5980154755820348,True,931208,56152.0,105676.4,PRIJEM,PREVOD Z UCTU,
692097,2365,0.5980058237133888,True,941105,5113.0,5613.0,PRIJEM,PREVOD Z UCTU,DUCHOD
457757,1556,0.5979989055769612,True,970207,5955.0,30375.0,PRIJEM,PREVOD Z UCTU,DUCHOD
2079505,7049,0.5979964294727249,True,971105,49519.0,50119.0,PRIJEM,PREVOD Z UCTU,
713635,2439,0.5979920225285462,True,961211,6457.0,26328.0,PRIJEM,PREVOD Z UCTU,DUCHOD
293971,1005,0.5979841103548733,True,931209,51724.0,90904.9,PRIJEM,PREVOD Z UCTU,
788961,2690,0.5979820200884665,True,970606,6632.0,20496.0,PRIJEM,PREVOD Z UCTU,DUCHOD
2292532,7562,0.5979799944906243,True,980607,58052.0,109509.4,PRIJEM,PREVOD Z UCTU,
678028,2317,0.5979713025538843,True,971005,5293.0,10886.0,PRIJEM,PREVOD Z UCTU,DUCHOD
469714,1600,0.5979686914621721,True,970105,6757.0,27628.0,PRIJEM,PREVOD Z UCTU,DUCHOD
13942,47,0.5979650101043743,True,971211,52886.0,80673.8,PRIJEM,PREVOD Z UCTU,
164441,550,0.5979640526731225,True,980108,5880.0,17840.0,PRIJEM,PREVOD Z UCTU,DUCHOD
1699148,5758,0.5979484123823657,True,981208,51306.0,61289.0,PRIJEM,PREVOD Z UCTU,
110609,374,0.5979483719712609,True,930928,20150.0,8468.8,VYBER,VYBER,
1107334,3782,0.5979475768805921,True,981214,42783.0,84650.6,PRIJEM,PREVOD Z UCTU,
980279,3345,0.5979475565566044,True,940306,4281.0,13443.0,PRIJEM,PREVOD Z UCTU,DUCHOD
2120038,7180,0.5979438017045905,True,981209,37408.0,96939.7,PRIJEM,PREVOD Z UCTU,
35464,114,0.5979416427708187,True,970611,4234.0,13202.0,PRIJEM,PREVOD Z UCTU,DUCHOD
693902,2373,0.5979371357829389,True,961208,4812.0,15536.0,PRIJEM,PREVOD Z UCTU,DUCHOD
313084,1069,0.5979361790404594,True,931213,4621.0,23805.0,PRIJEM,PREVOD Z UCTU,DUCHOD
2730565,9034,0.5979345632467796,True,971214,32706.0,78747.9,PRIJEM,PREVOD Z UCTU,
143482,481,0.5979340924408029,True,981213,6633.0,60762.8,PRIJEM,PREVOD Z UCTU,DUCHOD
808479,2755,0.5979267811148902,True,950406,5651.0,17353.0,PRIJEM,PREVOD Z UCTU,DUCHOD
763028,2606,0.5979194231736537,True,941005,4499.0,14597.0,PRIJEM,PREVOD Z UCTU,DUCHOD
243074,833,0.5979128448255855,True,961007,5614.0,12128.0,PRIJEM,PREVOD Z UCTU,DUCHOD
733052,2505,0.5979063429369998,True,960813,4431.0,13493.0,PRIJEM,PREVOD Z UCTU,DUCHOD
3461395,2109,0.5979027765723123,True,981231,407.3,103989.4,PRIJEM,,UROK
375184,1277,0.5979019614358159,True,930809,6248.0,13496.0,PRIJEM,PREVOD Z UCTU,DUCHOD
164904,552,0.5978925062794836,True,931207,5145.0,21480.0,PRIJEM,PREVOD Z UCTU,DUCHOD
1730596,5868,0.5978784748293654,True,941216,22763.0,-919.6,VYBER,VYBER,
3442662,1518,0.5978756465786509,True,981231,448.0,114544.4,PRIJEM,,UROK
1383954,4715,0.597864549650799,True,980609,68788.0,102602.9,PRIJEM,PREVOD Z UCTU,
327115,1117,0.5978638109425584,True,970109,5370.0,27250.0,PRIJEM,PREVOD Z UCTU,DUCHOD
173149,581,0.5978578000357085,True,970207,4890.0,20060.0,PRIJEM,PREVOD Z UCTU,DUCHOD
798619,2722,0.5978567635254082,True,970907,5820.0,12140.0,PRIJEM,PREVOD Z UCTU,DUCHOD
755345,2577,0.5978549115432575,True,951207,5941.0,30705.0,PRIJEM,PREVOD Z UCTU,DUCHOD
887595,3027,0.5978387171282445,True,960714,4479.0,14437.0,PRIJEM,PREVOD Z UCTU,DUCHOD
1747418,5927,0.5978193950743554,True,971219,20101.0,-2570.1,VYBER,VYBER,
951854,3245,0.5978132619083628,True,971010,6731.0,27924.0,PRIJEM,PREVOD Z UCTU,DUCHOD
745024,2543,0.5978126512912878,True,930214,6148.0,7248.0,PRIJEM,PREVOD Z UCTU,DUCHOD
129505,435,0.597796753832895,True,930307,5039.0,10478.0,PRIJEM,PREVOD Z UCTU,DUCHOD
1081216,3692,0.5977868996340104,True,970612,4895.0,10290.0,PRIJEM,PREVOD Z UCTU,DUCHOD
1133962,3875,0.5977815088634774,True,981208,57723.0,105175.4,PRIJEM,PREVOD Z UCTU,
538291,1831,0.597779833986186,True,931011,6480.0,7080.0,PRIJEM,PREVOD Z UCTU,DUCHOD
1088699,3720,0.5977655067283872,True,931014,5657.0,17771.0,PRIJEM,PREVOD Z UCTU,DUCHOD
13918,47,0.5977627568453858,True,951211,52886.0,76722.8,PRIJEM,PREVOD Z UCTU,
17051,58,0.5977580485582898,True,961008,5804.0,12208.0,PRIJEM,PREVOD Z UCTU,DUCHOD
817344,2784,0.5977565729277311,True,971113,6778.0,7078.0,PRIJEM,PREVOD Z UCTU,DUCHOD
1127676,3852,0.5977539373015947,True,971005,5046.0,5246.0,PRIJEM,PREVOD Z UCTU,DUCHOD
831853,2833,0.5977427776365869,True,951212,4455.0,18220.0,PRIJEM,PREVOD Z UCTU,DUCHOD
1075615,3675,0.5977394292087814,True,950609,69148.0,102837.6,PRIJEM,PREVOD Z UCTU,
448302,1524,0.5977367172366896,True,970313,4222.0,5322.0,PRIJEM,PREVOD Z UCTU,DUCHOD
290662,996,0.5977353893362478,True,971006,6404.0,13908.0,PRIJEM,PREVOD Z UCTU,DUCHOD
3553917,712,0.5977343298326336,True,970228,369.5,120237.8,PRIJEM,,UROK
575766,1961,0.5977267954916017,True,951214,5764.0,23856.0,PRIJEM,PREVOD Z UCTU,DUCHOD
259437,888,0.5977256692049795,True,970108,6107.0,19121.0,PRIJEM,PREVOD Z UCTU,DUCHOD
1309121,4470,0.5977246014117764,True,951207,60854.0,99313.6,PRIJEM,PREVOD Z UCTU,
922420,3144,0.5977158609217939,True,960507,6085.0,12970.0,PRIJEM,PREVOD Z UCTU,DUCHOD
733700,2508,0.5977094784314202,True,930606,4271.0,13513.0,PRIJEM,PREVOD Z UCTU,DUCHOD
373538,1272,0.5977022344303058,True,941030,22257.0,-492.8,VYBER,VYBER,
3213160,10663,0.5977006915104474,True,940308,43339.0,124900.7,PRIJEM,PREVOD Z UCTU,
822961,2803,0.597689468383719,True,960127,44318.0,119143.1,PRIJEM,VKLAD,
843479,2871,0.597673153468107,True,960110,6683.0,20649.0,PRIJEM,PREVOD Z UCTU,DUCHOD
41906,139,0.5976693113237982,True,971213,49167.0,88777.8,PRIJEM,PREVOD Z UCTU,
980815,3347,0.5976576426732333,True,961010,5357.0,11314.0,PRIJEM,PREVOD Z UCTU,DUCHOD
1156932,3959,0.5976531070247808,True,981105,23440.0,49.6,VYBER,VYBER,
75749,252,0.5976525426917575,True,970406,5798.0,24192.0,PRIJEM,PREVOD Z UCTU,DUCHOD
221879,754,0.5976380290918183,True,950905,6248.0,19544.0,PRIJEM,PREVOD Z UCTU,DUCHOD
2967197,9828,0.5976340795027402,True,981205,47472.0,77168.3,PRIJEM,PREVOD Z UCTU,
134269,450,0.5976172175147603,True,960712,4393.0,9886.0,PRIJEM,PREVOD Z UCTU,DUCHOD
555890,1892,0.5976128080348028,True,930909,4622.0,10144.0,PRIJEM,PREVOD Z UCTU,DUCHOD
427038,1451,0.5976109064867421,True,930813,6490.0,13980.0,PRIJEM,PREVOD Z UCTU,DUCHOD
2501942,8260,0.5975968306397494,True,980608,56152.0,125401.7,PRIJEM,PREVOD Z UCTU,
926003,3157,0.5975946784453958,True,930911,6273.0,6673.0,PRIJEM,PREVOD Z UCTU,DUCHOD
3213187,10663,0.5975912779350596,True,960608,65008.0,97767.5,PRIJEM,PREVOD Z UCTU,
469896,1601,0.5975783661064263,True,930507,4042.0,12626.0,PRIJEM,PREVOD Z UCTU,DUCHOD
292065,1000,0.5975766377237969,True,931207,47022.0,91174.2,PRIJEM,PREVOD Z UCTU,
195885,664,0.5975494712634696,True,970507,6559.0,32995.0,PRIJEM,PREVOD Z UCTU,DUCHOD
251299,862,0.5975434718960205,True,980608,66500.0,108164.5,PRIJEM,PREVOD Z UCTU,
446732,1517,0.5975405678955382,True,961108,4569.0,14407.0,PRIJEM,PREVOD Z UCTU,DUCHOD
648695,2218,0.5975337897656977,True,950605,61557.0,99227.1,PRIJEM,PREVOD Z UCTU,
234051,797,0.597531628494466,True,980605,51394.0,107581.0,PRIJEM,PREVOD Z UCTU,
59354,198,0.5975310781475689,True,940213,4299.0,18096.0,PRIJEM,PREVOD Z UCTU,DUCHOD
484806,1652,0.5975270130783723,True,930713,6226.0,12752.0,PRIJEM,PREVOD Z UCTU,DUCHOD
531331,1811,0.5975269905149097,True,931214,35918.0,69748.2,PRIJEM,PREVOD Z UCTU,
1139804,3896,0.5975243384964893,True,961210,50620.0,86119.1,PRIJEM,PREVOD Z UCTU,
433642,1474,0.5975231920855549,True,970206,4043.0,21115.0,PRIJEM,PREVOD Z UCTU,DUCHOD
488390,1666,0.5974961114881823,True,940210,6157.0,25128.0,PRIJEM,PREVOD Z UCTU,DUCHOD
302445,1030,0.5974945615377008,True,981110,6364.0,50026.3,PRIJEM,PREVOD Z UCTU,DUCHOD
1037573,3549,0.5974865280716473,True,960907,4898.0,5498.0,PRIJEM,PREVOD Z UCTU,DUCHOD
831851,2833,0.5974792206179984,True,951012,4455.0,9310.0,PRIJEM,PREVOD Z UCTU,DUCHOD
848235,2889,0.5974616504556692,True,961206,56037.0,76865.7,PRIJEM,PREVOD Z UCTU,
1086296,3712,0.5974573225844041,True,950210,6074.0,31270.0,PRIJEM,PREVOD Z UCTU,DUCHOD
2579210,8519,0.5974547998800549,True,971212,56019.0,66939.7,PRIJEM,PREVOD Z UCTU,
871218,2968,0.5974475722521259,True,981212,53322.0,81754.8,PRIJEM,PREVOD Z UCTU,
969588,3305,0.5974443579195862,True,951214,6684.0,7284.0,PRIJEM,PREVOD Z UCTU,DUCHOD
66606,222,0.5974398458208562,True,941210,51614.0,101814.2,PRIJEM,PREVOD Z UCTU,
952657,3248,0.5974334043604893,True,960711,4965.0,10830.0,PRIJEM,PREVOD Z UCTU,DUCHOD
1344984,4596,0.59743021962735,True,981129,22565.0,18366.1,VYBER,VYBER,
713633,2439,0.5974201867799045,True,961011,6457.0,13414.0,PRIJEM,PREVOD Z UCTU,DUCHOD
896964,3056,0.5974168000064285,True,940312,4352.0,14156.0,PRIJEM,PREVOD Z UCTU,DUCHOD
1243820,4255,0.5974166110122783,True,951214,51645.0,78816.4,PRIJEM,PREVOD Z UCTU,
323819,1106,0.5974027373561303,True,980828,17326.0,-10955.2,VYBER,VYBER,
656610,2244,0.5974001949045437,True,970105,6888.0,42570.7,PRIJEM,PREVOD Z UCTU,DUCHOD
506522,1730,0.597377276330224,True,981206,6689.0,72615.9,PRIJEM,PREVOD Z UCTU,DUCHOD
1244803,4259,0.597371794090123,True,970613,66165.0,98373.9,PRIJEM,PREVOD Z UCTU,
488387,1666,0.5973687692107648,True,931110,6157.0,6657.0,PRIJEM,PREVOD Z UCTU,DUCHOD
838558,2855,0.597366249738037,True,960111,4189.0,21345.0,PRIJEM,PREVOD Z UCTU,DUCHOD
1855387,6281,0.5973427343021633,True,941206,18663.0,4329.6,VYBER,VYBER,
896965,3056,0.597336497595387,True,940412,4352.0,18508.0,PRIJEM,PREVOD Z UCTU,DUCHOD
188085,636,0.5973350061656465,True,970607,4584.0,10168.0,PRIJEM,PREVOD Z UCTU,DUCHOD
1140304,3898,0.5973306132560201,True,981107,6915.0,81693.6,PRIJEM,PREVOD Z UCTU,DUCHOD
1365817,4660,0.597328538492436,True,971210,47220.0,77677.9,PRIJEM,PREVOD Z UCTU,
586160,1995,0.5973120503873963,True,971208,5508.0,28140.0,PRIJEM,PREVOD Z UCTU,DUCHOD
883010,3008,0.5973062005628732,True,930706,6934.0,34870.0,PRIJEM,PREVOD Z UCTU,DUCHOD
1015177,3470,0.5972886859485124,True,970409,5427.0,16981.0,PRIJEM,PREVOD Z UCTU,DUCHOD
1132734,3871,0.5972781394864812,True,981206,4356.0,61655.1,PRIJEM,PREVOD Z UCTU,DUCHOD
209770,712,0.597271639887858,True,970219,49176.0,147868.3,PRIJEM,VKLAD,
1008303,3443,0.5972692499426041,True,961010,4133.0,12799.0,PRIJEM,PREVOD Z UCTU,DUCHOD
261065,894,0.5972689047977783,True,950914,6676.0,7476.0,PRIJEM,PREVOD Z UCTU,DUCHOD
2610620,8625,0.5972652153670636,True,960128,45660.0,160544.0,PRIJEM,VKLAD,
815184,2776,0.5972548031198548,True,971207,4760.0,19540.0,PRIJEM,PREVOD Z UCTU,DUCHOD
827237,2818,0.5972316852892323,True,970608,61533.0,104841.3,PRIJEM,PREVOD Z UCTU,
1045675,3576,0.5972306927411204,True,950406,4065.0,21225.0,PRIJEM,PREVOD Z UCTU,DUCHOD
746043,2546,0.5972301232702666,True,950130,38967.0,109817.1,PRIJEM,VKLAD,
1560307,5305,0.5972248676276406,True,961210,45100.0,86334.9,PRIJEM,PREVOD Z UCTU,
310160,1057,0.5972231578831161,True,931113,4636.0,14908.0,PRIJEM,PREVOD Z UCTU,DUCHOD
475219,1620,0.5972132503241716,True,951105,6082.0,31110.0,PRIJEM,PREVOD Z UCTU,DUCHOD
682103,2328,0.5972110901077968,True,951013,6765.0,28060.0,PRIJEM,PREVOD Z UCTU,DUCHOD
789424,2692,0.5971942797824115,True,951209,5709.0,6809.0,PRIJEM,PREVOD Z UCTU,DUCHOD
374417,1275,0.597193596718475,True,960808,5447.0,11194.0,PRIJEM,PREVOD Z UCTU,DUCHOD
930866,3173,0.5971932475338916,True,930810,4235.0,13805.0,PRIJEM,PREVOD Z UCTU,DUCHOD
2454624,8094,0.5971912367629886,True,970611,69012.0,102556.3,PRIJEM,PREVOD Z UCTU,
341764,1160,0.5971885652686176,True,961208,42630.0,98215.9,PRIJEM,PREVOD Z UCTU,
985886,3363,0.5971862525079905,True,950713,4412.0,5512.0,PRIJEM,PREVOD Z UCTU,DUCHOD
697194,2384,0.5971808603120463,True,970610,71859.0,113150.7,PRIJEM,PREVOD Z UCTU,
506840,1731,0.5971766623231402,True,930411,4758.0,14474.0,PRIJEM,PREVOD Z UCTU,DUCHOD
869475,2961,0.5971668043401215,True,960909,5012.0,10424.0,PRIJEM,PREVOD Z UCTU,DUCHOD
514224,1760,0.5971660790060771,True,960406,4871.0,24955.0,PRIJEM,PREVOD Z UCTU,DUCHOD
2580422,8523,0.5971655656207154,True,970611,69780.0,94825.9,PRIJEM,PREVOD Z UCTU,
57437,192,0.5971564651954786,True,930406,5859.0,17877.0,PRIJEM,PREVOD Z UCTU,DUCHOD
871206,2968,0.5971549898136177,True,971212,53322.0,86386.5,PRIJEM,PREVOD Z UCTU,
162888,544,0.5971460003141835,True,981210,34184.0,110817.6,PRIJEM,PREVOD Z UCTU,
741417,2531,0.5971421338748625,True,970308,6294.0,19082.0,PRIJEM,PREVOD Z UCTU,DUCHOD
474211,1615,0.5971211575384723,True,980214,6626.0,27404.0,PRIJEM,PREVOD Z UCTU,DUCHOD
179459,608,0.5971203656139659,True,950509,4635.0,9870.0,PRIJEM,PREVOD Z UCTU,DUCHOD
1065104,3639,0.5971186891679444,True,970306,5038.0,10276.0,PRIJEM,PREVOD Z UCTU,DUCHOD
11492,39,0.5971184254762657,True,940105,6474.0,26996.0,PRIJEM,PREVOD Z UCTU,DUCHOD
1047912,3584,0.5971173817970062,True,980608,50740.0,84395.6,PRIJEM,PREVOD Z UCTU,
2908702,9635,0.5970953251404308,True,940214,4470.0,1794.5,PRIJEM,PREVOD Z UCTU,DUCHOD
790703,2696,0.5970829176305938,True,970312,4673.0,9946.0,PRIJEM,PREVOD Z UCTU,DUCHOD
623301,2126,0.5970785110792718,True,970611,61624.0,117419.9,PRIJEM,PREVOD Z UCTU,
127572,428,0.5970683633983076,True,930512,6614.0,20042.0,PRIJEM,PREVOD Z UCTU,DUCHOD
676697,2312,0.5970672947692073,True,971208,5340.0,17120.0,PRIJEM,PREVOD Z UCTU,DUCHOD
1060519,3625,0.5970623178650255,True,941113,6974.0,21222.0,PRIJEM,PREVOD Z UCTU,DUCHOD
1010322,3452,0.5970555342977023,True,961214,4694.0,5494.0,PRIJEM,PREVOD Z UCTU,DUCHOD
886862,3024,0.5970543684693025,True,970305,6713.0,20539.0,PRIJEM,PREVOD Z UCTU,DUCHOD
678030,2317,0.5970499777556582,True,971205,5293.0,21472.0,PRIJEM,PREVOD Z UCTU,DUCHOD
324548,1108,0.59704440412375,True,950707,4730.0,19920.0,PRIJEM,PREVOD Z UCTU,DUCHOD
1176825,4035,0.5970423175922308,True,980606,44820.0,122101.1,PRIJEM,PREVOD Z UCTU,
9678,34,0.5970279464450754,True,981211,47768.0,89748.8,PRIJEM,PREVOD Z UCTU,
668314,2282,0.5970221382161398,True,950614,69152.0,109927.3,PRIJEM,PREVOD Z UCTU,
206774,702,0.5970136707182278,True,931107,4220.0,21900.0,PRIJEM,PREVOD Z UCTU,DUCHOD
606061,2063,0.5970134379464511,True,931209,5885.0,6585.0,PRIJEM,PREVOD Z UCTU,DUCHOD
1243826,4255,0.5970090540520671,True,960614,51645.0,126338.9,PRIJEM,PREVOD Z UCTU,
788548,2688,0.597002162812666,True,950509,4204.0,12812.0,PRIJEM,PREVOD Z UCTU,DUCHOD
1060518,3625,0.5969990586326948,True,941013,6974.0,14248.0,PRIJEM,PREVOD Z UCTU,DUCHOD
296288,1011,0.5969939860904323,True,971210,30604.0,98582.3,PRIJEM,PREVOD Z UCTU,
479103,1633,0.5969876458244425,True,950514,5153.0,15659.0,PRIJEM,PREVOD Z UCTU,DUCHOD
378665,1288,0.5969866998566781,True,940208,6059.0,18777.0,PRIJEM,PREVOD Z UCTU,DUCHOD
498393,1699,0.5969747445968135,True,930405,5224.0,16472.0,PRIJEM,PREVOD Z UCTU,DUCHOD
1486097,5065,0.5969738382939896,True,970530,48863.0,111538.3,PRIJEM,VKLAD,
1147742,3926,0.5969645545494657,True,950110,5427.0,22108.0,PRIJEM,PREVOD Z UCTU,DUCHOD
501786,1710,0.5969600851012983,True,970810,6885.0,21555.0,PRIJEM,PREVOD Z UCTU,DUCHOD
367079,1248,0.5969547095620066,True,950613,6372.0,13344.0,PRIJEM,PREVOD Z UCTU,DUCHOD
848229,2889,0.5969525713650093,True,960606,56037.0,105349.6,PRIJEM,PREVOD Z UCTU,
341095,1158,0.5969487969399495,True,971211,6340.0,55818.5,PRIJEM,PREVOD Z UCTU,DUCHOD
863285,2939,0.5969426763736619,True,970807,5680.0,11560.0,PRIJEM,PREVOD Z UCTU,DUCHOD
319940,1093,0.5969415215018883,True,970607,72206.0,93999.6,PRIJEM,PREVOD Z UCTU,
3522836,10613,0.596940694529949,True,980228,361.4,88290.2,PRIJEM,,UROK
2477211,8173,0.5969403239123332,True,960605,61260.0,90589.8,PRIJEM,PREVOD Z UCTU,
884496,3014,0.5969364872721505,True,980131,49448.0,133367.1,PRIJEM,VKLAD,
1027390,3509,0.596934190265923,True,940105,5812.0,24348.0,PRIJEM,PREVOD Z UCTU,DUCHOD
331105,1128,0.59693012688171,True,940307,6189.0,25156.0,PRIJEM,PREVOD Z UCTU,DUCHOD
487649,1663,0.5969240943309482,True,961109,6366.0,6666.0,PRIJEM,PREVOD Z UCTU,DUCHOD
3609090,2390,0.5969211751416684,True,970228,336.4,118790.6,PRIJEM,,UROK
550471,1875,0.5969197431553319,True,940110,4641.0,24205.0,PRIJEM,PREVOD Z UCTU,DUCHOD
938482,3202,0.5969078892110836,True,970605,4837.0,5937.0,PRIJEM,PREVOD Z UCTU,DUCHOD
971480,3310,0.5969037401671708,True,931006,4916.0,5816.0,PRIJEM,PREVOD Z UCTU,DUCHOD
409268,1394,0.5968984090494789,True,950412,6341.0,25964.0,PRIJEM,PREVOD Z UCTU,DUCHOD
407989,1389,0.5968919449423177,True,970927,48868.0,96600.3,PRIJEM,VKLAD,
957961,3264,0.5968837483077262,True,931107,5096.0,5296.0,PRIJEM,PREVOD Z UCTU,DUCHOD
581076,1978,0.5968679245296293,True,970609,51303.0,91040.4,PRIJEM,PREVOD Z UCTU,
243075,833,0.5968661314367822,True,961107,5614.0,17742.0,PRIJEM,PREVOD Z UCTU,DUCHOD
753593,2571,0.5968648877598732,True,980110,46999.0,116295.4,PRIJEM,PREVOD Z UCTU,
711473,2433,0.5968575119190868,True,930305,4718.0,5218.0,PRIJEM,PREVOD Z UCTU,DUCHOD
1164604,3989,0.5968560736239373,True,950705,4016.0,16964.0,PRIJEM,PREVOD Z UCTU,DUCHOD
951195,3243,0.5968493499753654,True,940207,6873.0,20919.0,PRIJEM,PREVOD Z UCTU,DUCHOD
780565,2662,0.5968446248615991,True,940708,5500.0,11600.0,PRIJEM,PREVOD Z UCTU,DUCHOD
1044730,3572,0.596844586497369,True,951114,6213.0,7113.0,PRIJEM,PREVOD Z UCTU,DUCHOD
911152,3107,0.5968318367151653,True,940311,6300.0,25400.0,PRIJEM,PREVOD Z UCTU,DUCHOD
661760,2259,0.5968221444522332,True,940805,4442.0,13926.0,PRIJEM,PREVOD Z UCTU,DUCHOD
1290911,4413,0.5968208154539217,True,961210,50178.0,62841.0,PRIJEM,PREVOD Z UCTU,
554922,1889,0.5968161250056268,True,950505,5841.0,18323.0,PRIJEM,PREVOD Z UCTU,DUCHOD
221676,753,0.5968141848572901,True,961008,6661.0,14422.0,PRIJEM,PREVOD Z UCTU,DUCHOD
99345,340,0.5968110688536229,True,931214,5774.0,12564.0,PRIJEM,PREVOD Z UCTU,DUCHOD
351773,1195,0.5967972904144557,True,970111,6223.0,7023.0,PRIJEM,PREVOD Z UCTU,DUCHOD
138600,464,0.5967963131513918,True,970708,5264.0,11128.0,PRIJEM,PREVOD Z UCTU,DUCHOD
962863,3281,0.5967899819918459,True,971005,6288.0,13376.0,PRIJEM,PREVOD Z UCTU,DUCHOD
1164974,3991,0.5967735744806152,True,970112,6943.0,7243.0,PRIJEM,PREVOD Z UCTU,DUCHOD
815183,2776,0.5967553429865933,True,971107,4760.0,14780.0,PRIJEM,PREVOD Z UCTU,DUCHOD
122924,413,0.5967546391203198,True,960905,5041.0,10282.0,PRIJEM,PREVOD Z UCTU,DUCHOD
826067,2814,0.5967532860016092,True,930513,4544.0,5044.0,PRIJEM,PREVOD Z UCTU,DUCHOD
629495,2149,0.5967480004560917,True,961010,5523.0,11646.0,PRIJEM,PREVOD Z UCTU,DUCHOD
965664,3290,0.596727027570492,True,980610,57936.0,116987.4,PRIJEM,PREVOD Z UCTU,
1155080,3952,0.5967170750257148,True,960606,6610.0,20330.0,PRIJEM,PREVOD Z UCTU,DUCHOD
168893,565,0.5967103905615275,True,960211,5264.0,16492.0,PRIJEM,PREVOD Z UCTU,DUCHOD
461961,1570,0.5966993278560923,True,940606,4298.0,13094.0,PRIJEM,PREVOD Z UCTU,DUCHOD
555893,1892,0.5966979734401033,True,931209,4622.0,24010.0,PRIJEM,PREVOD Z UCTU,DUCHOD
98037,335,0.5966849094430512,True,960407,5715.0,18145.0,PRIJEM,PREVOD Z UCTU,DUCHOD
445814,1515,0.5966679279545687,True,951207,41014.0,83903.2,PRIJEM,PREVOD Z UCTU,
310159,1057,0.5966549300232333,True,931013,4636.0,10272.0,PRIJEM,PREVOD Z UCTU,DUCHOD
551074,1877,0.5966406900978621,True,981210,6485.0,52309.4,PRIJEM,PREVOD Z UCTU,DUCHOD
591358,2012,0.5966020279219102,True,960707,6761.0,21283.0,PRIJEM,PREVOD Z UCTU,DUCHOD
1031272,3524,0.5965995740630783,True,970806,4826.0,9852.0,PRIJEM,PREVOD Z UCTU,DUCHOD
881713,3004,0.5965947582727662,True,961211,4641.0,19264.0,PRIJEM,PREVOD Z UCTU,DUCHOD
538295,1831,0.5965945101923136,True,940211,6480.0,33000.0,PRIJEM,PREVOD Z UCTU,DUCHOD
2521565,8320,0.5965904633004785,True,970609,46450.0,91258.4,PRIJEM,PREVOD Z UCTU,
2872073,9504,0.5965866922116511,True,981205,55628.0,74960.0,PRIJEM,PREVOD Z UCTU,
1098526,3753,0.5965839112842736,True,950510,5937.0,18711.0,PRIJEM,PREVOD Z UCTU,DUCHOD
317182,1082,0.5965821609827867,True,960805,5190.0,10680.0,PRIJEM,PREVOD Z UCTU,DUCHOD
656595,2244,0.5965813327815034,True,951005,6888.0,20864.0,PRIJEM,PREVOD Z UCTU,DUCHOD
1877884,6358,0.5965759587653054,True,960605,50696.0,82605.8,PRIJEM,PREVOD Z UCTU,
1877908,6358,0.5965759587653054,True,980605,50696.0,82297.4,PRIJEM,PREVOD Z UCTU,
170127,571,0.5965527952523023,True,960906,4883.0,9966.0,PRIJEM,PREVOD Z UCTU,DUCHOD
385064,1308,0.5965404051891577,True,961013,5119.0,5519.0,PRIJEM,PREVOD Z UCTU,DUCHOD
589269,2006,0.5965352224830236,True,970813,5261.0,11222.0,PRIJEM,PREVOD Z UCTU,DUCHOD
1076084,3676,0.5965335767106718,True,960805,4979.0,11058.0,PRIJEM,PREVOD Z UCTU,DUCHOD
349270,1185,0.5965247561707703,True,970906,4246.0,13438.0,PRIJEM,PREVOD Z UCTU,DUCHOD
1142242,3906,0.5965243957966565,True,971214,50196.0,92028.2,PRIJEM,PREVOD Z UCTU,
234039,797,0.5965217784919459,True,970605,51394.0,105762.1,PRIJEM,PREVOD Z UCTU,
914071,3115,0.5965128799586432,True,960608,48180.0,90257.3,PRIJEM,PREVOD Z UCTU,
1157044,3960,0.5965099428810244,True,930505,4807.0,14921.0,PRIJEM,PREVOD Z UCTU,DUCHOD
237303,811,0.5965090120247177,True,971207,46545.0,95939.6,PRIJEM,PREVOD Z UCTU,
2042218,6922,0.596500196569653,True,970607,52305.0,53405.0,PRIJEM,PREVOD Z UCTU,
245816,844,0.5964925908149084,True,980606,70160.0,93365.6,PRIJEM,PREVOD Z UCTU,
888846,3032,0.5964873755809423,True,931005,6605.0,26720.0,PRIJEM,PREVOD Z UCTU,DUCHOD
413611,1406,0.5964708680423537,True,940305,4141.0,4341.0,PRIJEM,PREVOD Z UCTU,DUCHOD
424256,1441,0.5964701322953588,True,950205,6354.0,25916.0,PRIJEM,PREVOD Z UCTU,DUCHOD
1037576,3549,0.5964590753531837,True,961207,4898.0,20192.0,PRIJEM,PREVOD Z UCTU,DUCHOD
2378555,7844,0.5964521881353388,True,951205,47906.0,74998.2,PRIJEM,PREVOD Z UCTU,
290663,996,0.5964497661533369,True,971106,6404.0,20312.0,PRIJEM,PREVOD Z UCTU,DUCHOD
341788,1160,0.596431678469483,True,981208,42630.0,95022.8,PRIJEM,PREVOD Z UCTU,
1309516,4471,0.5964240319987872,True,981205,45438.0,68390.8,PRIJEM,PREVOD Z UCTU,
335167,1139,0.5964193642881019,True,971207,2386.0,109773.2,VYDAJ,PREVOD NA UCET,POJISTNE
845317,2878,0.5964139998301554,True,970806,6863.0,14426.0,PRIJEM,PREVOD Z UCTU,DUCHOD
723238,2476,0.5964127442762429,True,940308,4281.0,13743.0,PRIJEM,PREVOD Z UCTU,DUCHOD
96261,328,0.5964054991403186,True,971009,6973.0,7573.0,PRIJEM,PREVOD Z UCTU,DUCHOD
1024878,3499,0.5964043096611837,True,981207,63498.0,95185.1,PRIJEM,PREVOD Z UCTU,
980816,3347,0.5963976670985834,True,961110,5357.0,16671.0,PRIJEM,PREVOD Z UCTU,DUCHOD
349272,1185,0.5963902475191506,True,971106,4246.0,21930.0,PRIJEM,PREVOD Z UCTU,DUCHOD
381483,1296,0.5963859806058892,True,961214,5020.0,5820.0,PRIJEM,PREVOD Z UCTU,DUCHOD
90061,304,0.5963765029756113,True,970608,49764.0,95914.4,PRIJEM,PREVOD Z UCTU,
854709,2913,0.5963721255514072,True,940414,4471.0,18984.0,PRIJEM,PREVOD Z UCTU,DUCHOD
2976390,9859,0.5963682664856774,True,981208,45094.0,83983.5,PRIJEM,PREVOD Z UCTU,
1576936,5362,0.596366624549448,True,961209,38037.0,82633.4,PRIJEM,PREVOD Z UCTU,
3344727,11111,0.5963658845448013,True,950330,49567.0,155581.7,PRIJEM,VKLAD,
1262503,4318,0.5963649265143801,True,940608,69144.0,104351.1,PRIJEM,PREVOD Z UCTU,
1115629,3810,0.596361849844466,True,950910,6541.0,20123.0,PRIJEM,PREVOD Z UCTU,DUCHOD
494827,1687,0.5963373201008314,True,970509,4260.0,4460.0,PRIJEM,PREVOD Z UCTU,DUCHOD
859547,2929,0.5963356757678717,True,970605,54874.0,98669.8,PRIJEM,PREVOD Z UCTU,
1098524,3753,0.5963296493252161,True,950310,5937.0,6837.0,PRIJEM,PREVOD Z UCTU,DUCHOD
292059,1000,0.596325418615777,True,930607,47022.0,100358.5,PRIJEM,PREVOD Z UCTU,
3122152,10361,0.5963149022526645,True,971207,65160.0,82480.4,PRIJEM,PREVOD Z UCTU,
436684,1484,0.5963114648629477,True,970210,6612.0,33260.0,PRIJEM,PREVOD Z UCTU,DUCHOD
643019,2196,0.5963087941358125,True,971213,5525.0,28125.0,PRIJEM,PREVOD Z UCTU,DUCHOD
2382556,7857,0.5963037781232561,True,960610,57164.0,101353.0,PRIJEM,PREVOD Z UCTU,
1040386,3558,0.5962989084250921,True,950612,65614.0,95192.1,PRIJEM,PREVOD Z UCTU,
1135328,3880,0.5962967702301191,True,961113,6871.0,28284.0,PRIJEM,PREVOD Z UCTU,DUCHOD
729413,2494,0.5962956841083598,True,940606,60236.0,91630.9,PRIJEM,PREVOD Z UCTU,
1614026,5481,0.5962904092187297,True,971207,54645.0,81650.8,PRIJEM,PREVOD Z UCTU,
817346,2784,0.5962869465290769,True,980113,6778.0,20634.0,PRIJEM,PREVOD Z UCTU,DUCHOD
2501900,8260,0.5962652699141568,True,941208,56152.0,79694.5,PRIJEM,PREVOD Z UCTU,
445802,1515,0.5962643671371303,True,941207,41014.0,83322.4,PRIJEM,PREVOD Z UCTU,
1149896,3934,0.5962642319582153,True,980106,6362.0,7062.0,PRIJEM,PREVOD Z UCTU,DUCHOD
375183,1277,0.5962496027341412,True,930709,6248.0,7248.0,PRIJEM,PREVOD Z UCTU,DUCHOD
75746,252,0.5962413851943572,True,970106,5798.0,6798.0,PRIJEM,PREVOD Z UCTU,DUCHOD
659885,2253,0.5962217425722486,True,931213,6028.0,30440.0,PRIJEM,PREVOD Z UCTU,DUCHOD
388709,1322,0.5962184511577611,True,930706,4435.0,4635.0,PRIJEM,PREVOD Z UCTU,DUCHOD
866071,2949,0.5962144599680209,True,950111,6410.0,19630.0,PRIJEM,PREVOD Z UCTU,DUCHOD
1163863,3984,0.5962091902611762,True,970514,4041.0,20705.0,PRIJEM,PREVOD Z UCTU,DUCHOD
586157,1995,0.596196921987335,True,970908,5508.0,11616.0,PRIJEM,PREVOD Z UCTU,DUCHOD
259628,889,0.5961948167423061,True,980305,4976.0,15228.0,PRIJEM,PREVOD Z UCTU,DUCHOD
296676,1012,0.5961823082947129,True,941210,36818.0,76522.0,PRIJEM,PREVOD Z UCTU,
1644115,5574,0.5961796320049696,True,960608,71565.0,99484.0,PRIJEM,PREVOD Z UCTU,
3284120,10911,0.596173037145459,True,981209,32823.0,78010.1,PRIJEM,PREVOD Z UCTU,
685083,2339,0.5961722321963399,True,961211,5893.0,18179.0,PRIJEM,PREVOD Z UCTU,DUCHOD
154863,519,0.5961678587026593,True,940211,6987.0,21161.0,PRIJEM,PREVOD Z UCTU,DUCHOD
1302352,4448,0.5961488030124968,True,970331,44835.0,129593.2,PRIJEM,VKLAD,
896727,3055,0.5961475609417471,True,960813,6814.0,21342.0,PRIJEM,PREVOD Z UCTU,DUCHOD
1041279,3560,0.5961444876777272,True,970406,5026.0,25930.0,PRIJEM,PREVOD Z UCTU,DUCHOD
502754,1714,0.5961421368935554,True,950106,4951.0,20704.0,PRIJEM,PREVOD Z UCTU,DUCHOD
1164030,3985,0.5961309538085023,True,970906,4077.0,9054.0,PRIJEM,PREVOD Z UCTU,DUCHOD
402277,1370,0.5961279030472579,True,970107,5800.0,23800.0,PRIJEM,PREVOD Z UCTU,DUCHOD
703192,2410,0.5961269817382783,True,930811,6105.0,18915.0,PRIJEM,PREVOD Z UCTU,DUCHOD
349537,1187,0.5961259933529459,True,961108,6220.0,25880.0,PRIJEM,PREVOD Z UCTU,DUCHOD
80762,271,0.5961221594235281,True,981214,6906.0,62742.8,PRIJEM,PREVOD Z UCTU,DUCHOD
740445,2528,0.5961216489109904,True,930611,4236.0,13708.0,PRIJEM,PREVOD Z UCTU,DUCHOD
204858,696,0.5960891658316883,True,981106,6904.0,57806.0,PRIJEM,PREVOD Z UCTU,DUCHOD
414178,1408,0.5960871721132424,True,961212,55320.0,104899.1,PRIJEM,PREVOD Z UCTU,
2908714,9635,0.5960814405234522,True,950214,4470.0,2931.1,PRIJEM,PREVOD Z UCTU,DUCHOD
419284,1422,0.5960740414179687,True,930708,5842.0,17926.0,PRIJEM,PREVOD Z UCTU,DUCHOD
221677,753,0.5960713112108721,True,961108,6661.0,21083.0,PRIJEM,PREVOD Z UCTU,DUCHOD
2967161,9828,0.5960712714462805,True,951205,47472.0,68333.4,PRIJEM,PREVOD Z UCTU,
294001,1005,0.5960699658918444,True,960609,51724.0,119903.2,PRIJEM,PREVOD Z UCTU,
3369139,11186,0.5960691427693484,True,960609,58870.0,103423.9,PRIJEM,PREVOD Z UCTU,
216399,736,0.5960669945753999,True,971214,4031.0,4531.0,PRIJEM,PREVOD Z UCTU,DUCHOD
347545,1179,0.5960666724003418,True,930207,4212.0,4912.0,PRIJEM,PREVOD Z UCTU,DUCHOD
446731,1517,0.596060411351313,True,961008,4569.0,9838.0,PRIJEM,PREVOD Z UCTU,DUCHOD
2347083,7745,0.5960589699675285,True,970428,40219.0,122450.5,PRIJEM,VKLAD,
772204,2636,0.5960534010251086,True,970411,4882.0,25010.0,PRIJEM,PREVOD Z UCTU,DUCHOD
367082,1248,0.5960463689948059,True,950913,6372.0,32460.0,PRIJEM,PREVOD Z UCTU,DUCHOD
1091165,3730,0.596040063134007,True,981214,5152.0,61195.7,PRIJEM,PREVOD Z UCTU,DUCHOD
69988,234,0.5960308886856448,True,930913,5810.0,12120.0,PRIJEM,PREVOD Z UCTU,DUCHOD
120065,403,0.5960211822512875,True,930814,5563.0,6163.0,PRIJEM,PREVOD Z UCTU,DUCHOD
747048,2549,0.5960167385870254,True,931212,6345.0,12890.5,PRIJEM,PREVOD Z UCTU,DUCHOD
475217,1620,0.5959922601050902,True,950905,6082.0,18946.0,PRIJEM,PREVOD Z UCTU,DUCHOD
2470384,8149,0.5959897505287624,True,981125,23393.0,-1957.4,VYBER,VYBER,
550470,1875,0.5959830119022073,True,931210,4641.0,19564.0,PRIJEM,PREVOD Z UCTU,DUCHOD
482192,1642,0.5959795233225321,True,950709,6432.0,13864.0,PRIJEM,PREVOD Z UCTU,DUCHOD
457939,1557,0.5959769900608612,True,970310,6015.0,18745.0,PRIJEM,PREVOD Z UCTU,DUCHOD
99344,340,0.5959679965666385,True,931114,5774.0,6774.0,PRIJEM,PREVOD Z UCTU,DUCHOD
324589,1108,0.5959613652227254,True,981207,4730.0,58223.7,PRIJEM,PREVOD Z UCTU,DUCHOD
595398,2027,0.5959581665394189,True,950211,5214.0,16442.0,PRIJEM,PREVOD Z UCTU,DUCHOD
950713,3241,0.5959569545365103,True,981212,6282.0,74339.0,PRIJEM,PREVOD Z UCTU,DUCHOD
1106617,3780,0.5959417799133421,True,960205,6272.0,19116.0,PRIJEM,PREVOD Z UCTU,DUCHOD
687898,2349,0.5959317085301831,True,970108,6206.0,25324.0,PRIJEM,PREVOD Z UCTU,DUCHOD
953961,3253,0.5959108067180355,True,951229,49862.0,148482.0,PRIJEM,VKLAD,
1147743,3926,0.5959055972370585,True,950210,5427.0,27535.0,PRIJEM,PREVOD Z UCTU,DUCHOD
327112,1117,0.5959053794031115,True,961009,5370.0,11140.0,PRIJEM,PREVOD Z UCTU,DUCHOD
230577,785,0.5959000456755936,True,971212,39022.0,93801.3,PRIJEM,PREVOD Z UCTU,
46919,157,0.5958973199664782,True,970606,6918.0,20954.0,PRIJEM,PREVOD Z UCTU,DUCHOD
1095414,3745,0.5958829895444219,True,971206,39387.0,117665.5,PRIJEM,PREVOD Z UCTU,
550468,1875,0.5958745585696145,True,931010,4641.0,10282.0,PRIJEM,PREVOD Z UCTU,DUCHOD
2963679,9814,0.5958684202693915,True,981130,20218.0,86604.4,VYBER,VYBER,
378663,1288,0.5958648441313364,True,931208,6059.0,6659.0,PRIJEM,PREVOD Z UCTU,DUCHOD
743545,2539,0.5958643018130683,True,970905,6160.0,31300.0,PRIJEM,PREVOD Z UCTU,DUCHOD
1142612,3908,0.5958634131268602,True,970413,4810.0,15130.0,PRIJEM,PREVOD Z UCTU,DUCHOD
550469,1875,0.5958564012757177,True,931110,4641.0,14923.0,PRIJEM,PREVOD Z UCTU,DUCHOD
984373,3357,0.5958397519879806,True,951112,6741.0,27364.0,PRIJEM,PREVOD Z UCTU,DUCHOD
951852,3245,0.5958380659771031,True,970810,6731.0,14462.0,PRIJEM,PREVOD Z UCTU,DUCHOD
1055686,3610,0.595834338674503,True,980108,4279.0,17816.0,PRIJEM,PREVOD Z UCTU,DUCHOD
284779,978,0.5958234159340945,True,981113,6556.0,91739.2,PRIJEM,PREVOD Z UCTU,DUCHOD
1309133,4470,0.5958014628428496,True,961207,60854.0,92090.7,PRIJEM,PREVOD Z UCTU,
310161,1057,0.5957979771720696,True,931213,4636.0,19544.0,PRIJEM,PREVOD Z UCTU,DUCHOD
855404,2915,0.5957874570269089,True,940610,71974.0,104037.2,PRIJEM,PREVOD Z UCTU,
433641,1474,0.5957677070116265,True,970106,4043.0,17072.0,PRIJEM,PREVOD Z UCTU,DUCHOD
272700,933,0.5957646361108011,True,960211,6583.0,20549.0,PRIJEM,PREVOD Z UCTU,DUCHOD
1309097,4470,0.5957565649487168,True,931207,60854.0,94959.9,PRIJEM,PREVOD Z UCTU,
95085,323,0.5957512124151809,True,970710,6836.0,34380.0,PRIJEM,PREVOD Z UCTU,DUCHOD
210186,714,0.595730244695088,True,961105,5674.0,6274.0,PRIJEM,PREVOD Z UCTU,DUCHOD
429911,1460,0.5957282153185721,True,961212,5298.0,5598.0,PRIJEM,PREVOD Z UCTU,DUCHOD
881711,3004,0.5957268096317583,True,961011,4641.0,9982.0,PRIJEM,PREVOD Z UCTU,DUCHOD
1098799,3754,0.5957077135057045,True,960608,44342.0,94207.7,PRIJEM,PREVOD Z UCTU,
1192621,4082,0.5956998055666961,True,951227,21492.0,16495.9,VYBER,VYBER,
348957,1184,0.5956977438760831,True,970605,56686.0,98123.1,PRIJEM,PREVOD Z UCTU,
743541,2539,0.5956840857829189,True,970505,6160.0,6660.0,PRIJEM,PREVOD Z UCTU,DUCHOD
980818,3347,0.5956821057373665,True,970110,5357.0,27385.0,PRIJEM,PREVOD Z UCTU,DUCHOD
1910388,6472,0.5956817464426402,True,950610,57680.0,106075.1,PRIJEM,PREVOD Z UCTU,
516144,1765,0.5956795502296803,True,960909,5242.0,10884.0,PRIJEM,PREVOD Z UCTU,DUCHOD
1037574,3549,0.5956572614322748,True,961007,4898.0,10396.0,PRIJEM,PREVOD Z UCTU,DUCHOD
141133,472,0.5956452012029603,True,961107,49201.0,49501.0,PRIJEM,PREVOD Z UCTU,
860371,2932,0.5956315629384402,True,960131,49972.0,133157.1,PRIJEM,VKLAD,
887786,3028,0.5956313377320434,True,940111,4214.0,17256.0,PRIJEM,PREVOD Z UCTU,DUCHOD
831854,2833,0.5956286536190994,True,960112,4455.0,22675.0,PRIJEM,PREVOD Z UCTU,DUCHOD
1135325,3880,0.5956108639098646,True,960813,6871.0,7671.0,PRIJEM,PREVOD Z UCTU,DUCHOD
127570,428,0.5955954975518323,True,930312,6614.0,6814.0,PRIJEM,PREVOD Z UCTU,DUCHOD
1010755,3454,0.5955940644550969,True,970113,6596.0,20288.0,PRIJEM,PREVOD Z UCTU,DUCHOD
563259,1917,0.595592397048412,True,960310,4415.0,14245.0,PRIJEM,PREVOD Z UCTU,DUCHOD
331809,1130,0.5955908069366714,True,970809,6588.0,19964.0,PRIJEM,PREVOD Z UCTU,DUCHOD
430099,1461,0.5955868081011966,True,980614,63256.0,100920.6,PRIJEM,PREVOD Z UCTU,
796523,2713,0.5955835057460298,True,981213,6422.0,58141.4,PRIJEM,PREVOD Z UCTU,DUCHOD
529776,1806,0.5955790991944412,True,930405,5029.0,15487.0,PRIJEM,PREVOD Z UCTU,DUCHOD
729461,2494,0.5955635235271816,True,980606,60236.0,79913.3,PRIJEM,PREVOD Z UCTU,
3209890,10652,0.5955589981514336,True,970610,45213.0,87185.5,PRIJEM,PREVOD Z UCTU,
1143353,3910,0.5955562064129496,True,970607,4506.0,23530.0,PRIJEM,PREVOD Z UCTU,DUCHOD
364302,1238,0.5955541944785743,True,951111,6126.0,6726.0,PRIJEM,PREVOD Z UCTU,DUCHOD
980817,3347,0.5955220302052942,True,961210,5357.0,22028.0,PRIJEM,PREVOD Z UCTU,DUCHOD
791853,2700,0.5954966985022407,True,971206,45612.0,72463.4,PRIJEM,PREVOD Z UCTU,
659884,2253,0.5954846385474407,True,931113,6028.0,24412.0,PRIJEM,PREVOD Z UCTU,DUCHOD
840176,2861,0.5954829433825528,True,930506,5915.0,18045.0,PRIJEM,PREVOD Z UCTU,DUCHOD
696567,2382,0.5954817145515242,True,940605,6115.0,19345.0,PRIJEM,PREVOD Z UCTU,DUCHOD
42525,142,0.5954728562821328,True,930507,4555.0,14565.0,PRIJEM,PREVOD Z UCTU,DUCHOD
780858,2663,0.5954626893525049,True,950414,6362.0,19786.0,PRIJEM,PREVOD Z UCTU,DUCHOD
1982355,6715,0.5954599057649648,True,950424,23239.0,-1742.2,VYBER,VYBER,
3060,12,0.5954592021475774,True,970613,5938.0,12976.0,PRIJEM,PREVOD Z UCTU,DUCHOD
601159,2047,0.5954561121121648,True,950508,4727.0,14781.0,PRIJEM,PREVOD Z UCTU,DUCHOD
1113044,3802,0.595456030654045,True,960613,4914.0,10028.0,PRIJEM,PREVOD Z UCTU,DUCHOD
1850350,6265,0.5954392896489562,True,961230,46656.0,134714.0,PRIJEM,VKLAD,
586156,1995,0.5954343608785729,True,970808,5508.0,6108.0,PRIJEM,PREVOD Z UCTU,DUCHOD
716879,2456,0.5954320315489324,True,951214,37686.0,83237.8,PRIJEM,PREVOD Z UCTU,
1152638,3942,0.5954285773470888,True,980627,49647.0,153505.8,PRIJEM,VKLAD,
449903,1530,0.5954257829699536,True,950713,5550.0,12000.0,PRIJEM,PREVOD Z UCTU,DUCHOD
218199,742,0.5954184451781955,True,940507,4263.0,17452.0,PRIJEM,PREVOD Z UCTU,DUCHOD
613484,2090,0.5954108660681474,True,961209,5299.0,6299.0,PRIJEM,PREVOD Z UCTU,DUCHOD
283307,973,0.5954102323082876,True,941214,5760.0,12135.0,PRIJEM,PREVOD Z UCTU,DUCHOD
20301,68,0.5954018362375981,True,950612,53336.0,104680.1,PRIJEM,PREVOD Z UCTU,
319952,1093,0.5953973000795422,True,980607,72206.0,95671.7,PRIJEM,PREVOD Z UCTU,
80734,271,0.5953876791814956,True,960814,6906.0,7306.0,PRIJEM,PREVOD Z UCTU,DUCHOD
448912,1527,0.5953815345509157,True,940131,48181.0,99224.4,PRIJEM,VKLAD,
815185,2776,0.5953807757175943,True,980107,4760.0,24300.0,PRIJEM,PREVOD Z UCTU,DUCHOD
643016,2196,0.595379041723225,True,970913,5525.0,11550.0,PRIJEM,PREVOD Z UCTU,DUCHOD
1133950,3875,0.5953742074392948,True,971208,57723.0,89867.4,PRIJEM,PREVOD Z UCTU,
703256,2410,0.5953725601242676,True,981211,6105.0,80559.3,PRIJEM,PREVOD Z UCTU,DUCHOD
883074,3008,0.5953633005307626,True,981106,6934.0,71364.3,PRIJEM,PREVOD Z UCTU,DUCHOD
3335930,11079,0.5953603544531986,True,981111,49149.0,131021.0,PRIJEM,PREVOD Z UCTU,
3213,13,0.5953595696106186,True,971009,6803.0,14606.0,PRIJEM,PREVOD Z UCTU,DUCHOD
290661,996,0.5953571706416174,True,970906,6404.0,7504.0,PRIJEM,PREVOD Z UCTU,DUCHOD
64690,216,0.5953478541842793,True,940811,6460.0,19880.0,PRIJEM,PREVOD Z UCTU,DUCHOD
137179,460,0.595341579584767,True,940705,5922.0,18866.0,PRIJEM,PREVOD Z UCTU,DUCHOD
77656,259,0.5953407212283468,True,931105,6523.0,7123.0,PRIJEM,PREVOD Z UCTU,DUCHOD
574903,1958,0.5953341317958063,True,950210,5338.0,21952.0,PRIJEM,PREVOD Z UCTU,DUCHOD
3314642,11013,0.5953331349234458,True,940613,63366.0,91025.8,PRIJEM,PREVOD Z UCTU,
358701,1218,0.5953311765604213,True,971214,48201.0,102297.1,PRIJEM,PREVOD Z UCTU,
103392,353,0.5953286577362568,True,981106,6676.0,72048.0,PRIJEM,PREVOD Z UCTU,DUCHOD
3022542,10022,0.5953247819624224,True,981206,40884.0,82229.7,PRIJEM,PREVOD Z UCTU,
678029,2317,0.5953050786361356,True,971105,5293.0,16179.0,PRIJEM,PREVOD Z UCTU,DUCHOD
446733,1517,0.5952966377122266,True,961208,4569.0,18976.0,PRIJEM,PREVOD Z UCTU,DUCHOD
398087,1354,0.5952897888372873,True,970809,4620.0,10240.0,PRIJEM,PREVOD Z UCTU,DUCHOD
3098443,10280,0.5952879832731891,True,971214,52221.0,84084.6,PRIJEM,PREVOD Z UCTU,
66630,222,0.5952856193399085,True,961210,51614.0,89619.4,PRIJEM,PREVOD Z UCTU,
958614,3266,0.595274180685231,True,970613,4504.0,14612.0,PRIJEM,PREVOD Z UCTU,DUCHOD
3253501,10807,0.5952699691278092,True,980605,50602.0,97963.6,PRIJEM,PREVOD Z UCTU,
975812,3325,0.5952675437929796,True,981208,54776.0,92152.2,PRIJEM,PREVOD Z UCTU,
135880,456,0.5952668371793328,True,980610,71746.0,109289.3,PRIJEM,PREVOD Z UCTU,
755575,2578,0.5952644519805409,True,960412,4269.0,5369.0,PRIJEM,PREVOD Z UCTU,DUCHOD
2968843,9833,0.5952594412782453,True,950608,73224.0,99120.3,PRIJEM,PREVOD Z UCTU,
1485449,5063,0.5952555236167754,True,951102,47986.0,113049.0,PRIJEM,VKLAD,
371401,1265,0.5952550143121818,True,960507,6797.0,20691.0,PRIJEM,PREVOD Z UCTU,DUCHOD
3214,13,0.5952536050159974,True,971109,6803.0,21409.0,PRIJEM,PREVOD Z UCTU,DUCHOD
390418,1328,0.5952527955090368,True,981208,48747.0,92219.5,PRIJEM,PREVOD Z UCTU,
576046,1962,0.5952431693468433,True,980613,69710.0,98990.8,PRIJEM,PREVOD Z UCTU,
3083778,10227,0.5952342892287098,True,941107,23624.0,9841.9,VYBER,VYBER,
1011826,3458,0.5952335820602993,True,950708,4280.0,4880.0,PRIJEM,PREVOD Z UCTU,DUCHOD
1008304,3443,0.5952223912783309,True,961110,4133.0,16932.0,PRIJEM,PREVOD Z UCTU,DUCHOD
1139333,3894,0.5952018670552746,True,981210,6868.0,56783.4,PRIJEM,PREVOD Z UCTU,DUCHOD
518861,1772,0.5951934188032528,True,980108,48199.0,131101.8,PRIJEM,PREVOD Z UCTU,
1688700,5724,0.5951770625275452,True,981214,43605.0,70505.9,PRIJEM,PREVOD Z UCTU,
1049060,3588,0.5951632930235589,True,961109,6679.0,34095.0,PRIJEM,PREVOD Z UCTU,DUCHOD
9630,34,0.5951569838416945,True,941211,47768.0,88710.4,PRIJEM,PREVOD Z UCTU,
892889,3043,0.5951437496943052,True,970307,4152.0,13256.0,PRIJEM,PREVOD Z UCTU,DUCHOD
163532,546,0.5951416473169827,True,961206,4410.0,5510.0,PRIJEM,PREVOD Z UCTU,DUCHOD
532617,1814,0.5951249810046295,True,971009,5921.0,7021.0,PRIJEM,PREVOD Z UCTU,DUCHOD
1534958,5228,0.5951190992313048,True,971105,49681.0,121917.5,PRIJEM,PREVOD Z UCTU,
243076,833,0.5951106844148386,True,961207,5614.0,23356.0,PRIJEM,PREVOD Z UCTU,DUCHOD
1115668,3810,0.5951072762672427,True,981210,6541.0,55453.1,PRIJEM,PREVOD Z UCTU,DUCHOD
2434670,8027,0.5951052191222145,True,980606,58227.0,98173.6,PRIJEM,PREVOD Z UCTU,
334118,1136,0.5950980477251034,True,981212,46227.0,87025.7,PRIJEM,PREVOD Z UCTU,
1023631,3494,0.5950910928816625,True,961005,6027.0,18981.0,PRIJEM,PREVOD Z UCTU,DUCHOD
293983,1005,0.5950861560665826,True,941209,51724.0,98662.4,PRIJEM,PREVOD Z UCTU,
3043723,10093,0.5950711137632972,True,970608,60566.0,87351.1,PRIJEM,PREVOD Z UCTU,
601157,2047,0.5950676296063533,True,950308,4727.0,5327.0,PRIJEM,PREVOD Z UCTU,DUCHOD
333808,1135,0.5950661212034362,True,951006,5106.0,15818.0,PRIJEM,PREVOD Z UCTU,DUCHOD
375786,1279,0.5950613253932404,True,980108,5381.0,17143.0,PRIJEM,PREVOD Z UCTU,DUCHOD
88989,300,0.5950542505308327,True,930708,6892.0,7292.0,PRIJEM,PREVOD Z UCTU,DUCHOD
141158,472,0.5950519568342695,True,981207,73802.0,108182.3,PRIJEM,PREVOD Z UCTU,
997625,3406,0.5950510108693415,True,971208,6094.0,6094.0,PRIJEM,PREVOD Z UCTU,DUCHOD
478261,1630,0.5950295597483418,True,930911,5862.0,12624.0,PRIJEM,PREVOD Z UCTU,DUCHOD
185546,629,0.5950289624849728,True,940810,4721.0,5221.0,PRIJEM,PREVOD Z UCTU,DUCHOD
316193,1079,0.5950153676928612,True,971205,40524.0,89318.2,PRIJEM,PREVOD Z UCTU,
313081,1069,0.5950107621932235,True,930913,4621.0,9942.0,PRIJEM,PREVOD Z UCTU,DUCHOD
478657,1631,0.5950069337880673,True,970111,4115.0,16860.0,PRIJEM,PREVOD Z UCTU,DUCHOD
667536,2279,0.5950013550943386,True,970609,59007.0,94509.2,PRIJEM,PREVOD Z UCTU,
1322209,4514,0.5949984992800458,True,940614,73800.0,107842.7,PRIJEM,PREVOD Z UCTU,
859535,2929,0.5949909266085983,True,960605,54874.0,87370.2,PRIJEM,PREVOD Z UCTU,
848006,2888,0.5949871636313255,True,960811,4006.0,12718.0,PRIJEM,PREVOD Z UCTU,DUCHOD
939060,3205,0.5949800910941924,True,960412,4366.0,18164.0,PRIJEM,PREVOD Z UCTU,DUCHOD
2256169,7445,0.5949686470910944,True,961227,47500.0,157941.0,PRIJEM,VKLAD,
1275107,4361,0.594967666327653,True,970614,67614.0,103284.4,PRIJEM,PREVOD Z UCTU,
952660,3248,0.5949518045074635,True,961011,4965.0,25725.0,PRIJEM,PREVOD Z UCTU,DUCHOD
307833,1050,0.5949488451577913,True,981212,37976.0,103354.1,PRIJEM,PREVOD Z UCTU,
772200,2636,0.5949486899235219,True,961211,4882.0,5482.0,PRIJEM,PREVOD Z UCTU,DUCHOD
129506,435,0.5949455953551128,True,930407,5039.0,15517.0,PRIJEM,PREVOD Z UCTU,DUCHOD
3215706,10670,0.5949429276220892,True,980128,49007.0,154915.4,PRIJEM,VKLAD,
462703,1574,0.5949405250582342,True,970914,4058.0,17232.0,PRIJEM,PREVOD Z UCTU,DUCHOD
175556,592,0.5949241912861369,True,970111,5753.0,6053.0,PRIJEM,PREVOD Z UCTU,DUCHOD
444194,1511,0.5949232689772536,True,950126,45231.0,124395.1,PRIJEM,VKLAD,
359515,1222,0.594920391035487,True,930412,6310.0,19630.0,PRIJEM,PREVOD Z UCTU,DUCHOD
629496,2149,0.5949157530075502,True,961110,5523.0,17169.0,PRIJEM,PREVOD Z UCTU,DUCHOD
1068645,3651,0.5949153638301811,True,930507,5081.0,16043.0,PRIJEM,PREVOD Z UCTU,DUCHOD
3470718,4470,0.5949055472795497,True,940228,262.0,103957.4,PRIJEM,,UROK
3673672,5952,0.594901017637792,True,931231,415.6,107784.1,PRIJEM,,UROK
420549,1426,0.5948912927624418,True,951108,4022.0,4222.0,PRIJEM,PREVOD Z UCTU,DUCHOD
141990,475,0.594884920060159,True,970810,4319.0,13157.0,PRIJEM,PREVOD Z UCTU,DUCHOD
1187108,4066,0.5948841144129687,True,961210,48368.0,74030.7,PRIJEM,PREVOD Z UCTU,
1090876,3729,0.594877907381251,True,950707,4412.0,13536.0,PRIJEM,PREVOD Z UCTU,DUCHOD
224354,764,0.5948717153559966,True,931205,6238.0,37751.2,PRIJEM,PREVOD Z UCTU,DUCHOD
1092954,3737,0.5948628774922262,True,981205,6852.0,44797.6,PRIJEM,PREVOD Z UCTU,DUCHOD
1029361,3515,0.5948545707628224,True,960910,4373.0,13519.0,PRIJEM,PREVOD Z UCTU,DUCHOD
35294,113,0.5948470633562446,True,961106,6417.0,26268.0,PRIJEM,PREVOD Z UCTU,DUCHOD
605739,2062,0.5948345112770808,True,970614,64642.0,87460.0,PRIJEM,PREVOD Z UCTU,
661600,2258,0.5948327671025019,True,970307,6656.0,27224.0,PRIJEM,PREVOD Z UCTU,DUCHOD
316199,1079,0.5948327568862161,True,980605,40524.0,103467.5,PRIJEM,PREVOD Z UCTU,
2538187,8377,0.5948294748304306,True,950826,48798.0,121170.1,PRIJEM,VKLAD,
595396,2027,0.594819300669155,True,941211,5214.0,6014.0,PRIJEM,PREVOD Z UCTU,DUCHOD
764364,2610,0.5948134673688282,True,970311,6858.0,20874.0,PRIJEM,PREVOD Z UCTU,DUCHOD
292089,1000,0.594803671578348,True,951207,47022.0,84538.3,PRIJEM,PREVOD Z UCTU,
873991,2977,0.5948002146905184,True,970613,57447.0,104581.8,PRIJEM,PREVOD Z UCTU,
1055687,3610,0.5947823808344329,True,980208,4279.0,22095.0,PRIJEM,PREVOD Z UCTU,DUCHOD
565163,1924,0.5947760427701352,True,960914,5266.0,21364.0,PRIJEM,PREVOD Z UCTU,DUCHOD
588189,2002,0.5947678947380873,True,930706,6060.0,18580.0,PRIJEM,PREVOD Z UCTU,DUCHOD
702379,2406,0.5947609500573356,True,960609,4780.0,14740.0,PRIJEM,PREVOD Z UCTU,DUCHOD
786237,2679,0.5947565858735756,True,970913,6654.0,14408.0,PRIJEM,PREVOD Z UCTU,DUCHOD
865097,2945,0.5947452712559795,True,960911,5959.0,12218.0,PRIJEM,PREVOD Z UCTU,DUCHOD
1736649,5891,0.5947369781017735,True,960612,48891.0,110760.1,PRIJEM,PREVOD Z UCTU,
356802,1209,0.5947314756740657,True,971108,5353.0,6253.0,PRIJEM,PREVOD Z UCTU,DUCHOD
1053418,3604,0.5947292440103304,True,940407,6945.0,28280.0,PRIJEM,PREVOD Z UCTU,DUCHOD
490132,1673,0.5947137623662603,True,940306,4408.0,14124.0,PRIJEM,PREVOD Z UCTU,DUCHOD
1436776,4894,0.5947112290815844,True,941212,43882.0,95765.0,PRIJEM,PREVOD Z UCTU,
1071598,3661,0.5946911900884997,True,960407,4966.0,15698.0,PRIJEM,PREVOD Z UCTU,DUCHOD
1063126,3631,0.5946882813735463,True,960108,5224.0,26920.0,PRIJEM,PREVOD Z UCTU,DUCHOD
3055506,10131,0.5946880418684898,True,980630,48628.0,95603.6,PRIJEM,VKLAD,
962864,3281,0.594685927373994,True,971105,6288.0,19664.0,PRIJEM,PREVOD Z UCTU,DUCHOD
216258,735,0.5946839652757359,True,980213,6048.0,30740.0,PRIJEM,PREVOD Z UCTU,DUCHOD
1910400,6472,0.5946750228075048,True,960610,57680.0,102086.3,PRIJEM,PREVOD Z UCTU,
1187120,4066,0.5946742334208709,True,971210,48368.0,62771.3,PRIJEM,PREVOD Z UCTU,
1028179,3511,0.5946551805802728,True,960909,5485.0,11970.0,PRIJEM,PREVOD Z UCTU,DUCHOD
283898,975,0.5946469726505328,True,970107,5325.0,16775.0,PRIJEM,PREVOD Z UCTU,DUCHOD
29137,96,0.5946400648681022,True,950611,66332.0,99940.6,PRIJEM,PREVOD Z UCTU,
3022536,10022,0.5946341734207568,True,980606,40884.0,91971.0,PRIJEM,PREVOD Z UCTU,
983390,3355,0.5946297935184917,True,940709,5768.0,29940.0,PRIJEM,PREVOD Z UCTU,DUCHOD
383241,1302,0.594620141863068,True,940212,6090.0,19070.0,PRIJEM,PREVOD Z UCTU,DUCHOD
743220,2538,0.5946194946533835,True,940413,6379.0,19337.0,PRIJEM,PREVOD Z UCTU,DUCHOD
881710,3004,0.5946162443344165,True,960911,4641.0,5341.0,PRIJEM,PREVOD Z UCTU,DUCHOD
292077,1000,0.5946024875976765,True,941207,47022.0,82072.8,PRIJEM,PREVOD Z UCTU,
1649354,5591,0.5946012980781535,True,981208,33280.0,74826.3,PRIJEM,PREVOD Z UCTU,
815182,2776,0.5945944880113784,True,971007,4760.0,10020.0,PRIJEM,PREVOD Z UCTU,DUCHOD
742715,2536,0.5945926714776585,True,941108,6234.0,6734.0,PRIJEM,PREVOD Z UCTU,DUCHOD
743218,2538,0.5945897908429097,True,940213,6379.0,6579.0,PRIJEM,PREVOD Z UCTU,DUCHOD
429913,1460,0.5945726376106213,True,970212,5298.0,16194.0,PRIJEM,PREVOD Z UCTU,DUCHOD
3475972,8564,0.5945686610694748,True,940131,431.1,104676.1,PRIJEM,,UROK
414202,1408,0.5945683526092012,True,981212,55320.0,96999.1,PRIJEM,PREVOD Z UCTU,
1322204,4514,0.5945649725022095,True,940114,49200.0,49500.0,PRIJEM,PREVOD Z UCTU,
894518,3050,0.5945635547227334,True,940608,62168.0,88015.1,PRIJEM,PREVOD Z UCTU,
3335922,11079,0.5945603681703323,True,980311,49149.0,123425.8,PRIJEM,PREVOD Z UCTU,
627626,2144,0.5945581252686463,True,981201,23073.0,98136.7,VYBER,VYBER,
487650,1663,0.5945574312671514,True,961209,6366.0,13052.4,PRIJEM,PREVOD Z UCTU,DUCHOD
9666,34,0.5945532776321513,True,971211,47768.0,87755.1,PRIJEM,PREVOD Z UCTU,
930374,3171,0.5945464863166828,True,940214,4848.0,25140.0,PRIJEM,PREVOD Z UCTU,DUCHOD
663082,2264,0.5945459044093455,True,970314,4767.0,20068.0,PRIJEM,PREVOD Z UCTU,DUCHOD
958612,3266,0.5945425150214468,True,970413,4504.0,5604.0,PRIJEM,PREVOD Z UCTU,DUCHOD
463710,1578,0.5945395789384379,True,941208,4128.0,4728.0,PRIJEM,PREVOD Z UCTU,DUCHOD
1092909,3737,0.5945321596403493,True,950305,6852.0,7952.0,PRIJEM,PREVOD Z UCTU,DUCHOD
808477,2755,0.5945083776190765,True,950206,5651.0,6051.0,PRIJEM,PREVOD Z UCTU,DUCHOD
427037,1451,0.5944881461420202,True,930713,6490.0,7490.0,PRIJEM,PREVOD Z UCTU,DUCHOD
37889,123,0.5944846256014964,True,930605,4843.0,14729.0,PRIJEM,PREVOD Z UCTU,DUCHOD
581064,1978,0.594479852798863,True,960609,51303.0,81497.2,PRIJEM,PREVOD Z UCTU,
513733,1758,0.5944527028321741,True,981207,33537.0,100438.6,PRIJEM,PREVOD Z UCTU,
741418,2531,0.5944445797802285,True,970408,6294.0,25376.0,PRIJEM,PREVOD Z UCTU,DUCHOD
18397,62,0.5944421790315725,True,930605,5079.0,16337.0,PRIJEM,PREVOD Z UCTU,DUCHOD
1855394,6281,0.5944383552697646,True,951109,21550.0,5375.9,VYBER,VYBER,
645667,2205,0.5944351011600287,True,960612,5666.0,12432.0,PRIJEM,PREVOD Z UCTU,DUCHOD
1779046,6034,0.5944274555431189,True,941129,47738.0,128770.2,PRIJEM,VKLAD,
457940,1557,0.594406647235465,True,970410,6015.0,24760.0,PRIJEM,PREVOD Z UCTU,DUCHOD
936314,3196,0.594391101200996,True,940309,5403.0,16909.0,PRIJEM,PREVOD Z UCTU,DUCHOD
327114,1117,0.594390818508201,True,961209,5370.0,21880.0,PRIJEM,PREVOD Z UCTU,DUCHOD
409267,1394,0.5943868798981553,True,950312,6341.0,19623.0,PRIJEM,PREVOD Z UCTU,DUCHOD
983389,3355,0.5943825905417748,True,940609,5768.0,24172.0,PRIJEM,PREVOD Z UCTU,DUCHOD
1099896,3757,0.5943820416280985,True,971206,44217.0,79022.1,PRIJEM,PREVOD Z UCTU,
676698,2312,0.5943793190521238,True,980108,5340.0,22460.0,PRIJEM,PREVOD Z UCTU,DUCHOD
827213,2818,0.5943646277879802,True,950608,61533.0,94699.7,PRIJEM,PREVOD Z UCTU,
17052,58,0.5943490476277438,True,961108,5804.0,18012.0,PRIJEM,PREVOD Z UCTU,DUCHOD
836120,2846,0.5943298836188236,True,980107,6134.0,25336.0,PRIJEM,PREVOD Z UCTU,DUCHOD
791817,2700,0.5943259880952384,True,941206,45612.0,68688.9,PRIJEM,PREVOD Z UCTU,
2501918,8260,0.5943238401211055,True,960608,56152.0,112879.6,PRIJEM,PREVOD Z UCTU,
1098805,3754,0.5943212954987805,True,961208,44342.0,74541.2,PRIJEM,PREVOD Z UCTU,
2956234,9790,0.594315085178233,True,970329,49319.0,149106.2,PRIJEM,VKLAD,
565164,1924,0.5943143518301512,True,961014,5266.0,26630.0,PRIJEM,PREVOD Z UCTU,DUCHOD
260358,892,0.5942974860057179,True,930709,6177.0,25608.0,PRIJEM,PREVOD Z UCTU,DUCHOD
929613,3168,0.5942929449548817,True,930508,6303.0,19909.0,PRIJEM,PREVOD Z UCTU,DUCHOD
476354,1624,0.5942877915554005,True,960505,6086.0,6586.0,PRIJEM,PREVOD Z UCTU,DUCHOD
457596,1555,0.5942873933932477,True,970307,6260.0,26140.0,PRIJEM,PREVOD Z UCTU,DUCHOD
468922,1597,0.5942865815305702,True,950706,6701.0,7601.0,PRIJEM,PREVOD Z UCTU,DUCHOD
894506,3050,0.5942854243598594,True,930608,62168.0,73568.0,PRIJEM,PREVOD Z UCTU,
688102,2350,0.5942836418748199,True,980327,47787.0,115356.1,PRIJEM,VKLAD,
68108,227,0.594283449768531,True,970612,67038.0,100521.3,PRIJEM,PREVOD Z UCTU,
68120,227,0.594283449768531,True,980612,67038.0,100098.4,PRIJEM,PREVOD Z UCTU,
713634,2439,0.594275516471035,True,961111,6457.0,19871.0,PRIJEM,PREVOD Z UCTU,DUCHOD
503605,1718,0.5942709248287906,True,980213,43928.0,114769.3,PRIJEM,PREVOD Z UCTU,
229927,783,0.5942686368386325,True,980206,4864.0,25320.0,PRIJEM,PREVOD Z UCTU,DUCHOD
3043699,10093,0.594266424383773,True,950608,60566.0,86650.6,PRIJEM,PREVOD Z UCTU,
1091587,3732,0.5942615558868507,True,970808,4673.0,14519.0,PRIJEM,PREVOD Z UCTU,DUCHOD
280199,960,0.5942582257310507,True,960613,60016.0,92986.3,PRIJEM,PREVOD Z UCTU,
99056,339,0.5942549120047081,True,970612,70210.0,99681.6,PRIJEM,PREVOD Z UCTU,
796079,2712,0.5942542415161041,True,930611,6604.0,20212.0,PRIJEM,PREVOD Z UCTU,DUCHOD
697961,2387,0.594244701761358,True,960811,5121.0,11042.0,PRIJEM,PREVOD Z UCTU,DUCHOD
476356,1624,0.5942441731602964,True,960705,6086.0,18758.0,PRIJEM,PREVOD Z UCTU,DUCHOD
2847069,9422,0.5942311321723098,True,970614,64642.0,91032.9,PRIJEM,PREVOD Z UCTU,
99393,340,0.5942304757333651,True,971214,5774.0,46215.7,PRIJEM,PREVOD Z UCTU,DUCHOD
288386,989,0.5942119725281746,True,940608,5114.0,16342.0,PRIJEM,PREVOD Z UCTU,DUCHOD
949277,3236,0.5942112741430852,True,970614,4414.0,17956.0,PRIJEM,PREVOD Z UCTU,DUCHOD
726413,2485,0.5942023214517695,True,980113,4042.0,21010.0,PRIJEM,PREVOD Z UCTU,DUCHOD
232564,791,0.5942016213169283,True,960310,4854.0,15262.0,PRIJEM,PREVOD Z UCTU,DUCHOD
535225,1823,0.594198096325829,True,970205,4941.0,25705.0,PRIJEM,PREVOD Z UCTU,DUCHOD
1161142,3976,0.5941970717328259,True,960706,6453.0,19959.0,PRIJEM,PREVOD Z UCTU,DUCHOD
980326,3345,0.5941913268870502,True,980206,4281.0,334.0,PRIJEM,PREVOD Z UCTU,DUCHOD
154486,518,0.5941843796203717,True,950107,5836.0,23544.0,PRIJEM,PREVOD Z UCTU,DUCHOD
685084,2339,0.5941787183438134,True,970111,5893.0,24072.0,PRIJEM,PREVOD Z UCTU,DUCHOD
896755,3055,0.5941698402623347,True,981213,6814.0,41328.2,PRIJEM,PREVOD Z UCTU,DUCHOD
385229,1309,0.5941639975048055,True,950611,59296.0,93705.4,PRIJEM,PREVOD Z UCTU,
1644103,5574,0.5941635923076991,True,950608,71565.0,92466.8,PRIJEM,PREVOD Z UCTU,
167682,561,0.5941623219876399,True,970308,6082.0,18646.0,PRIJEM,PREVOD Z UCTU,DUCHOD
89632,302,0.5941505414981727,True,960509,6438.0,6438.0,PRIJEM,PREVOD Z UCTU,DUCHOD
3098431,10280,0.5941490128826704,True,961214,52221.0,52821.0,PRIJEM,PREVOD Z UCTU,
503485,1717,0.5941396916651861,True,971213,6558.0,7458.0,PRIJEM,PREVOD Z UCTU,DUCHOD
530505,1809,0.5941261067981325,True,981206,30082.0,84056.5,PRIJEM,PREVOD Z UCTU,
280187,960,0.5941229496217224,True,950613,60016.0,91715.8,PRIJEM,PREVOD Z UCTU,
2078103,7045,0.5941200042958692,True,980607,54138.0,95558.9,PRIJEM,PREVOD Z UCTU,
169137,566,0.5941137429020512,True,981025,49883.0,121076.1,PRIJEM,VKLAD,
223814,762,0.5941092203479796,True,960213,5984.0,24836.0,PRIJEM,PREVOD Z UCTU,DUCHOD
936315,3196,0.5940923291106562,True,940409,5403.0,22312.0,PRIJEM,PREVOD Z UCTU,DUCHOD
1116072,3812,0.5940913437337009,True,950505,4980.0,20320.0,PRIJEM,PREVOD Z UCTU,DUCHOD
2592039,8564,0.5940873770876577,True,940612,57554.0,85960.0,PRIJEM,PREVOD Z UCTU,
944316,3221,0.5940833038861763,True,971209,5330.0,50686.5,PRIJEM,PREVOD Z UCTU,DUCHOD
16253,55,0.594073011918793,True,960712,4629.0,23445.0,PRIJEM,PREVOD Z UCTU,DUCHOD
1037575,3549,0.5940709632396945,True,961107,4898.0,15294.0,PRIJEM,PREVOD Z UCTU,DUCHOD
1048188,3585,0.594061103824916,True,961112,6242.0,31510.0,PRIJEM,PREVOD Z UCTU,DUCHOD
764385,2610,0.5940559991029892,True,981211,6858.0,45891.8,PRIJEM,PREVOD Z UCTU,DUCHOD
854708,2913,0.5940506366784307,True,940314,4471.0,14513.0,PRIJEM,PREVOD Z UCTU,DUCHOD
324549,1108,0.594048380950645,True,950807,4730.0,24650.0,PRIJEM,PREVOD Z UCTU,DUCHOD
3548723,544,0.5940450828092914,True,981231,418.1,111235.6,PRIJEM,,UROK
1161386,3977,0.594026781307906,True,940105,4636.0,19344.0,PRIJEM,PREVOD Z UCTU,DUCHOD
122073,410,0.5940144942367468,True,970113,5738.0,17414.0,PRIJEM,PREVOD Z UCTU,DUCHOD
786236,2679,0.5939986214873291,True,970813,6654.0,7754.0,PRIJEM,PREVOD Z UCTU,DUCHOD
279963,959,0.593998424924861,True,960514,4703.0,15109.0,PRIJEM,PREVOD Z UCTU,DUCHOD
508656,1740,0.5939956642669204,True,970610,4070.0,12810.0,PRIJEM,PREVOD Z UCTU,DUCHOD
254882,875,0.5939947415678558,True,950906,6607.0,26728.0,PRIJEM,PREVOD Z UCTU,DUCHOD
3213211,10663,0.5939813787042916,True,980608,65008.0,84066.1,PRIJEM,PREVOD Z UCTU,
1467346,4999,0.5939804291242943,True,971206,41296.0,79967.8,PRIJEM,PREVOD Z UCTU,
707142,2422,0.5939791488083338,True,980106,6114.0,30770.0,PRIJEM,PREVOD Z UCTU,DUCHOD
2579192,8519,0.5939686233143668,True,960612,56019.0,90031.7,PRIJEM,PREVOD Z UCTU,
1031275,3524,0.5939629720160899,True,971106,4826.0,24330.0,PRIJEM,PREVOD Z UCTU,DUCHOD
711288,2432,0.5939595771782624,True,960709,5880.0,18740.0,PRIJEM,PREVOD Z UCTU,DUCHOD
2819134,9333,0.5939594760870667,True,970825,21212.0,-846.0,VYBER,VYBER,
694894,2377,0.5939556972206399,True,950413,4393.0,22265.0,PRIJEM,PREVOD Z UCTU,DUCHOD
2094565,7099,0.5939536809545612,True,971208,43942.0,73422.4,PRIJEM,PREVOD Z UCTU,
921800,3142,0.5939481737787344,True,950112,6029.0,24316.0,PRIJEM,PREVOD Z UCTU,DUCHOD
19400,66,0.5939459817802433,True,960609,67070.0,112011.4,PRIJEM,PREVOD Z UCTU,
424302,1441,0.5939432138436401,True,981205,6354.0,45209.9,PRIJEM,PREVOD Z UCTU,DUCHOD
859873,2930,0.5939385260818516,True,980129,48248.0,133188.5,PRIJEM,VKLAD,
1921538,6512,0.5939357815180305,True,970624,20693.0,6053.4,VYBER,VYBER,
965652,3290,0.5939276896099551,True,970610,57936.0,116759.2,PRIJEM,PREVOD Z UCTU,
715943,2452,0.5939263801114865,True,970908,5563.0,11726.0,PRIJEM,PREVOD Z UCTU,DUCHOD
826069,2814,0.5939216776848312,True,930713,4544.0,14132.0,PRIJEM,PREVOD Z UCTU,DUCHOD
368314,1252,0.593919724863003,True,951211,37032.0,78468.6,PRIJEM,PREVOD Z UCTU,
1098817,3754,0.5939193218437615,True,971208,44342.0,77248.1,PRIJEM,PREVOD Z UCTU,
3603724,2227,0.5939189506633377,True,980228,433.5,119038.8,PRIJEM,,UROK
677533,2315,0.5938987197336427,True,940610,4439.0,18656.0,PRIJEM,PREVOD Z UCTU,DUCHOD
327113,1117,0.593881890130124,True,961109,5370.0,16510.0,PRIJEM,PREVOD Z UCTU,DUCHOD
700139,2396,0.593878624860974,True,930605,4203.0,17312.0,PRIJEM,PREVOD Z UCTU,DUCHOD
914521,3117,0.5938552058814918,True,930313,5355.0,6255.0,PRIJEM,PREVOD Z UCTU,DUCHOD
41918,139,0.5938477352719369,True,981213,49167.0,67704.8,PRIJEM,PREVOD Z UCTU,
462816,1575,0.5938437702151045,True,930507,5448.0,17244.0,PRIJEM,PREVOD Z UCTU,DUCHOD
888175,3029,0.5938365490355796,True,970107,5978.0,6678.0,PRIJEM,PREVOD Z UCTU,DUCHOD
623597,2128,0.5938337709196156,True,931210,5424.0,5424.0,PRIJEM,PREVOD Z UCTU,DUCHOD
296808,1012,0.593830574879274,True,960805,21978.0,3275.0,VYBER,VYBER,
1099902,3757,0.5938127594118369,True,980606,44217.0,91511.1,PRIJEM,PREVOD Z UCTU,
776425,2648,0.5938124690504818,True,960924,46427.0,68146.5,PRIJEM,VKLAD,
357366,1212,0.593812304354297,True,960305,6896.0,21588.0,PRIJEM,PREVOD Z UCTU,DUCHOD
822344,2801,0.5938019892133536,True,970113,5962.0,24748.0,PRIJEM,PREVOD Z UCTU,DUCHOD
2908246,9633,0.59380040071857,True,981202,24654.0,15539.3,VYBER,VYBER,
3612941,2501,0.5937948824342969,True,981231,386.5,97607.1,PRIJEM,,UROK
175444,591,0.593780663857242,True,980108,4182.0,21610.0,PRIJEM,PREVOD Z UCTU,DUCHOD
612203,2086,0.5937777821499405,True,970608,69298.0,98540.8,PRIJEM,PREVOD Z UCTU,
1029363,3515,0.5937686703545867,True,961110,4373.0,22265.0,PRIJEM,PREVOD Z UCTU,DUCHOD
1004638,3429,0.593753086869283,True,981014,6664.0,45732.8,PRIJEM,PREVOD Z UCTU,DUCHOD
102001,347,0.5937486374637442,True,951204,22683.0,6170.6,VYBER,VYBER,
1063719,3634,0.5937339007846266,True,970609,72766.0,109756.4,PRIJEM,PREVOD Z UCTU,
522175,1782,0.5937271926321157,True,981010,6542.0,83253.2,PRIJEM,PREVOD Z UCTU,DUCHOD
798621,2722,0.5937207938536929,True,971107,5820.0,23780.0,PRIJEM,PREVOD Z UCTU,DUCHOD
95081,323,0.5937189970431413,True,970310,6836.0,7036.0,PRIJEM,PREVOD Z UCTU,DUCHOD
902615,3075,0.5937175482205415,True,970914,5054.0,15562.0,PRIJEM,PREVOD Z UCTU,DUCHOD
637742,2177,0.5937134431475305,True,930105,5123.0,5923.0,PRIJEM,PREVOD Z UCTU,DUCHOD
277992,951,0.5937012107389253,True,960712,4479.0,14537.0,PRIJEM,PREVOD Z UCTU,DUCHOD
911207,3107,0.5936996339321907,True,981011,6300.0,96979.4,PRIJEM,PREVOD Z UCTU,DUCHOD
900247,3068,0.593686959667035,True,930714,6193.0,19079.0,PRIJEM,PREVOD Z UCTU,DUCHOD
972718,3314,0.593686027087592,True,980128,45304.0,127467.1,PRIJEM,VKLAD,
486693,1659,0.5936854427346933,True,970310,5887.0,18061.0,PRIJEM,PREVOD Z UCTU,DUCHOD
752942,2569,0.5936794872061989,True,940908,6772.0,21316.0,PRIJEM,PREVOD Z UCTU,DUCHOD
570044,1940,0.5936770701259158,True,940105,4660.0,5360.0,PRIJEM,PREVOD Z UCTU,DUCHOD
663837,2267,0.5936763574711533,True,950904,20964.0,115233.4,VYBER,VYBER,
457779,1556,0.5936735050509764,True,981207,5955.0,60299.0,PRIJEM,PREVOD Z UCTU,DUCHOD
1022,4,0.5936733250290865,True,960511,5553.0,17459.0,PRIJEM,PREVOD Z UCTU,DUCHOD
884329,3013,0.5936732704281539,True,971209,4714.0,4714.0,PRIJEM,PREVOD Z UCTU,DUCHOD
881712,3004,0.5936670268768732,True,961111,4641.0,14623.0,PRIJEM,PREVOD Z UCTU,DUCHOD
902617,3075,0.5936571018291401,True,971114,5054.0,25670.0,PRIJEM,PREVOD Z UCTU,DUCHOD
85874,288,0.5936554379092934,True,950607,5315.0,16845.0,PRIJEM,PREVOD Z UCTU,DUCHOD
1142248,3906,0.5936514720456336,True,980614,50196.0,98446.0,PRIJEM,PREVOD Z UCTU,
931288,3174,0.5936422343243123,True,980308,5098.0,15694.0,PRIJEM,PREVOD Z UCTU,DUCHOD
892891,3043,0.5936412680990103,True,970507,4152.0,21560.0,PRIJEM,PREVOD Z UCTU,DUCHOD
516143,1765,0.5936356227854073,True,960809,5242.0,5642.0,PRIJEM,PREVOD Z UCTU,DUCHOD
581052,1978,0.5936304641584664,True,950609,51303.0,91336.0,PRIJEM,PREVOD Z UCTU,
79731,267,0.5936258077552697,True,950707,4847.0,15041.0,PRIJEM,PREVOD Z UCTU,DUCHOD
1077385,3680,0.5936251780172306,True,960508,5800.0,18400.0,PRIJEM,PREVOD Z UCTU,DUCHOD
359147,1220,0.5936211237541738,True,981207,5764.0,69477.3,PRIJEM,PREVOD Z UCTU,DUCHOD
3110321,10320,0.593617025592484,True,961209,38960.0,72091.6,PRIJEM,PREVOD Z UCTU,
902737,3076,0.5936101577064128,True,930714,4164.0,17356.0,PRIJEM,PREVOD Z UCTU,DUCHOD
768520,2624,0.5936080073092522,True,961205,40104.0,81490.5,PRIJEM,PREVOD Z UCTU,
790704,2696,0.593603340925347,True,970412,4673.0,14619.0,PRIJEM,PREVOD Z UCTU,DUCHOD
893232,3045,0.5936031905141386,True,950905,6079.0,18537.0,PRIJEM,PREVOD Z UCTU,DUCHOD
1041277,3560,0.5936028846836648,True,970206,5026.0,15878.0,PRIJEM,PREVOD Z UCTU,DUCHOD
90230,305,0.5935997595524838,True,970205,4430.0,17920.0,PRIJEM,PREVOD Z UCTU,DUCHOD
907406,3092,0.5935968121962484,True,960513,5649.0,29245.0,PRIJEM,PREVOD Z UCTU,DUCHOD
898293,3062,0.5935944858616843,True,980110,4467.0,22735.0,PRIJEM,PREVOD Z UCTU,DUCHOD
670887,2291,0.5935905703238573,True,960911,6563.0,13826.0,PRIJEM,PREVOD Z UCTU,DUCHOD
869478,2961,0.593582297087293,True,961209,5012.0,25460.0,PRIJEM,PREVOD Z UCTU,DUCHOD
1164605,3989,0.5935788660521757,True,950805,4016.0,20980.0,PRIJEM,PREVOD Z UCTU,DUCHOD
313080,1069,0.5935560333886271,True,930813,4621.0,5321.0,PRIJEM,PREVOD Z UCTU,DUCHOD
1793847,6083,0.5935539955643955,True,970228,48724.0,135087.9,PRIJEM,VKLAD,
887593,3027,0.5935505264073356,True,960514,4479.0,5479.0,PRIJEM,PREVOD Z UCTU,DUCHOD
518842,1772,0.5935445456330765,True,960608,72298.0,96374.8,PRIJEM,PREVOD Z UCTU,
387479,1317,0.593541218702103,True,940510,6732.0,21296.0,PRIJEM,PREVOD Z UCTU,DUCHOD
1372300,4681,0.5935307353059696,True,951208,30492.0,73289.5,PRIJEM,PREVOD Z UCTU,
741437,2531,0.5935300033150847,True,981108,6294.0,46457.8,PRIJEM,PREVOD Z UCTU,DUCHOD
157986,528,0.5935298230474241,True,970308,4568.0,14004.0,PRIJEM,PREVOD Z UCTU,DUCHOD
191358,650,0.5935275083567737,True,950410,6914.0,21842.0,PRIJEM,PREVOD Z UCTU,DUCHOD
1095420,3745,0.593511620970671,True,980606,39387.0,144198.3,PRIJEM,PREVOD Z UCTU,
874666,2980,0.5935078610457689,True,940306,4974.0,15922.0,PRIJEM,PREVOD Z UCTU,DUCHOD
682128,2328,0.5934997567778092,True,971113,6765.0,69951.6,PRIJEM,PREVOD Z UCTU,DUCHOD
980280,3345,0.5934951700628497,True,940406,4281.0,17724.0,PRIJEM,PREVOD Z UCTU,DUCHOD
19388,66,0.5934950224960827,True,950609,67070.0,109251.2,PRIJEM,PREVOD Z UCTU,
971484,3310,0.5934948156873637,True,940206,4916.0,25480.0,PRIJEM,PREVOD Z UCTU,DUCHOD
345285,1169,0.5934942477579471,True,981029,20827.0,124136.2,VYBER,VYBER,
334070,1136,0.5934896843192549,True,941212,46227.0,85754.7,PRIJEM,PREVOD Z UCTU,
1155469,3954,0.5934894323799946,True,930711,6109.0,7109.0,PRIJEM,PREVOD Z UCTU,DUCHOD
753595,2571,0.5934786257188205,True,980310,46999.0,123904.2,PRIJEM,PREVOD Z UCTU,
985888,3363,0.5934733826745945,True,950913,4412.0,14336.0,PRIJEM,PREVOD Z UCTU,DUCHOD
668298,2282,0.5934693930743283,True,940214,46101.0,112325.3,PRIJEM,PREVOD Z UCTU,
2442355,8051,0.5934676533046356,True,931205,39060.0,68065.8,PRIJEM,PREVOD Z UCTU,
1010958,3455,0.5934603435365334,True,980605,50602.0,96798.7,PRIJEM,PREVOD Z UCTU,
3442569,1464,0.5934485900520111,True,980228,421.6,126941.1,PRIJEM,,UROK
849430,2894,0.5934463957270003,True,981123,3917.0,94675.3,VYBER,VYBER,
2472473,8158,0.5934462999366644,True,980614,59676.0,89397.5,PRIJEM,PREVOD Z UCTU,
1113456,3804,0.5934449218383668,True,960607,47436.0,81937.7,PRIJEM,PREVOD Z UCTU,
209998,713,0.5934434540870951,True,970105,5670.0,17510.0,PRIJEM,PREVOD Z UCTU,DUCHOD
848008,2888,0.5934401872849903,True,961011,4006.0,20730.0,PRIJEM,PREVOD Z UCTU,DUCHOD
2502406,8261,0.5934310166453531,True,981214,32938.0,68180.5,PRIJEM,PREVOD Z UCTU,
1113462,3804,0.5934259487851532,True,961207,47436.0,67729.3,PRIJEM,PREVOD Z UCTU,
474210,1615,0.5934256192234386,True,980114,6626.0,20778.0,PRIJEM,PREVOD Z UCTU,DUCHOD
3431109,11382,0.5934221646814131,True,981210,46248.0,87362.4,PRIJEM,PREVOD Z UCTU,
565190,1924,0.593420243862159,True,981214,5266.0,69624.3,PRIJEM,PREVOD Z UCTU,DUCHOD
3455338,8132,0.59342010777999,True,981231,405.7,124312.6,PRIJEM,,UROK
406400,1383,0.593416535085674,True,960807,6909.0,28636.0,PRIJEM,PREVOD Z UCTU,DUCHOD
368326,1252,0.5934105058546044,True,961211,37032.0,76914.2,PRIJEM,PREVOD Z UCTU,
770161,2628,0.5934091476323612,True,951127,12971.0,-378.8,VYBER,VYBER,
886863,3024,0.5934073117809099,True,970405,6713.0,27252.0,PRIJEM,PREVOD Z UCTU,DUCHOD
976749,3328,0.5933977841461231,True,970614,4951.0,15653.0,PRIJEM,PREVOD Z UCTU,DUCHOD
609765,2076,0.5933936690822352,True,970112,6179.0,25516.0,PRIJEM,PREVOD Z UCTU,DUCHOD
871991,2971,0.5933904019925008,True,971128,47591.0,104990.2,PRIJEM,VKLAD,
247615,851,0.5933841045215613,True,951107,23336.0,123920.9,VYBER,VYBER,
434253,1476,0.5933817109949078,True,930706,6411.0,19433.0,PRIJEM,PREVOD Z UCTU,DUCHOD
707250,2423,0.5933797239717228,True,930512,5671.0,17413.0,PRIJEM,PREVOD Z UCTU,DUCHOD
342099,1161,0.5933795028990803,True,981214,5921.0,49282.6,PRIJEM,PREVOD Z UCTU,DUCHOD
581040,1978,0.5933702277653878,True,940609,51303.0,93928.5,PRIJEM,PREVOD Z UCTU,
446734,1517,0.593370046289696,True,970108,4569.0,23545.0,PRIJEM,PREVOD Z UCTU,DUCHOD
965831,3291,0.5933537005333469,True,970213,5355.0,17065.0,PRIJEM,PREVOD Z UCTU,DUCHOD
1044731,3572,0.5933414203921874,True,951214,6213.0,13342.8,PRIJEM,PREVOD Z UCTU,DUCHOD
1124414,3840,0.5933352811019057,True,940511,5970.0,18610.0,PRIJEM,PREVOD Z UCTU,DUCHOD
267343,915,0.5933347977486045,True,960609,58041.0,89748.6,PRIJEM,PREVOD Z UCTU,
883006,3008,0.5933248786341372,True,930306,6934.0,7134.0,PRIJEM,PREVOD Z UCTU,DUCHOD
234033,797,0.5933239185262158,True,961205,51394.0,52294.0,PRIJEM,PREVOD Z UCTU,
1754216,5952,0.5932972388947229,True,970610,52968.0,87339.9,PRIJEM,PREVOD Z UCTU,
643015,2196,0.59329085090251,True,970813,5525.0,6025.0,PRIJEM,PREVOD Z UCTU,DUCHOD
1055683,3610,0.5932899713470661,True,971008,4279.0,4979.0,PRIJEM,PREVOD Z UCTU,DUCHOD
3431085,11382,0.5932843646448606,True,961210,46248.0,78567.1,PRIJEM,PREVOD Z UCTU,
3043735,10093,0.5932800143254087,True,980608,60566.0,78210.4,PRIJEM,PREVOD Z UCTU,
1064873,3638,0.5932725082801334,True,961208,50922.0,77978.3,PRIJEM,PREVOD Z UCTU,
2781987,9208,0.5932684383571012,True,971205,30794.0,70376.1,PRIJEM,PREVOD Z UCTU,
1262491,4318,0.5932682048950866,True,930608,69144.0,106635.5,PRIJEM,PREVOD Z UCTU,
701291,2400,0.5932647417391855,True,961012,4351.0,17904.0,PRIJEM,PREVOD Z UCTU,DUCHOD
181678,617,0.5932569123207939,True,971205,39108.0,78593.6,PRIJEM,PREVOD Z UCTU,
34887,112,0.5932535668794178,True,930313,6582.0,6782.0,PRIJEM,PREVOD Z UCTU,DUCHOD
494830,1687,0.5932482519407113,True,970809,4260.0,17240.0,PRIJEM,PREVOD Z UCTU,DUCHOD
349536,1187,0.5932428753052481,True,961008,6220.0,19660.0,PRIJEM,PREVOD Z UCTU,DUCHOD
3538009,225,0.5932413713038933,True,981231,377.3,92940.2,PRIJEM,,UROK
185548,629,0.5932358302770272,True,941010,4721.0,14663.0,PRIJEM,PREVOD Z UCTU,DUCHOD
714551,2444,0.5932264264830551,True,981208,43974.0,104591.8,PRIJEM,PREVOD Z UCTU,
2489533,8212,0.5932252142765879,True,980525,3237.0,123924.2,VYBER,VYBER,
393567,1338,0.5932182498191995,True,981126,48503.0,153761.3,PRIJEM,VKLAD,
670707,2290,0.5932160076776773,True,970110,6298.0,19294.0,PRIJEM,PREVOD Z UCTU,DUCHOD
452982,1539,0.5932156806286376,True,981225,19073.0,8884.7,VYBER,VYBER,
867212,2952,0.5931945350007147,True,970708,4833.0,15399.0,PRIJEM,PREVOD Z UCTU,DUCHOD
768544,2624,0.5931919035423112,True,981205,40104.0,75769.5,PRIJEM,PREVOD Z UCTU,
670708,2290,0.5931863840301485,True,970210,6298.0,25592.0,PRIJEM,PREVOD Z UCTU,DUCHOD
778514,2654,0.5931768929835551,True,941114,6179.0,25616.0,PRIJEM,PREVOD Z UCTU,DUCHOD
160159,537,0.593169289383301,True,970111,6080.0,6580.0,PRIJEM,PREVOD Z UCTU,DUCHOD
612415,2087,0.5931622626773816,True,931031,48351.0,129908.5,PRIJEM,VKLAD,
1004639,3429,0.5931571499962184,True,981114,6664.0,43885.8,PRIJEM,PREVOD Z UCTU,DUCHOD
10165,35,0.5931541681445394,True,931105,5446.0,22384.0,PRIJEM,PREVOD Z UCTU,DUCHOD
1271715,4349,0.5931531139008868,True,971210,49152.0,78788.5,PRIJEM,PREVOD Z UCTU,
2521571,8320,0.5931392269493823,True,971209,46450.0,64962.3,PRIJEM,PREVOD Z UCTU,
2307876,7614,0.5931391339018873,True,960607,60108.0,106993.6,PRIJEM,PREVOD Z UCTU,
507927,1736,0.5931318871929717,True,970506,6075.0,19125.0,PRIJEM,PREVOD Z UCTU,DUCHOD
3084942,10233,0.5931247323599336,True,960611,35871.0,77714.9,PRIJEM,PREVOD Z UCTU,
192640,654,0.5931183278138649,True,950211,6092.0,24568.0,PRIJEM,PREVOD Z UCTU,DUCHOD
3213199,10663,0.5931125440599179,True,970608,65008.0,85554.7,PRIJEM,PREVOD Z UCTU,
980311,3345,0.5931092620744889,True,961106,4281.0,5661.2,PRIJEM,PREVOD Z UCTU,DUCHOD
843477,2871,0.5931006712032257,True,951110,6683.0,7283.0,PRIJEM,PREVOD Z UCTU,DUCHOD
862425,2937,0.5930853668188714,True,970713,4845.0,25025.0,PRIJEM,PREVOD Z UCTU,DUCHOD
370902,1262,0.5930830275185067,True,970411,6747.0,20641.0,PRIJEM,PREVOD Z UCTU,DUCHOD
600741,2045,0.5930753892543135,True,970208,6310.0,32650.0,PRIJEM,PREVOD Z UCTU,DUCHOD
1113438,3804,0.5930740205773678,True,941207,47436.0,69932.7,PRIJEM,PREVOD Z UCTU,
983442,3355,0.5930601577728725,True,981109,5768.0,73789.2,PRIJEM,PREVOD Z UCTU,DUCHOD
510929,1749,0.5930591406029759,True,951106,45608.0,46608.0,PRIJEM,PREVOD Z UCTU,
1088761,3720,0.5930557408266363,True,981214,5657.0,64738.2,PRIJEM,PREVOD Z UCTU,DUCHOD
411332,1401,0.5930555193312932,True,971210,6850.0,51101.4,PRIJEM,PREVOD Z UCTU,DUCHOD
3524514,10789,0.5930369506974926,True,970228,391.0,122368.5,PRIJEM,,UROK
984372,3357,0.5930362038209156,True,951012,6741.0,20623.0,PRIJEM,PREVOD Z UCTU,DUCHOD
555892,1892,0.5930263675982832,True,931109,4622.0,19388.0,PRIJEM,PREVOD Z UCTU,DUCHOD
649670,2220,0.5930230256173765,True,930507,6153.0,19559.0,PRIJEM,PREVOD Z UCTU,DUCHOD
1075651,3675,0.5930148962735313,True,980609,69148.0,100464.6,PRIJEM,PREVOD Z UCTU,
195883,664,0.59301107506146,True,970307,6559.0,19877.0,PRIJEM,PREVOD Z UCTU,DUCHOD
1139307,3894,0.5929939733130826,True,961010,6868.0,7468.0,PRIJEM,PREVOD Z UCTU,DUCHOD
992685,3387,0.5929922280451226,True,971210,50028.0,97842.5,PRIJEM,PREVOD Z UCTU,
887787,3028,0.592990020860725,True,940211,4214.0,21470.0,PRIJEM,PREVOD Z UCTU,DUCHOD
1206582,4128,0.5929897987579851,True,980115,46569.0,139002.0,PRIJEM,VKLAD,
589272,2006,0.5929894733928698,True,971113,5261.0,27005.0,PRIJEM,PREVOD Z UCTU,DUCHOD
980281,3345,0.592987396431607,True,940506,4281.0,22005.0,PRIJEM,PREVOD Z UCTU,DUCHOD
920759,3137,0.5929788907542736,True,981205,38038.0,74884.1,PRIJEM,PREVOD Z UCTU,
3512788,9583,0.5929709124520584,True,980228,374.2,121546.8,PRIJEM,,UROK
572101,1947,0.5929488496583493,True,981207,6860.0,64753.4,PRIJEM,PREVOD Z UCTU,DUCHOD
999243,3412,0.5929436227748414,True,970414,5703.0,23212.0,PRIJEM,PREVOD Z UCTU,DUCHOD
2976378,9859,0.5929410681270118,True,971208,45094.0,67774.1,PRIJEM,PREVOD Z UCTU,
1147155,3924,0.5929403597116688,True,960507,4764.0,14592.0,PRIJEM,PREVOD Z UCTU,DUCHOD
3253477,10807,0.5929390707777016,True,960605,50602.0,92407.6,PRIJEM,PREVOD Z UCTU,
3538965,255,0.5929384363717625,True,970131,405.1,99740.7,PRIJEM,,UROK
1052813,3601,0.5929382550882469,True,950913,5827.0,18181.0,PRIJEM,PREVOD Z UCTU,DUCHOD
1125023,3842,0.5929286822989348,True,970608,5031.0,15893.0,PRIJEM,PREVOD Z UCTU,DUCHOD
331162,1128,0.5929193374571557,True,981207,6189.0,66388.4,PRIJEM,PREVOD Z UCTU,DUCHOD
3213175,10663,0.592911932079357,True,950608,65008.0,84584.9,PRIJEM,PREVOD Z UCTU,
2147657,7274,0.592908704278325,True,980118,44748.0,105561.0,PRIJEM,VKLAD,
3110345,10320,0.5929074556485243,True,981209,38960.0,68227.7,PRIJEM,PREVOD Z UCTU,
514256,1760,0.5929000938665372,True,981206,4871.0,54302.8,PRIJEM,PREVOD Z UCTU,DUCHOD
272962,934,0.5928970769631247,True,980414,6025.0,30425.0,PRIJEM,PREVOD Z UCTU,DUCHOD
1135327,3880,0.5928890553314021,True,961013,6871.0,21413.0,PRIJEM,PREVOD Z UCTU,DUCHOD
871200,2968,0.5928862527337416,True,970612,53322.0,88433.4,PRIJEM,PREVOD Z UCTU,
456507,1551,0.592883760612029,True,970905,6647.0,21041.0,PRIJEM,PREVOD Z UCTU,DUCHOD
49317,165,0.592867034367146,True,981211,6864.0,62488.8,PRIJEM,PREVOD Z UCTU,DUCHOD
1688664,5724,0.592861000678036,True,951214,43605.0,68531.8,PRIJEM,PREVOD Z UCTU,
11489,39,0.592852767185203,True,931005,6474.0,7574.0,PRIJEM,PREVOD Z UCTU,DUCHOD
273472,937,0.5928518880136672,True,960110,4435.0,23075.0,PRIJEM,PREVOD Z UCTU,DUCHOD
980317,3345,0.5928498214984378,True,970506,4281.0,4192.5,PRIJEM,PREVOD Z UCTU,DUCHOD
1113486,3804,0.5928465502555512,True,981207,47436.0,81516.8,PRIJEM,PREVOD Z UCTU,
922422,3144,0.5928387032510415,True,960707,6085.0,25140.0,PRIJEM,PREVOD Z UCTU,DUCHOD
550467,1875,0.5928360189027083,True,930910,4641.0,5641.0,PRIJEM,PREVOD Z UCTU,DUCHOD
259085,887,0.5928319697047072,True,930505,4514.0,4514.0,PRIJEM,PREVOD Z UCTU,DUCHOD
755344,2577,0.5928306332541036,True,951107,5941.0,24764.0,PRIJEM,PREVOD Z UCTU,DUCHOD
3511338,9455,0.5928268770901688,True,970228,397.9,98192.1,PRIJEM,,UROK
651019,2225,0.592823925783812,True,960208,4272.0,5272.0,PRIJEM,PREVOD Z UCTU,DUCHOD
635546,2170,0.5928210930977699,True,981106,49847.0,132011.4,PRIJEM,PREVOD Z UCTU,
853681,2910,0.5928112215430037,True,980109,43748.0,101041.7,PRIJEM,PREVOD Z UCTU,
930370,3171,0.5928003229657528,True,931014,4848.0,5748.0,PRIJEM,PREVOD Z UCTU,DUCHOD
2688531,8899,0.592798502316462,True,980129,45470.0,131721.6,PRIJEM,VKLAD,
402456,1371,0.5927888574488015,True,940710,4611.0,14233.0,PRIJEM,PREVOD Z UCTU,DUCHOD
3026911,10036,0.5927865297956691,True,971211,24870.0,118446.9,VYBER,VYBER,
2735847,9051,0.5927860919116454,True,970529,49377.0,124303.8,PRIJEM,VKLAD,
2929825,9703,0.5927819183923151,True,981208,50904.0,82203.2,PRIJEM,PREVOD Z UCTU,
445820,1515,0.5927817717410764,True,960607,41014.0,92575.9,PRIJEM,PREVOD Z UCTU,
2579204,8519,0.5927817395381689,True,970612,56019.0,87993.8,PRIJEM,PREVOD Z UCTU,
791829,2700,0.5927631303626019,True,951206,45612.0,65159.1,PRIJEM,PREVOD Z UCTU,
1010934,3455,0.59273851747204,True,960605,50602.0,92407.6,PRIJEM,PREVOD Z UCTU,
1074390,3671,0.5927328728651599,True,971005,4498.0,5498.0,PRIJEM,PREVOD Z UCTU,DUCHOD
703255,2410,0.5927221845990459,True,981111,6105.0,77564.2,PRIJEM,PREVOD Z UCTU,DUCHOD
1245350,4260,0.592722024631306,True,981206,36680.0,70564.3,PRIJEM,PREVOD Z UCTU,
1052815,3601,0.5927017854339213,True,951113,5827.0,29835.0,PRIJEM,PREVOD Z UCTU,DUCHOD
681252,2326,0.5926992124457023,True,940427,49848.0,144917.7,PRIJEM,VKLAD,
747107,2549,0.5926963223278304,True,981112,6345.0,60556.8,PRIJEM,PREVOD Z UCTU,DUCHOD
321159,1098,0.5926857552813236,True,981205,5784.0,62585.3,PRIJEM,PREVOD Z UCTU,DUCHOD
845020,2877,0.5926705069958894,True,960610,66615.0,96542.4,PRIJEM,PREVOD Z UCTU,
1174180,4026,0.5926636678572249,True,971208,39306.0,78165.8,PRIJEM,PREVOD Z UCTU,
888908,3032,0.5926629650289544,True,981205,6605.0,54445.4,PRIJEM,PREVOD Z UCTU,DUCHOD
2929789,9703,0.5926595005879978,True,951208,50904.0,81724.0,PRIJEM,PREVOD Z UCTU,
944315,3221,0.5926586349387122,True,971109,5330.0,51053.9,PRIJEM,PREVOD Z UCTU,DUCHOD
3018870,10005,0.5926541816494689,True,980608,52688.0,86124.1,PRIJEM,PREVOD Z UCTU,
570046,1940,0.5926445357603779,True,940305,4660.0,14680.0,PRIJEM,PREVOD Z UCTU,DUCHOD
118672,398,0.5926437731932113,True,971105,4839.0,5139.0,PRIJEM,PREVOD Z UCTU,DUCHOD
646896,2211,0.592641848500435,True,980205,47050.0,109056.6,PRIJEM,PREVOD Z UCTU,
950712,3241,0.5926410122007048,True,981112,6282.0,73996.8,PRIJEM,PREVOD Z UCTU,DUCHOD
671442,2293,0.5926408836694639,True,930512,6745.0,20935.0,PRIJEM,PREVOD Z UCTU,DUCHOD
1065238,3640,0.5926297941595489,True,931112,6454.0,6754.0,PRIJEM,PREVOD Z UCTU,DUCHOD
1736613,5891,0.5926237761122537,True,930612,48891.0,102410.3,PRIJEM,PREVOD Z UCTU,
160600,539,0.5926237736975029,True,940227,47401.0,117203.8,PRIJEM,VKLAD,
508782,1741,0.5926234791280084,True,950807,4785.0,15455.0,PRIJEM,PREVOD Z UCTU,DUCHOD
2521583,8320,0.5926224597620053,True,981209,46450.0,69410.8,PRIJEM,PREVOD Z UCTU,
808219,2754,0.5926157128789533,True,980612,62868.0,97854.9,PRIJEM,PREVOD Z UCTU,
1166081,3996,0.5926055552569892,True,970909,6646.0,21038.0,PRIJEM,PREVOD Z UCTU,DUCHOD
597790,2035,0.5926031532754183,True,980605,44084.0,82499.4,PRIJEM,PREVOD Z UCTU,
1065239,3640,0.5926023833937683,True,931212,6454.0,13225.8,PRIJEM,PREVOD Z UCTU,DUCHOD
2868645,9493,0.5925783885246522,True,971210,35378.0,83375.1,PRIJEM,PREVOD Z UCTU,
873131,2974,0.5925747072649518,True,930612,5582.0,17846.0,PRIJEM,PREVOD Z UCTU,DUCHOD
892890,3043,0.5925728711487641,True,970407,4152.0,17408.0,PRIJEM,PREVOD Z UCTU,DUCHOD
55852,187,0.5925711161735867,True,930714,4197.0,16988.0,PRIJEM,PREVOD Z UCTU,DUCHOD
478658,1631,0.5925631448911368,True,970211,4115.0,20975.0,PRIJEM,PREVOD Z UCTU,DUCHOD
99394,340,0.592553989812659,True,980114,5774.0,47680.6,PRIJEM,PREVOD Z UCTU,DUCHOD
185549,629,0.5925527370288182,True,941110,4721.0,19384.0,PRIJEM,PREVOD Z UCTU,DUCHOD
1143351,3910,0.592548389624434,True,970407,4506.0,14518.0,PRIJEM,PREVOD Z UCTU,DUCHOD
983386,3355,0.5925414003202353,True,940309,5768.0,6868.0,PRIJEM,PREVOD Z UCTU,DUCHOD
132614,445,0.5925401620172629,True,931211,28446.0,69411.4,PRIJEM,PREVOD Z UCTU,
216400,736,0.5925194389659356,True,980114,4031.0,8573.0,PRIJEM,PREVOD Z UCTU,DUCHOD
409269,1394,0.5925129040704487,True,950512,6341.0,32305.0,PRIJEM,PREVOD Z UCTU,DUCHOD
572436,1948,0.5924977792445023,True,970730,45635.0,149751.1,PRIJEM,VKLAD,
1164031,3985,0.59249523623549,True,971006,4077.0,13131.0,PRIJEM,PREVOD Z UCTU,DUCHOD
980324,3345,0.5924941184485737,True,971206,4281.0,5240.6,PRIJEM,PREVOD Z UCTU,DUCHOD
2908713,9635,0.5924904189099289,True,950114,4470.0,5596.5,PRIJEM,PREVOD Z UCTU,DUCHOD
671443,2293,0.5924858063375873,True,930612,6745.0,27680.0,PRIJEM,PREVOD Z UCTU,DUCHOD
122075,410,0.5924850373537828,True,970313,5738.0,28890.0,PRIJEM,PREVOD Z UCTU,DUCHOD
3145156,10439,0.5924777469735413,True,960608,56835.0,82494.1,PRIJEM,PREVOD Z UCTU,
67250,224,0.5924762680426849,True,961111,5776.0,6876.0,PRIJEM,PREVOD Z UCTU,DUCHOD
866073,2949,0.5924747584809213,True,950311,6410.0,32450.0,PRIJEM,PREVOD Z UCTU,DUCHOD
974999,3322,0.5924699238312661,True,981029,49336.0,78269.6,PRIJEM,VKLAD,
1191196,4079,0.5924695077861105,True,980731,44125.0,129989.1,PRIJEM,VKLAD,
668326,2282,0.5924564797391533,True,960614,69152.0,101395.3,PRIJEM,PREVOD Z UCTU,
1049058,3588,0.5924558510900529,True,960909,6679.0,20737.0,PRIJEM,PREVOD Z UCTU,DUCHOD
2382544,7857,0.5924514610316762,True,950610,57164.0,93271.8,PRIJEM,PREVOD Z UCTU,
321100,1098,0.5924199409614268,True,940105,5784.0,6384.0,PRIJEM,PREVOD Z UCTU,DUCHOD
590483,2010,0.5924080020722703,True,940109,5815.0,6915.0,PRIJEM,PREVOD Z UCTU,DUCHOD
2382580,7857,0.5924031401284927,True,980610,57164.0,88305.6,PRIJEM,PREVOD Z UCTU,
447607,1520,0.5924021685960067,True,981205,6005.0,44901.4,PRIJEM,PREVOD Z UCTU,DUCHOD
796145,2712,0.5924017963766778,True,981211,6604.0,51118.9,PRIJEM,PREVOD Z UCTU,DUCHOD
2931502,9707,0.5923999176523952,True,960326,48334.0,120755.0,PRIJEM,VKLAD,
915291,3120,0.5923965707264074,True,961105,5685.0,28825.0,PRIJEM,PREVOD Z UCTU,DUCHOD
928036,3164,0.5923923024252401,True,940311,6154.0,19462.0,PRIJEM,PREVOD Z UCTU,DUCHOD
545967,1858,0.5923856762714932,True,950509,6648.0,20844.0,PRIJEM,PREVOD Z UCTU,DUCHOD
48712,163,0.5923808085012182,True,981213,6698.0,43751.5,PRIJEM,PREVOD Z UCTU,DUCHOD
3464732,3110,0.5923746641010763,True,970131,6.4,2506.4,PRIJEM,,UROK
957964,3264,0.5923598320721488,True,940207,5096.0,20584.0,PRIJEM,PREVOD Z UCTU,DUCHOD
231539,788,0.5923502850062993,True,960914,5473.0,17319.0,PRIJEM,PREVOD Z UCTU,DUCHOD
221133,751,0.592346960600578,True,930906,4350.0,18300.0,PRIJEM,PREVOD Z UCTU,DUCHOD
909657,3099,0.5923467768949772,True,930807,6019.0,18857.0,PRIJEM,PREVOD Z UCTU,DUCHOD
685081,2339,0.5923387123669804,True,961011,5893.0,6393.0,PRIJEM,PREVOD Z UCTU,DUCHOD
3469576,4283,0.5923337891384551,True,981231,397.6,100638.1,PRIJEM,,UROK
433902,1475,0.592329787211195,True,950929,22647.0,27710.3,VYBER,VYBER,
2523491,8327,0.5923150674978388,True,951226,48620.0,101096.1,PRIJEM,VKLAD,
504996,1725,0.5923107747329667,True,980610,71805.0,98556.7,PRIJEM,PREVOD Z UCTU,
316145,1079,0.5923046020742976,True,931205,40524.0,80160.6,PRIJEM,PREVOD Z UCTU,
118330,397,0.5922973168735338,True,961214,46358.0,110069.3,PRIJEM,PREVOD Z UCTU,
334094,1136,0.5922950265798984,True,961212,46227.0,80758.6,PRIJEM,PREVOD Z UCTU,
653123,2233,0.5922796428458859,True,960114,5893.0,6293.0,PRIJEM,PREVOD Z UCTU,DUCHOD
163536,546,0.5922756782567481,True,970406,4410.0,23150.0,PRIJEM,PREVOD Z UCTU,DUCHOD
1113432,3804,0.5922716162555647,True,940607,47436.0,79962.8,PRIJEM,PREVOD Z UCTU,
587825,2001,0.5922689490018737,True,960606,58653.0,89304.1,PRIJEM,PREVOD Z UCTU,
666749,2276,0.5922666374814526,True,940312,4794.0,24370.0,PRIJEM,PREVOD Z UCTU,DUCHOD
369091,1255,0.592266244719577,True,981205,52401.0,65585.9,PRIJEM,PREVOD Z UCTU,
992030,3384,0.5922656295121461,True,981211,6211.0,50390.9,PRIJEM,PREVOD Z UCTU,DUCHOD
837257,2849,0.5922614422235941,True,940111,6677.0,27608.0,PRIJEM,PREVOD Z UCTU,DUCHOD
703193,2410,0.5922582884779021,True,930911,6105.0,25020.0,PRIJEM,PREVOD Z UCTU,DUCHOD
1552700,5283,0.5922476703273106,True,980114,45222.0,109208.7,PRIJEM,PREVOD Z UCTU,
988273,3370,0.5922369007119508,True,931209,35782.0,36382.0,PRIJEM,PREVOD Z UCTU,
568545,1935,0.5922251127060176,True,980606,74812.0,108892.7,PRIJEM,PREVOD Z UCTU,
287665,986,0.5922211165659027,True,960505,6057.0,6657.0,PRIJEM,PREVOD Z UCTU,DUCHOD
303189,1032,0.5922201448937608,True,971105,49765.0,126900.4,PRIJEM,PREVOD Z UCTU,
649378,2219,0.5922194985338146,True,970118,5400.0,150804.6,VYDAJ,VYBER KARTOU,
368350,1252,0.5922091104662935,True,981211,37032.0,86290.3,PRIJEM,PREVOD Z UCTU,
2464001,8127,0.5922067282774314,True,950325,46574.0,164648.6,PRIJEM,VKLAD,
317020,1081,0.5922042347392854,True,970313,4512.0,14336.0,PRIJEM,PREVOD Z UCTU,DUCHOD
1110243,3791,0.5921981280951312,True,961206,41520.0,73603.0,PRIJEM,PREVOD Z UCTU,
796080,2712,0.5921885791390444,True,930711,6604.0,26816.0,PRIJEM,PREVOD Z UCTU,DUCHOD
445808,1515,0.59218047486274,True,950607,41014.0,89932.0,PRIJEM,PREVOD Z UCTU,
1245338,4260,0.5921795542387439,True,971206,36680.0,69681.0,PRIJEM,PREVOD Z UCTU,
468952,1597,0.5921761367623182,True,980106,6701.0,43729.2,PRIJEM,PREVOD Z UCTU,DUCHOD
406416,1383,0.5921635502847122,True,971207,6909.0,47043.7,PRIJEM,PREVOD Z UCTU,DUCHOD
883416,3009,0.5921582180421191,True,960208,4109.0,5009.0,PRIJEM,PREVOD Z UCTU,DUCHOD
745025,2543,0.5921554956077338,True,930314,6148.0,13412.2,PRIJEM,PREVOD Z UCTU,DUCHOD
922622,3145,0.5921539878804607,True,931209,5611.0,5911.0,PRIJEM,PREVOD Z UCTU,DUCHOD
234937,802,0.5921515117966102,True,950412,5376.0,21804.0,PRIJEM,PREVOD Z UCTU,DUCHOD
351775,1195,0.5921503876737837,True,970311,6223.0,19469.0,PRIJEM,PREVOD Z UCTU,DUCHOD
66005,220,0.5921426439368375,True,930708,5271.0,16213.0,PRIJEM,PREVOD Z UCTU,DUCHOD
1128640,3856,0.5921389050061343,True,961214,4938.0,5438.0,PRIJEM,PREVOD Z UCTU,DUCHOD
3062453,10152,0.5921275367599277,True,980101,42363.0,127987.9,PRIJEM,VKLAD,
82618,277,0.5921198395642724,True,980226,48487.0,128091.4,PRIJEM,VKLAD,
77659,259,0.5921146671565082,True,940205,6523.0,26692.0,PRIJEM,PREVOD Z UCTU,DUCHOD
1080842,3691,0.5921140489523258,True,930509,6540.0,20020.0,PRIJEM,PREVOD Z UCTU,DUCHOD
501787,1710,0.5921114301824891,True,970910,6885.0,28440.0,PRIJEM,PREVOD Z UCTU,DUCHOD
87453,292,0.5920959791112731,True,970511,4696.0,14488.0,PRIJEM,PREVOD Z UCTU,DUCHOD
1652429,5602,0.5920772721705455,True,960928,49867.0,139525.4,PRIJEM,VKLAD,
449902,1530,0.592050641142521,True,950613,5550.0,6450.0,PRIJEM,PREVOD Z UCTU,DUCHOD
206772,702,0.5920414282422175,True,930907,4220.0,13460.0,PRIJEM,PREVOD Z UCTU,DUCHOD
355931,1206,0.5920376393345436,True,960110,5383.0,17049.0,PRIJEM,PREVOD Z UCTU,DUCHOD
2383407,7859,0.5920353238615643,True,960613,54092.0,109338.9,PRIJEM,PREVOD Z UCTU,
442050,1503,0.592031018523728,True,960709,4757.0,14571.0,PRIJEM,PREVOD Z UCTU,DUCHOD
34956,112,0.592028337160078,True,981213,6582.0,52752.3,PRIJEM,PREVOD Z UCTU,DUCHOD
34944,112,0.592028337160078,True,971213,6582.0,52894.7,PRIJEM,PREVOD Z UCTU,DUCHOD
85420,287,0.5920262016757212,True,931110,4562.0,5162.0,PRIJEM,PREVOD Z UCTU,DUCHOD
1039571,3555,0.5920218652692004,True,941213,30822.0,64434.7,PRIJEM,PREVOD Z UCTU,
495332,1689,0.5920158129520307,True,940106,5058.0,20932.0,PRIJEM,PREVOD Z UCTU,DUCHOD
1416,6,0.5920116974629541,True,981211,6669.0,51878.9,PRIJEM,PREVOD Z UCTU,DUCHOD
269330,923,0.5920051548821197,True,960207,5678.0,5678.0,PRIJEM,PREVOD Z UCTU,DUCHOD
3047739,10105,0.5920002632867801,True,980924,22452.0,138046.2,VYBER,VYBER,
737263,2519,0.5919911996326315,True,930507,5544.0,22676.0,PRIJEM,PREVOD Z UCTU,DUCHOD
74534,246,0.5919797825119383,True,980314,4486.0,14158.0,PRIJEM,PREVOD Z UCTU,DUCHOD
561984,1912,0.5919787226230652,True,940107,6338.0,32690.0,PRIJEM,PREVOD Z UCTU,DUCHOD
877408,2989,0.591964785642181,True,931207,5093.0,5693.0,PRIJEM,PREVOD Z UCTU,DUCHOD
328321,1120,0.5919573644521402,True,940205,5428.0,22612.0,PRIJEM,PREVOD Z UCTU,DUCHOD
457597,1555,0.5919553147116021,True,970407,6260.0,32400.0,PRIJEM,PREVOD Z UCTU,DUCHOD
1404408,4784,0.5919548695190301,True,971210,44168.0,95801.1,PRIJEM,PREVOD Z UCTU,
1747405,5927,0.5919414772984721,True,951029,16713.0,-2081.2,VYBER,VYBER,
882103,3006,0.5919335748928725,True,950113,6416.0,6616.0,PRIJEM,PREVOD Z UCTU,DUCHOD
404188,1376,0.5919204385293081,True,960208,4097.0,21185.0,PRIJEM,PREVOD Z UCTU,DUCHOD
84614,283,0.5919171915842806,True,960713,4839.0,15317.0,PRIJEM,PREVOD Z UCTU,DUCHOD
10164,35,0.5919104322077988,True,931005,5446.0,16938.0,PRIJEM,PREVOD Z UCTU,DUCHOD
547048,1862,0.5919087148772717,True,960608,59415.0,94658.3,PRIJEM,PREVOD Z UCTU,
1921548,6512,0.5918877904077658,True,980909,20566.0,2465.9,VYBER,VYBER,
960781,3273,0.5918811783772373,True,980609,74642.0,91063.0,PRIJEM,PREVOD Z UCTU,
659883,2253,0.5918742670039042,True,931013,6028.0,18384.0,PRIJEM,PREVOD Z UCTU,DUCHOD
99110,339,0.5918728644092071,True,981212,7801.2,97612.8,VYDAJ,PREVOD NA UCET,UVER
85423,287,0.5918691608768293,True,940210,4562.0,18848.0,PRIJEM,PREVOD Z UCTU,DUCHOD
741602,2532,0.5918615696529462,True,970410,48965.0,111411.6,PRIJEM,PREVOD Z UCTU,
691459,2363,0.5918582824894157,True,941009,6840.0,7540.0,PRIJEM,PREVOD Z UCTU,DUCHOD
179460,608,0.5918563108806072,True,950609,4635.0,14505.0,PRIJEM,PREVOD Z UCTU,DUCHOD
958615,3266,0.5918338337231467,True,970713,4504.0,19116.0,PRIJEM,PREVOD Z UCTU,DUCHOD
843480,2871,0.5918311606888839,True,960210,6683.0,27332.0,PRIJEM,PREVOD Z UCTU,DUCHOD
1977119,6699,0.5918298808956775,True,981206,23852.0,77514.9,PRIJEM,PREVOD Z UCTU,
209845,712,0.5918276545153883,True,980920,24249.0,11700.7,VYBER,VYBER,
966361,3293,0.5918254893952994,True,980610,69018.0,87414.5,PRIJEM,PREVOD Z UCTU,
2715732,8982,0.5918188858244671,True,970512,6330.2,109119.8,VYDAJ,PREVOD NA UCET,UVER
1127679,3852,0.591806277518397,True,980105,5046.0,20384.0,PRIJEM,PREVOD Z UCTU,DUCHOD
798620,2722,0.5917989216894498,True,971007,5820.0,17960.0,PRIJEM,PREVOD Z UCTU,DUCHOD
363126,1235,0.5917841523026358,True,940412,4339.0,22195.0,PRIJEM,PREVOD Z UCTU,DUCHOD
547867,1865,0.5917804293426551,True,971205,6256.0,42819.5,PRIJEM,PREVOD Z UCTU,DUCHOD
234057,797,0.5917710541229486,True,981205,51394.0,59440.5,PRIJEM,PREVOD Z UCTU,
791521,2699,0.5917663583463071,True,980611,67348.0,88528.9,PRIJEM,PREVOD Z UCTU,
371399,1265,0.59175903464231,True,960307,6797.0,7097.0,PRIJEM,PREVOD Z UCTU,DUCHOD
41900,139,0.5917477186022289,True,970613,49167.0,50167.0,PRIJEM,PREVOD Z UCTU,
17973,61,0.5917445924440335,True,940507,4019.0,20795.0,PRIJEM,PREVOD Z UCTU,DUCHOD
6529,26,0.5917378883490558,True,931212,37203.0,83469.3,PRIJEM,PREVOD Z UCTU,
893059,3044,0.5917374363127874,True,970210,4134.0,21170.0,PRIJEM,PREVOD Z UCTU,DUCHOD
131140,441,0.5917293052184229,True,940109,44730.0,45630.0,PRIJEM,PREVOD Z UCTU,
755577,2578,0.5917259754220743,True,960612,4269.0,13907.0,PRIJEM,PREVOD Z UCTU,DUCHOD
409310,1394,0.591721888430072,True,981012,6341.0,65738.2,PRIJEM,PREVOD Z UCTU,DUCHOD
547036,1862,0.5917085100750095,True,950608,59415.0,94104.1,PRIJEM,PREVOD Z UCTU,
1149464,3932,0.5916982997274902,True,961005,6957.0,21471.0,PRIJEM,PREVOD Z UCTU,DUCHOD
432330,1469,0.5916943330343905,True,960406,6228.0,25912.0,PRIJEM,PREVOD Z UCTU,DUCHOD
560581,1908,0.591665647301914,True,940914,6382.0,7082.0,PRIJEM,PREVOD Z UCTU,DUCHOD
1091585,3732,0.5916501356999274,True,970608,4673.0,5173.0,PRIJEM,PREVOD Z UCTU,DUCHOD
303201,1032,0.5916496975094904,True,981105,49765.0,128731.5,PRIJEM,PREVOD Z UCTU,
707252,2423,0.5916486665578091,True,930712,5671.0,28755.0,PRIJEM,PREVOD Z UCTU,DUCHOD
357367,1212,0.5916470477990533,True,960405,6896.0,28484.0,PRIJEM,PREVOD Z UCTU,DUCHOD
601160,2047,0.5916439235237948,True,950608,4727.0,19508.0,PRIJEM,PREVOD Z UCTU,DUCHOD
378289,1287,0.5916390789561043,True,980607,31569.0,101834.8,PRIJEM,PREVOD Z UCTU,
862421,2937,0.5916312438627521,True,970313,4845.0,5645.0,PRIJEM,PREVOD Z UCTU,DUCHOD
469897,1601,0.5916257845384703,True,930607,4042.0,16668.0,PRIJEM,PREVOD Z UCTU,DUCHOD
445790,1515,0.5916245071259096,True,931207,41014.0,75231.4,PRIJEM,PREVOD Z UCTU,
682129,2328,0.5916196037821729,True,971213,6765.0,69338.0,PRIJEM,PREVOD Z UCTU,DUCHOD
1466561,4995,0.5916164991478351,True,980601,49685.0,140649.5,PRIJEM,VKLAD,
1688676,5724,0.59161289410317,True,961214,43605.0,64224.9,PRIJEM,PREVOD Z UCTU,
479104,1633,0.5916008137691225,True,950614,5153.0,20812.0,PRIJEM,PREVOD Z UCTU,DUCHOD
733701,2508,0.5915885321462888,True,930706,4271.0,17784.0,PRIJEM,PREVOD Z UCTU,DUCHOD
597772,2035,0.5915846308439642,True,961205,44084.0,58205.3,PRIJEM,PREVOD Z UCTU,
92886,317,0.591577789598739,True,930310,5922.0,6722.0,PRIJEM,PREVOD Z UCTU,DUCHOD
915289,3120,0.5915731551464001,True,960905,5685.0,17455.0,PRIJEM,PREVOD Z UCTU,DUCHOD
457617,1555,0.5915615964380171,True,981207,6260.0,49391.8,PRIJEM,PREVOD Z UCTU,DUCHOD
42910,143,0.5915581679744163,True,970408,4924.0,25120.0,PRIJEM,PREVOD Z UCTU,DUCHOD
260180,891,0.5915484172346738,True,960813,5997.0,18991.0,PRIJEM,PREVOD Z UCTU,DUCHOD
436683,1484,0.5915403587667354,True,970110,6612.0,26648.0,PRIJEM,PREVOD Z UCTU,DUCHOD
3466881,3662,0.591532801326698,True,981231,387.7,98099.8,PRIJEM,,UROK
1099908,3757,0.5915314983010668,True,981206,44217.0,72446.8,PRIJEM,PREVOD Z UCTU,
1098527,3753,0.5915194989759918,True,950610,5937.0,24648.0,PRIJEM,PREVOD Z UCTU,DUCHOD
1754180,5952,0.5915114786275761,True,940610,52968.0,84110.0,PRIJEM,PREVOD Z UCTU,
11503,39,0.5915111185175753,True,941205,6474.0,36322.3,PRIJEM,PREVOD Z UCTU,DUCHOD
652576,2230,0.5914807332694505,True,960510,5292.0,16076.0,PRIJEM,PREVOD Z UCTU,DUCHOD
345580,1170,0.5914793033690112,True,981206,34190.0,84628.0,PRIJEM,PREVOD Z UCTU,
9654,34,0.591475191172055,True,961211,47768.0,79310.7,PRIJEM,PREVOD Z UCTU,
1466286,4994,0.591466702976842,True,980530,48754.0,94862.4,PRIJEM,VKLAD,
320221,1094,0.5914654259616817,True,961107,6023.0,25092.0,PRIJEM,PREVOD Z UCTU,DUCHOD
519756,1775,0.591462282116533,True,930507,6932.0,21696.0,PRIJEM,PREVOD Z UCTU,DUCHOD
645255,2203,0.5914513409102853,True,950407,6686.0,7486.0,PRIJEM,PREVOD Z UCTU,DUCHOD
1150063,3935,0.591450868984112,True,981206,32604.0,66609.6,PRIJEM,PREVOD Z UCTU,
1688658,5724,0.5914500831030846,True,950614,43605.0,69820.7,PRIJEM,PREVOD Z UCTU,
171813,576,0.5914378831974418,True,930111,6207.0,7107.0,PRIJEM,PREVOD Z UCTU,DUCHOD
1088697,3720,0.5914370615781993,True,930814,5657.0,6457.0,PRIJEM,PREVOD Z UCTU,DUCHOD
930373,3171,0.591433276467036,True,940114,4848.0,20292.0,PRIJEM,PREVOD Z UCTU,DUCHOD
181263,616,0.5914308712551751,True,940210,6846.0,28484.0,PRIJEM,PREVOD Z UCTU,DUCHOD
645670,2205,0.5914177890882836,True,960912,5666.0,29430.0,PRIJEM,PREVOD Z UCTU,DUCHOD
677534,2315,0.5914157065193959,True,940710,4439.0,23095.0,PRIJEM,PREVOD Z UCTU,DUCHOD
2579216,8519,0.5914124365701039,True,980612,56019.0,85255.9,PRIJEM,PREVOD Z UCTU,
791823,2700,0.591410748279667,True,950606,45612.0,77749.8,PRIJEM,PREVOD Z UCTU,
2592087,8564,0.5914093406630171,True,980612,57554.0,85858.8,PRIJEM,PREVOD Z UCTU,
2592063,8564,0.5914093406630171,True,960612,57554.0,85904.1,PRIJEM,PREVOD Z UCTU,
697960,2387,0.5914065752584929,True,960711,5121.0,5921.0,PRIJEM,PREVOD Z UCTU,DUCHOD
2292508,7562,0.5914055101811123,True,960607,58052.0,105007.1,PRIJEM,PREVOD Z UCTU,
448304,1524,0.5913937221910353,True,970513,4222.0,13766.0,PRIJEM,PREVOD Z UCTU,DUCHOD
234936,802,0.5913882440048401,True,950312,5376.0,16428.0,PRIJEM,PREVOD Z UCTU,DUCHOD
4196,18,0.5913876759285235,True,971029,39930.0,142408.4,PRIJEM,VKLAD,
134270,450,0.5913863302495865,True,960812,4393.0,14279.0,PRIJEM,PREVOD Z UCTU,DUCHOD
3110333,10320,0.5913849246045986,True,971209,38960.0,66801.1,PRIJEM,PREVOD Z UCTU,
554923,1889,0.5913789590584296,True,950605,5841.0,24164.0,PRIJEM,PREVOD Z UCTU,DUCHOD
755343,2577,0.5913747210966672,True,951007,5941.0,18823.0,PRIJEM,PREVOD Z UCTU,DUCHOD
3182371,10558,0.59137356535697,True,960430,45719.0,102286.1,PRIJEM,VKLAD,
1110255,3791,0.5913694743185884,True,971206,41520.0,74160.3,PRIJEM,PREVOD Z UCTU,
1023629,3494,0.5913680985474398,True,960805,6027.0,6927.0,PRIJEM,PREVOD Z UCTU,DUCHOD
3617838,2641,0.5913666868956272,True,981231,435.5,112332.5,PRIJEM,,UROK
649672,2220,0.5913606480667056,True,930707,6153.0,31865.0,PRIJEM,PREVOD Z UCTU,DUCHOD
1855399,6281,0.5913562478271165,True,950721,23576.0,6586.3,VYBER,VYBER,
2423531,7990,0.5913512748737267,True,961124,49815.0,144853.8,PRIJEM,VKLAD,
3464918,3167,0.5913327236719101,True,981231,390.3,100113.2,PRIJEM,,UROK
396478,1349,0.5913308495199466,True,960308,6529.0,7229.0,PRIJEM,PREVOD Z UCTU,DUCHOD
778513,2654,0.5913301695792126,True,941014,6179.0,19437.0,PRIJEM,PREVOD Z UCTU,DUCHOD
363125,1235,0.591319498151528,True,940312,4339.0,17856.0,PRIJEM,PREVOD Z UCTU,DUCHOD
170129,571,0.5913168715707439,True,961106,4883.0,19732.0,PRIJEM,PREVOD Z UCTU,DUCHOD
743544,2539,0.5913009034817879,True,970805,6160.0,25140.0,PRIJEM,PREVOD Z UCTU,DUCHOD
531385,1811,0.5912801987450687,True,980614,35918.0,80437.5,PRIJEM,PREVOD Z UCTU,
364305,1238,0.591276073766111,True,960211,6126.0,25104.0,PRIJEM,PREVOD Z UCTU,DUCHOD
3469995,4343,0.5912629609071389,True,981231,403.1,101347.7,PRIJEM,,UROK
2989079,9897,0.5912586311050778,True,981206,27122.0,64233.8,PRIJEM,PREVOD Z UCTU,
473730,1613,0.5912552611002447,True,960105,6359.0,26036.0,PRIJEM,PREVOD Z UCTU,DUCHOD
255474,878,0.591247114055976,True,961208,35124.0,74870.8,PRIJEM,PREVOD Z UCTU,
95083,323,0.5912470073934847,True,970510,6836.0,20708.0,PRIJEM,PREVOD Z UCTU,DUCHOD
3335929,11079,0.5912407182415373,True,981011,49149.0,136459.5,PRIJEM,PREVOD Z UCTU,
168894,565,0.5912361063326609,True,960311,5264.0,21756.0,PRIJEM,PREVOD Z UCTU,DUCHOD
1124740,3841,0.5912309307034668,True,950508,4547.0,18988.0,PRIJEM,PREVOD Z UCTU,DUCHOD
3098449,10280,0.5912244276978094,True,980614,52221.0,99405.5,PRIJEM,PREVOD Z UCTU,
219407,746,0.5912243290003973,True,950809,5178.0,16034.0,PRIJEM,PREVOD Z UCTU,DUCHOD
995671,3398,0.5912213753107245,True,970706,5891.0,18373.0,PRIJEM,PREVOD Z UCTU,DUCHOD
3419719,11349,0.5912131102538474,True,950608,62982.0,63182.0,PRIJEM,PREVOD Z UCTU,
867779,2955,0.5912030115555493,True,970206,5079.0,26295.0,PRIJEM,PREVOD Z UCTU,DUCHOD
915287,3120,0.5911903759711615,True,960705,5685.0,6085.0,PRIJEM,PREVOD Z UCTU,DUCHOD
555891,1892,0.5911883590857001,True,931009,4622.0,14766.0,PRIJEM,PREVOD Z UCTU,DUCHOD
475218,1620,0.5911809439193156,True,951005,6082.0,25028.0,PRIJEM,PREVOD Z UCTU,DUCHOD
1065105,3639,0.5911803937247699,True,970406,5038.0,15314.0,PRIJEM,PREVOD Z UCTU,DUCHOD
945640,3224,0.5911727789141121,True,961210,6483.0,13386.1,PRIJEM,PREVOD Z UCTU,DUCHOD
1124111,3839,0.5911503261770503,True,951210,46082.0,89685.0,PRIJEM,PREVOD Z UCTU,
575763,1961,0.5911410539722071,True,950914,5764.0,6564.0,PRIJEM,PREVOD Z UCTU,DUCHOD
568958,1937,0.5911396623015657,True,930812,4896.0,15788.0,PRIJEM,PREVOD Z UCTU,DUCHOD
1048186,3585,0.591127975383025,True,960912,6242.0,19026.0,PRIJEM,PREVOD Z UCTU,DUCHOD
90079,304,0.5911226879865549,True,981208,49764.0,65009.6,PRIJEM,PREVOD Z UCTU,
224348,764,0.5911148187229569,True,930605,6238.0,32290.0,PRIJEM,PREVOD Z UCTU,DUCHOD
46917,157,0.5911135263007331,True,970406,6918.0,7118.0,PRIJEM,PREVOD Z UCTU,DUCHOD
1139828,3896,0.5911124445314017,True,981210,50620.0,77668.2,PRIJEM,PREVOD Z UCTU,
1014793,3469,0.5911024293120964,True,930813,5822.0,18266.0,PRIJEM,PREVOD Z UCTU,DUCHOD
1020931,3486,0.5910957975131014,True,981113,4264.0,51067.7,PRIJEM,PREVOD Z UCTU,DUCHOD
889934,3035,0.5910925098086209,True,960611,69468.0,90986.3,PRIJEM,PREVOD Z UCTU,
711317,2432,0.5910856374407434,True,981209,5880.0,41169.8,PRIJEM,PREVOD Z UCTU,DUCHOD
777592,2651,0.5910730932475332,True,970612,53894.0,88509.0,PRIJEM,PREVOD Z UCTU,
486694,1659,0.5910551278946127,True,970410,5887.0,23948.0,PRIJEM,PREVOD Z UCTU,DUCHOD
216512,737,0.5910467789498709,True,931212,4497.0,5197.0,PRIJEM,PREVOD Z UCTU,DUCHOD
816939,2782,0.5910460992815176,True,981213,39042.0,90997.8,PRIJEM,PREVOD Z UCTU,
188088,636,0.5910362132190806,True,970907,4584.0,23920.0,PRIJEM,PREVOD Z UCTU,DUCHOD
1088760,3720,0.5910314053060103,True,981114,5657.0,64323.2,PRIJEM,PREVOD Z UCTU,DUCHOD
664912,2270,0.5910289062873193,True,970605,5407.0,16821.0,PRIJEM,PREVOD Z UCTU,DUCHOD
1156605,3957,0.5910058456762178,True,961209,45694.0,95686.8,PRIJEM,PREVOD Z UCTU,
490133,1673,0.5910021787480702,True,940406,4408.0,18532.0,PRIJEM,PREVOD Z UCTU,DUCHOD
1072479,3665,0.5909894233298669,True,980717,45719.0,110697.9,PRIJEM,VKLAD,
249573,857,0.5909882128079442,True,940113,4529.0,19216.0,PRIJEM,PREVOD Z UCTU,DUCHOD
1081217,3692,0.5909811363061048,True,970712,4895.0,15185.0,PRIJEM,PREVOD Z UCTU,DUCHOD
347063,1176,0.5909792264619108,True,970210,4556.0,19324.0,PRIJEM,PREVOD Z UCTU,DUCHOD
2967167,9828,0.5909735591851201,True,960605,47472.0,84998.3,PRIJEM,PREVOD Z UCTU,
967265,3296,0.59097052872606,True,980614,69132.0,88256.5,PRIJEM,PREVOD Z UCTU,
966014,3292,0.5909635032661531,True,940313,4805.0,15215.0,PRIJEM,PREVOD Z UCTU,DUCHOD
1032788,3531,0.5909620536181116,True,981210,6962.0,41635.9,PRIJEM,PREVOD Z UCTU,DUCHOD
896728,3055,0.5909604493733567,True,960913,6814.0,28156.0,PRIJEM,PREVOD Z UCTU,DUCHOD
470275,1602,0.5909587526954394,True,940207,4944.0,25320.0,PRIJEM,PREVOD Z UCTU,DUCHOD
2655667,8784,0.5909586415203761,True,970610,55186.0,76162.5,PRIJEM,PREVOD Z UCTU,
259629,889,0.5909584927092209,True,980405,4976.0,20204.0,PRIJEM,PREVOD Z UCTU,DUCHOD
584296,1989,0.5909497269940162,True,950208,4220.0,21300.0,PRIJEM,PREVOD Z UCTU,DUCHOD
53947,180,0.5909475595283543,True,941029,20403.0,11989.3,VYBER,VYBER,
820973,2796,0.590943207652151,True,971210,60954.0,61954.0,PRIJEM,PREVOD Z UCTU,
626204,2139,0.590924807533742,True,981210,42494.0,72674.4,PRIJEM,PREVOD Z UCTU,
875181,2982,0.5909155951256723,True,960608,73128.0,74028.0,PRIJEM,PREVOD Z UCTU,
591376,2012,0.5909130354210482,True,980107,6761.0,41487.0,PRIJEM,PREVOD Z UCTU,DUCHOD
57303,191,0.5909108825832001,True,980610,66314.0,104997.5,PRIJEM,PREVOD Z UCTU,
1098557,3753,0.5909096495238713,True,971210,5937.0,49905.9,PRIJEM,PREVOD Z UCTU,DUCHOD
183527,624,0.5908953051972742,True,960322,45548.0,142973.2,PRIJEM,VKLAD,
1052109,3599,0.5908941149471331,True,940608,5440.0,17020.0,PRIJEM,PREVOD Z UCTU,DUCHOD
760555,2595,0.590891306765913,True,981214,6828.0,34040.0,PRIJEM,PREVOD Z UCTU,DUCHOD
120121,403,0.5908890665090386,True,980414,5563.0,76942.1,PRIJEM,PREVOD Z UCTU,DUCHOD
170128,571,0.590887807855736,True,961006,4883.0,14849.0,PRIJEM,PREVOD Z UCTU,DUCHOD
1116073,3812,0.5908736891149462,True,950605,4980.0,25300.0,PRIJEM,PREVOD Z UCTU,DUCHOD
777580,2651,0.5908731710825409,True,960612,53894.0,90407.9,PRIJEM,PREVOD Z UCTU,
42906,143,0.5908641096091442,True,961208,4924.0,5424.0,PRIJEM,PREVOD Z UCTU,DUCHOD
978169,3336,0.5908600913255522,True,950106,5692.0,23668.0,PRIJEM,PREVOD Z UCTU,DUCHOD
419285,1422,0.5908583986651099,True,930808,5842.0,23768.0,PRIJEM,PREVOD Z UCTU,DUCHOD
587813,2001,0.5908556416233334,True,950606,58653.0,79550.7,PRIJEM,PREVOD Z UCTU,
2442391,8051,0.5908540066152773,True,961205,39060.0,72670.8,PRIJEM,PREVOD Z UCTU,
2929783,9703,0.5908451946670242,True,950608,50904.0,106945.5,PRIJEM,PREVOD Z UCTU,
1278730,4375,0.5908427092887665,True,981113,47883.0,119353.8,PRIJEM,PREVOD Z UCTU,
1028178,3511,0.590837124489649,True,960809,5485.0,6485.0,PRIJEM,PREVOD Z UCTU,DUCHOD
1115667,3810,0.5908227516336262,True,981110,6541.0,58188.4,PRIJEM,PREVOD Z UCTU,DUCHOD
159952,536,0.5908106524774841,True,970206,5012.0,20948.0,PRIJEM,PREVOD Z UCTU,DUCHOD
420553,1426,0.5908092268678482,True,960308,4022.0,20310.0,PRIJEM,PREVOD Z UCTU,DUCHOD
2929795,9703,0.590790418647964,True,960608,50904.0,99867.5,PRIJEM,PREVOD Z UCTU,
911206,3107,0.590789651857986,True,980911,6300.0,95062.7,PRIJEM,PREVOD Z UCTU,DUCHOD
868378,2958,0.5907890139158604,True,940213,5265.0,26725.0,PRIJEM,PREVOD Z UCTU,DUCHOD
772202,2636,0.5907851566743383,True,970211,4882.0,15246.0,PRIJEM,PREVOD Z UCTU,DUCHOD
1688688,5724,0.5907842422926006,True,971214,43605.0,62032.7,PRIJEM,PREVOD Z UCTU,
1003007,3424,0.5907816608012182,True,960328,47544.0,151731.2,PRIJEM,VKLAD,
991732,3382,0.590781633733037,True,980317,45841.0,116379.1,PRIJEM,VKLAD,
985890,3363,0.5907804274390979,True,951113,4412.0,23160.0,PRIJEM,PREVOD Z UCTU,DUCHOD
356804,1209,0.5907485621154991,True,980108,5353.0,16959.0,PRIJEM,PREVOD Z UCTU,DUCHOD
488266,1665,0.5907464569383285,True,970711,6531.0,20393.0,PRIJEM,PREVOD Z UCTU,DUCHOD
288388,989,0.5907398486374504,True,940808,5114.0,26570.0,PRIJEM,PREVOD Z UCTU,DUCHOD
531391,1811,0.5907377240289531,True,981214,35918.0,72593.3,PRIJEM,PREVOD Z UCTU,
903824,3080,0.5907134320072743,True,960211,5585.0,22740.0,PRIJEM,PREVOD Z UCTU,DUCHOD
445838,1515,0.590702557630676,True,971207,41014.0,72041.1,PRIJEM,PREVOD Z UCTU,
752969,2569,0.5906875447991257,True,961208,6772.0,34804.1,PRIJEM,PREVOD Z UCTU,DUCHOD
351996,1196,0.5906735396976873,True,980102,47003.0,152655.5,PRIJEM,VKLAD,
462704,1574,0.5906720370071249,True,971014,4058.0,21290.0,PRIJEM,PREVOD Z UCTU,DUCHOD
456508,1551,0.5906674398640392,True,971005,6647.0,27688.0,PRIJEM,PREVOD Z UCTU,DUCHOD
118294,397,0.5906638336007861,True,931214,46358.0,73885.9,PRIJEM,PREVOD Z UCTU,
3445355,253,0.5906632046568324,True,981231,417.1,106814.9,PRIJEM,,UROK
763078,2606,0.5906624808492797,True,981205,4499.0,34455.6,PRIJEM,PREVOD Z UCTU,DUCHOD
3314627,11013,0.5906553866483399,True,930313,42244.0,42844.0,PRIJEM,PREVOD Z UCTU,
2343674,7733,0.5906508309556687,True,981114,42791.0,116825.8,PRIJEM,PREVOD Z UCTU,
494829,1687,0.5906500316763377,True,970709,4260.0,12980.0,PRIJEM,PREVOD Z UCTU,DUCHOD
279772,958,0.5906420456760125,True,960609,6491.0,6691.0,PRIJEM,PREVOD Z UCTU,DUCHOD
1086708,3713,0.5906406290287857,True,961118,12904.0,79778.7,VYBER,VYBER,
566435,1928,0.5906379181675889,True,980430,23522.0,6751.0,VYBER,VYBER,
1059523,3622,0.5906281043620668,True,950728,48843.0,133647.6,PRIJEM,VKLAD,
273468,937,0.5906237860089947,True,950910,4435.0,5335.0,PRIJEM,PREVOD Z UCTU,DUCHOD
80761,271,0.5906206117322222,True,981114,6906.0,59794.8,PRIJEM,PREVOD Z UCTU,DUCHOD
173150,581,0.5906131570121746,True,970307,4890.0,24950.0,PRIJEM,PREVOD Z UCTU,DUCHOD
635537,2170,0.5906123123244102,True,980206,49847.0,119446.2,PRIJEM,PREVOD Z UCTU,
1292363,4416,0.5906092226881079,True,961126,49892.0,107915.5,PRIJEM,VKLAD,
1084401,3704,0.5906084140259692,True,930509,6242.0,25468.0,PRIJEM,PREVOD Z UCTU,DUCHOD
3589241,1789,0.5905991314608057,True,980228,328.0,68037.6,PRIJEM,,UROK
1245,5,0.5905901521798919,True,970813,5017.0,15651.0,PRIJEM,PREVOD Z UCTU,DUCHOD
164905,552,0.5905892304565598,True,940107,5145.0,26625.0,PRIJEM,PREVOD Z UCTU,DUCHOD
682132,2328,0.5905843048910813,True,980313,6765.0,67122.1,PRIJEM,PREVOD Z UCTU,DUCHOD
1068646,3651,0.5905783318971735,True,930607,5081.0,21124.0,PRIJEM,PREVOD Z UCTU,DUCHOD
519194,1773,0.5905748979741087,True,930914,4316.0,21880.0,PRIJEM,PREVOD Z UCTU,DUCHOD
37891,123,0.5905709916982717,True,930805,4843.0,24415.0,PRIJEM,PREVOD Z UCTU,DUCHOD
1063728,3634,0.5905693562395351,True,980309,48511.0,111374.4,PRIJEM,PREVOD Z UCTU,
1149899,3934,0.5905588919130017,True,980406,6362.0,26148.0,PRIJEM,PREVOD Z UCTU,DUCHOD
35291,113,0.5905580338611908,True,960806,6417.0,7017.0,PRIJEM,PREVOD Z UCTU,DUCHOD
444359,1511,0.5905578489987309,True,960330,23445.0,77663.8,VYBER,VYBER,
229926,783,0.5905572332382076,True,980106,4864.0,20456.0,PRIJEM,PREVOD Z UCTU,DUCHOD
295580,1009,0.5905563174295589,True,970611,66434.0,96762.7,PRIJEM,PREVOD Z UCTU,
1047900,3584,0.590554831201655,True,970608,50740.0,72891.5,PRIJEM,PREVOD Z UCTU,
630419,2152,0.5905471954415307,True,971106,4880.0,5980.0,PRIJEM,PREVOD Z UCTU,DUCHOD
1131688,3868,0.5905465027558525,True,930905,5362.0,5562.0,PRIJEM,PREVOD Z UCTU,DUCHOD
494946,1688,0.5905439211451275,True,930509,5439.0,17117.0,PRIJEM,PREVOD Z UCTU,DUCHOD
2095375,7101,0.5905425150728407,True,970526,49831.0,115329.8,PRIJEM,VKLAD,
888177,3029,0.5905412744350712,True,970307,5978.0,18634.0,PRIJEM,PREVOD Z UCTU,DUCHOD
398086,1354,0.59053885620624,True,970709,4620.0,5620.0,PRIJEM,PREVOD Z UCTU,DUCHOD
556979,1896,0.5905338732747707,True,960831,47091.0,144478.3,PRIJEM,VKLAD,
733053,2505,0.5905240277538858,True,960913,4431.0,17924.0,PRIJEM,PREVOD Z UCTU,DUCHOD
3122146,10361,0.590521382013522,True,970607,65160.0,99735.3,PRIJEM,PREVOD Z UCTU,
626180,2139,0.590515800679477,True,961210,42494.0,64262.7,PRIJEM,PREVOD Z UCTU,
918379,3131,0.5905119830383496,True,981207,31880.0,69502.3,PRIJEM,PREVOD Z UCTU,
412673,1404,0.5904955603865683,True,981202,45942.0,146017.0,PRIJEM,VKLAD,
475256,1620,0.5904944971358921,True,981205,6082.0,46233.6,PRIJEM,PREVOD Z UCTU,DUCHOD
779167,2656,0.5904891089565298,True,970513,5046.0,16038.0,PRIJEM,PREVOD Z UCTU,DUCHOD
194287,658,0.5904851756389343,True,960112,4655.0,5255.0,PRIJEM,PREVOD Z UCTU,DUCHOD
828192,2820,0.5904794045539039,True,980306,5175.0,15825.0,PRIJEM,PREVOD Z UCTU,DUCHOD
147473,494,0.5904754649553473,True,940930,47523.0,113664.4,PRIJEM,VKLAD,
2908750,9635,0.5904726044428784,True,980214,4470.0,6404.2,PRIJEM,PREVOD Z UCTU,DUCHOD
762436,2603,0.5904660411222045,True,961107,5416.0,27380.0,PRIJEM,PREVOD Z UCTU,DUCHOD
886734,3023,0.5904655187437713,True,971014,6121.0,6121.0,PRIJEM,PREVOD Z UCTU,DUCHOD
2699824,8934,0.5904496676911071,True,950404,22259.0,670.9,VYBER,VYBER,
1052482,3600,0.5904478306170959,True,981205,6623.0,57195.1,PRIJEM,PREVOD Z UCTU,DUCHOD
157025,525,0.5904431429049668,True,981227,46726.0,158444.3,PRIJEM,VKLAD,
624378,2131,0.5904421171366376,True,960713,6087.0,6987.0,PRIJEM,PREVOD Z UCTU,DUCHOD
1613996,5481,0.5904360716155765,True,950607,54645.0,92810.1,PRIJEM,PREVOD Z UCTU,
218196,742,0.5904266133308844,True,940207,4263.0,4663.0,PRIJEM,PREVOD Z UCTU,DUCHOD
2579168,8519,0.590422208955389,True,940612,56019.0,81120.2,PRIJEM,PREVOD Z UCTU,
1370,6,0.590419798532936,True,950211,6669.0,34245.0,PRIJEM,PREVOD Z UCTU,DUCHOD
763026,2606,0.5904055767769796,True,940805,4499.0,5599.0,PRIJEM,PREVOD Z UCTU,DUCHOD
787815,2685,0.590402965242204,True,961105,4703.0,4903.0,PRIJEM,PREVOD Z UCTU,DUCHOD
3335918,11079,0.5904002958617685,True,971111,49149.0,110967.7,PRIJEM,PREVOD Z UCTU,
23968,79,0.5904000444560391,True,970412,4182.0,21510.0,PRIJEM,PREVOD Z UCTU,DUCHOD
2820261,9337,0.5903914122433193,True,971217,39987.0,161684.6,PRIJEM,VKLAD,
1614871,5483,0.5903898178713755,True,941102,19956.0,7772.0,VYBER,VYBER,
247205,850,0.5903820629883051,True,970614,43257.0,88285.1,PRIJEM,PREVOD Z UCTU,
657602,2247,0.5903606537618988,True,960530,43021.0,145620.3,PRIJEM,VKLAD,
2862200,9472,0.590359857919189,True,960123,46989.0,131365.3,PRIJEM,VKLAD,
971483,3310,0.590357485555612,True,940106,4916.0,20564.0,PRIJEM,PREVOD Z UCTU,DUCHOD
191356,650,0.5903547694502856,True,950210,6914.0,8014.0,PRIJEM,PREVOD Z UCTU,DUCHOD
292119,1000,0.590352347903715,True,980607,47022.0,89636.5,PRIJEM,PREVOD Z UCTU,
869476,2961,0.5903467660563037,True,961009,5012.0,15436.0,PRIJEM,PREVOD Z UCTU,DUCHOD
195884,664,0.5903449840522264,True,970407,6559.0,26436.0,PRIJEM,PREVOD Z UCTU,DUCHOD
94283,321,0.5903439697458507,True,940307,5163.0,21752.0,PRIJEM,PREVOD Z UCTU,DUCHOD
131145,441,0.5903358772860756,True,940609,67095.0,92122.2,PRIJEM,PREVOD Z UCTU,
1004615,3429,0.5903337613775486,True,961114,6664.0,41729.6,PRIJEM,PREVOD Z UCTU,DUCHOD
141992,475,0.5903306608814238,True,971010,4319.0,21795.0,PRIJEM,PREVOD Z UCTU,DUCHOD
740446,2528,0.5903290440525579,True,930711,4236.0,17944.0,PRIJEM,PREVOD Z UCTU,DUCHOD
554773,1888,0.5903154020950098,True,981105,22348.0,3917.8,VYBER,VYBER,
930867,3173,0.5903151565376988,True,930910,4235.0,18040.0,PRIJEM,PREVOD Z UCTU,DUCHOD
456511,1551,0.5903124607247805,True,980105,6647.0,35958.1,PRIJEM,PREVOD Z UCTU,DUCHOD
359342,1221,0.5903095786497365,True,970527,43946.0,115487.0,PRIJEM,VKLAD,
1037272,3548,0.5903035560831166,True,981206,6022.0,40405.5,PRIJEM,PREVOD Z UCTU,DUCHOD
237043,810,0.5902968963902134,True,951114,4798.0,4998.0,PRIJEM,PREVOD Z UCTU,DUCHOD
2378531,7844,0.5902968356042894,True,931205,47906.0,48906.0,PRIJEM,PREVOD Z UCTU,
692399,2366,0.5902907319474738,True,970810,5226.0,16378.0,PRIJEM,PREVOD Z UCTU,DUCHOD
171036,574,0.590289023483571,True,950606,60729.0,107256.6,PRIJEM,PREVOD Z UCTU,
296718,1012,0.590288703259116,True,980610,36818.0,78911.4,PRIJEM,PREVOD Z UCTU,
2520387,8316,0.5902856777311425,True,981230,49823.0,142576.3,PRIJEM,VKLAD,
1149898,3934,0.5902829801778968,True,980306,6362.0,19786.0,PRIJEM,PREVOD Z UCTU,DUCHOD
490134,1673,0.5902797135248515,True,940506,4408.0,22940.0,PRIJEM,PREVOD Z UCTU,DUCHOD
1006831,3438,0.5902730818055131,True,970513,5506.0,28530.0,PRIJEM,PREVOD Z UCTU,DUCHOD
95221,324,0.590269057134308,True,970110,5279.0,26895.0,PRIJEM,PREVOD Z UCTU,DUCHOD
1132733,3871,0.5902678581131682,True,981106,4356.0,58741.1,PRIJEM,PREVOD Z UCTU,DUCHOD
700136,2396,0.5902662775802924,True,930305,4203.0,4703.0,PRIJEM,PREVOD Z UCTU,DUCHOD
535224,1823,0.5902577871848625,True,970105,4941.0,20764.0,PRIJEM,PREVOD Z UCTU,DUCHOD
221880,754,0.5902531576748474,True,951005,6248.0,25792.0,PRIJEM,PREVOD Z UCTU,DUCHOD
2779991,9201,0.5902480185526073,True,970107,43002.0,105933.4,PRIJEM,PREVOD Z UCTU,
506521,1730,0.5902456797873169,True,981106,6689.0,70951.6,PRIJEM,PREVOD Z UCTU,DUCHOD
1613984,5481,0.5902363649141965,True,940607,54645.0,93694.6,PRIJEM,PREVOD Z UCTU,
639934,2185,0.5902327084739424,True,950514,5266.0,21964.0,PRIJEM,PREVOD Z UCTU,DUCHOD
335022,1139,0.5902242654251326,True,980430,46357.0,123679.3,PRIJEM,VKLAD,
122925,413,0.5902231329494854,True,961005,5041.0,15323.0,PRIJEM,PREVOD Z UCTU,DUCHOD
3538988,255,0.5902222940750864,True,981231,377.3,101533.5,PRIJEM,,UROK
2079509,7049,0.5902206402682685,True,980305,49519.0,111650.4,PRIJEM,PREVOD Z UCTU,
3122164,10361,0.590214523140548,True,981207,65160.0,72355.7,PRIJEM,PREVOD Z UCTU,
263464,901,0.5902042190602054,True,940711,4618.0,5518.0,PRIJEM,PREVOD Z UCTU,DUCHOD
313083,1069,0.5902012094831959,True,931113,4621.0,19184.0,PRIJEM,PREVOD Z UCTU,DUCHOD
1157045,3960,0.5901991924017032,True,930605,4807.0,19728.0,PRIJEM,PREVOD Z UCTU,DUCHOD
110594,374,0.5901939993659041,True,971205,34562.0,92471.6,PRIJEM,PREVOD Z UCTU,
316181,1079,0.5901934471770739,True,961205,40524.0,74760.0,PRIJEM,PREVOD Z UCTU,
1077387,3680,0.5901911631445064,True,960708,5800.0,30000.0,PRIJEM,PREVOD Z UCTU,DUCHOD
886584,3022,0.5901870174824134,True,970207,4755.0,19720.0,PRIJEM,PREVOD Z UCTU,DUCHOD
739918,2527,0.590186765923774,True,960825,49513.0,141835.2,PRIJEM,VKLAD,
693903,2373,0.5901828322532471,True,970108,4812.0,20348.0,PRIJEM,PREVOD Z UCTU,DUCHOD
668355,2282,0.5901785641376577,True,981114,46101.0,137393.0,PRIJEM,PREVOD Z UCTU,
668343,2282,0.5901785641376577,True,971114,46101.0,139270.2,PRIJEM,PREVOD Z UCTU,
1015178,3470,0.5901733847475082,True,970509,5427.0,22408.0,PRIJEM,PREVOD Z UCTU,DUCHOD
502201,1712,0.5901709897402589,True,970305,6104.0,24616.0,PRIJEM,PREVOD Z UCTU,DUCHOD
223813,762,0.5901692761188091,True,960113,5984.0,18852.0,PRIJEM,PREVOD Z UCTU,DUCHOD
236156,807,0.5901675461000399,True,961206,30344.0,69304.4,PRIJEM,PREVOD Z UCTU,
433917,1475,0.5901573015588782,True,970323,24932.0,16485.5,VYBER,VYBER,
445850,1515,0.590132984201241,True,981207,41014.0,70588.1,PRIJEM,PREVOD Z UCTU,
244943,841,0.5901300407274762,True,931207,5772.0,12365.9,PRIJEM,PREVOD Z UCTU,DUCHOD
869477,2961,0.5901294656416424,True,961109,5012.0,20448.0,PRIJEM,PREVOD Z UCTU,DUCHOD
489455,1671,0.5901243536420946,True,930508,6567.0,7667.0,PRIJEM,PREVOD Z UCTU,DUCHOD
855414,2915,0.5901136228378342,True,950410,47983.0,116687.6,PRIJEM,PREVOD Z UCTU,
237315,811,0.5901050787157038,True,981207,46545.0,90780.6,PRIJEM,PREVOD Z UCTU,
85424,287,0.590099787490536,True,940310,4562.0,23410.0,PRIJEM,PREVOD Z UCTU,DUCHOD
498395,1699,0.59009820024145,True,930605,5224.0,26920.0,PRIJEM,PREVOD Z UCTU,DUCHOD
75750,252,0.5900961027379312,True,970506,5798.0,29990.0,PRIJEM,PREVOD Z UCTU,DUCHOD
597778,2035,0.5900881180820912,True,970605,44084.0,72650.6,PRIJEM,PREVOD Z UCTU,
519757,1775,0.5900846939710396,True,930607,6932.0,28628.0,PRIJEM,PREVOD Z UCTU,DUCHOD
2908703,9635,0.5900732338788516,True,940314,4470.0,6222.7,PRIJEM,PREVOD Z UCTU,DUCHOD
1386675,4725,0.5900698570180036,True,971206,42068.0,65629.0,PRIJEM,PREVOD Z UCTU,
324588,1108,0.590068794582286,True,981107,4730.0,55646.2,PRIJEM,PREVOD Z UCTU,DUCHOD
501802,1710,0.5900686546666923,True,981210,6885.0,50243.3,PRIJEM,PREVOD Z UCTU,DUCHOD
663083,2264,0.5900659247756922,True,970414,4767.0,24835.0,PRIJEM,PREVOD Z UCTU,DUCHOD
320220,1094,0.5900469756270331,True,961007,6023.0,19069.0,PRIJEM,PREVOD Z UCTU,DUCHOD
3335924,11079,0.59004613158098,True,980511,49149.0,127253.6,PRIJEM,PREVOD Z UCTU,
237044,810,0.5900440237052739,True,951214,4798.0,9807.8,PRIJEM,PREVOD Z UCTU,DUCHOD
87451,292,0.5900436015522462,True,970311,4696.0,5096.0,PRIJEM,PREVOD Z UCTU,DUCHOD
545322,1855,0.5900404451972885,True,970214,5172.0,21088.0,PRIJEM,PREVOD Z UCTU,DUCHOD
1665937,5650,0.5900397482302994,True,971212,36975.0,69658.3,PRIJEM,PREVOD Z UCTU,
3055602,10131,0.5900273301711813,True,951211,24173.0,648.6,VYBER,VYBER,
762434,2603,0.5900234689163583,True,960907,5416.0,16548.0,PRIJEM,PREVOD Z UCTU,DUCHOD
1070689,3657,0.5900219246083225,True,980114,5569.0,23276.0,PRIJEM,PREVOD Z UCTU,DUCHOD
1468145,5001,0.5900187218964555,True,971223,49529.0,130537.3,PRIJEM,VKLAD,
1534967,5228,0.5900132794082806,True,980805,49681.0,133272.9,PRIJEM,PREVOD Z UCTU,
302444,1030,0.5900116029121084,True,981010,6364.0,47701.5,PRIJEM,PREVOD Z UCTU,DUCHOD
102702,350,0.5900030096897018,True,970111,6309.0,19427.0,PRIJEM,PREVOD Z UCTU,DUCHOD
477639,1628,0.5899962835104997,True,930112,4276.0,4976.0,PRIJEM,PREVOD Z UCTU,DUCHOD
539088,1833,0.5899948498612806,True,980310,6646.0,27484.0,PRIJEM,PREVOD Z UCTU,DUCHOD
913235,3113,0.5899911484294058,True,960830,47911.0,146810.2,PRIJEM,VKLAD,
931563,3176,0.589982742436548,True,970607,4595.0,14385.0,PRIJEM,PREVOD Z UCTU,DUCHOD
153866,516,0.5899810225383798,True,960211,6747.0,7247.0,PRIJEM,PREVOD Z UCTU,DUCHOD
55853,187,0.5899765926101185,True,930814,4197.0,21185.0,PRIJEM,PREVOD Z UCTU,DUCHOD
566680,1930,0.5899754585772037,True,930910,6520.0,20660.0,PRIJEM,PREVOD Z UCTU,DUCHOD
487674,1663,0.589974349240867,True,981209,6366.0,54070.3,PRIJEM,PREVOD Z UCTU,DUCHOD
886735,3023,0.5899723817496679,True,971114,6121.0,12956.8,PRIJEM,PREVOD Z UCTU,DUCHOD
941887,3214,0.5899545596002604,True,970510,4019.0,4019.0,PRIJEM,PREVOD Z UCTU,DUCHOD
283306,973,0.5899541825251042,True,941114,5760.0,6360.0,PRIJEM,PREVOD Z UCTU,DUCHOD
635727,2170,0.5899454939401363,True,981206,6011.0,150448.0,VYDAJ,PREVOD NA UCET,POJISTNE
3062458,10152,0.5899443507592529,True,981101,23989.0,17936.6,VYBER,VYBER,
48324,162,0.5899435393968686,True,940106,5188.0,26140.0,PRIJEM,PREVOD Z UCTU,DUCHOD
478263,1630,0.5899432872093932,True,931111,5862.0,24348.0,PRIJEM,PREVOD Z UCTU,DUCHOD
1150039,3935,0.5899323586790719,True,961206,32604.0,64781.0,PRIJEM,PREVOD Z UCTU,
19370,66,0.5899280795811406,True,931209,67070.0,67470.0,PRIJEM,PREVOD Z UCTU,
509365,1743,0.5899250233395769,True,981213,4260.0,51485.0,PRIJEM,PREVOD Z UCTU,DUCHOD
1161387,3977,0.5899248289610747,True,940205,4636.0,23980.0,PRIJEM,PREVOD Z UCTU,DUCHOD
788962,2690,0.5899219085273171,True,970706,6632.0,27128.0,PRIJEM,PREVOD Z UCTU,DUCHOD
991993,3384,0.5899093284794147,True,951111,6211.0,7311.0,PRIJEM,PREVOD Z UCTU,DUCHOD
1010757,3454,0.5899088386605558,True,970313,6596.0,33480.0,PRIJEM,PREVOD Z UCTU,DUCHOD
318498,1088,0.5898908939008386,True,940313,5600.0,17300.0,PRIJEM,PREVOD Z UCTU,DUCHOD
259435,888,0.5898882408076811,True,961108,6107.0,6907.0,PRIJEM,PREVOD Z UCTU,DUCHOD
843075,2869,0.5898876871853632,True,970107,5289.0,21356.0,PRIJEM,PREVOD Z UCTU,DUCHOD
118675,398,0.5898834416317595,True,980205,4839.0,19656.0,PRIJEM,PREVOD Z UCTU,DUCHOD
49666,166,0.5898708285624477,True,970109,4566.0,23630.0,PRIJEM,PREVOD Z UCTU,DUCHOD
1166096,3996,0.5898706100261861,True,981209,6646.0,43796.4,PRIJEM,PREVOD Z UCTU,DUCHOD
427039,1451,0.5898606809760677,True,930913,6490.0,20470.0,PRIJEM,PREVOD Z UCTU,DUCHOD
343702,1166,0.5898501095634194,True,941210,27946.0,62402.6,PRIJEM,PREVOD Z UCTU,
2378537,7844,0.5898485830645662,True,940605,47906.0,82202.9,PRIJEM,PREVOD Z UCTU,
1155471,3954,0.5898465725754961,True,930911,6109.0,19327.0,PRIJEM,PREVOD Z UCTU,DUCHOD
1164977,3991,0.5898457560851527,True,970412,6943.0,28072.0,PRIJEM,PREVOD Z UCTU,DUCHOD
1193770,4086,0.5898411002586426,True,970606,63536.0,104385.1,PRIJEM,PREVOD Z UCTU,
2908738,9635,0.5898396380950357,True,970214,4470.0,7976.4,PRIJEM,PREVOD Z UCTU,DUCHOD
857429,2923,0.5898382829383695,True,950505,4179.0,17216.0,PRIJEM,PREVOD Z UCTU,DUCHOD
137180,460,0.5898325908806424,True,940805,5922.0,24788.0,PRIJEM,PREVOD Z UCTU,DUCHOD
576554,1964,0.589821840442453,True,960609,6547.0,27288.0,PRIJEM,PREVOD Z UCTU,DUCHOD
870502,2965,0.5898059149375515,True,960305,5617.0,28985.0,PRIJEM,PREVOD Z UCTU,DUCHOD
743548,2539,0.5898010444810616,True,971205,6160.0,33768.5,PRIJEM,PREVOD Z UCTU,DUCHOD
495333,1689,0.5897975272216583,True,940206,5058.0,25990.0,PRIJEM,PREVOD Z UCTU,DUCHOD
764365,2610,0.5897970900371655,True,970411,6858.0,27732.0,PRIJEM,PREVOD Z UCTU,DUCHOD
754681,2575,0.5897848242971426,True,970710,6618.0,20854.0,PRIJEM,PREVOD Z UCTU,DUCHOD
418308,1419,0.5897810119162694,True,940311,6051.0,18553.0,PRIJEM,PREVOD Z UCTU,DUCHOD
23967,79,0.5897782293006494,True,970312,4182.0,17328.0,PRIJEM,PREVOD Z UCTU,DUCHOD
267367,915,0.5897773684576532,True,980609,58041.0,90382.3,PRIJEM,PREVOD Z UCTU,
1159380,3970,0.589772631074112,True,980611,57232.0,87251.1,PRIJEM,PREVOD Z UCTU,
40027,130,0.5897633871766215,True,970511,6813.0,20739.0,PRIJEM,PREVOD Z UCTU,DUCHOD
480215,1637,0.5897613519867395,True,930113,5718.0,6218.0,PRIJEM,PREVOD Z UCTU,DUCHOD
522165,1782,0.5897606509469453,True,971210,6542.0,67198.7,PRIJEM,PREVOD Z UCTU,DUCHOD
385067,1308,0.5897602686366556,True,970113,5119.0,20876.0,PRIJEM,PREVOD Z UCTU,DUCHOD
991994,3384,0.589743881104072,True,951211,6211.0,13542.3,PRIJEM,PREVOD Z UCTU,DUCHOD
76747,255,0.5897434985328507,True,970608,57250.0,86418.9,PRIJEM,PREVOD Z UCTU,
861177,2933,0.5897418547027622,True,961226,48618.0,175150.7,PRIJEM,VKLAD,
506462,1730,0.5897294260589325,True,931206,6689.0,30567.8,PRIJEM,PREVOD Z UCTU,DUCHOD
975806,3325,0.5897285341309413,True,980608,54776.0,107473.4,PRIJEM,PREVOD Z UCTU,
405666,1381,0.5897193477447535,True,931106,4058.0,5058.0,PRIJEM,PREVOD Z UCTU,DUCHOD
1243,5,0.589717185836924,True,970613,5017.0,5617.0,PRIJEM,PREVOD Z UCTU,DUCHOD
739002,2524,0.5897113294916391,True,950314,6263.0,19089.0,PRIJEM,PREVOD Z UCTU,DUCHOD
888711,3031,0.5897064071954594,True,970310,4184.0,4184.0,PRIJEM,PREVOD Z UCTU,DUCHOD
902738,3076,0.5897060699309902,True,930814,4164.0,21520.0,PRIJEM,PREVOD Z UCTU,DUCHOD
508657,1740,0.5896965566853827,True,970710,4070.0,16880.0,PRIJEM,PREVOD Z UCTU,DUCHOD
251263,862,0.5896916874759965,True,950608,66500.0,98430.5,PRIJEM,PREVOD Z UCTU,
883419,3009,0.5896866829568452,True,960508,4109.0,17336.0,PRIJEM,PREVOD Z UCTU,DUCHOD
1084468,3704,0.5896831158946638,True,981209,6242.0,49736.3,PRIJEM,PREVOD Z UCTU,DUCHOD
42184,141,0.5896830774955375,True,960609,45248.0,89315.8,PRIJEM,PREVOD Z UCTU,
320641,1096,0.5896805975261858,True,970314,6435.0,6835.0,PRIJEM,PREVOD Z UCTU,DUCHOD
2912569,9645,0.589675927757119,True,970608,52322.0,88783.9,PRIJEM,PREVOD Z UCTU,
3018864,10005,0.589675316310471,True,971208,52688.0,52888.0,PRIJEM,PREVOD Z UCTU,
1020895,3486,0.5896702158770004,True,951113,4264.0,9541.4,PRIJEM,PREVOD Z UCTU,DUCHOD
591359,2012,0.589666558232398,True,960807,6761.0,28044.0,PRIJEM,PREVOD Z UCTU,DUCHOD
1665925,5650,0.5896610087082164,True,961212,36975.0,70932.6,PRIJEM,PREVOD Z UCTU,
255118,876,0.5896460535501362,True,971107,6187.0,7287.0,PRIJEM,PREVOD Z UCTU,DUCHOD
2095380,7101,0.5896452221047759,True,961213,22760.0,-2166.5,VYBER,VYBER,
575221,1959,0.5896441201397731,True,980105,6830.0,43358.9,PRIJEM,PREVOD Z UCTU,DUCHOD
313082,1069,0.5896422101466186,True,931013,4621.0,14563.0,PRIJEM,PREVOD Z UCTU,DUCHOD
714693,2445,0.5896269204791789,True,980328,49119.0,135318.2,PRIJEM,VKLAD,
494084,1685,0.5896177942916428,True,960331,45259.0,115940.3,PRIJEM,VKLAD,
788178,2687,0.5896151595786474,True,941214,6336.0,33874.4,PRIJEM,PREVOD Z UCTU,DUCHOD
1188854,4071,0.5896066200782971,True,961211,29808.0,74889.7,PRIJEM,PREVOD Z UCTU,
931696,3177,0.5896051490581253,True,980928,35106.0,63715.8,PRIJEM,VKLAD,
3532669,66,0.5896036364408244,True,940228,408.0,101066.7,PRIJEM,,UROK
1134114,3876,0.5895985201026661,True,970726,19971.0,136913.7,PRIJEM,VKLAD,
160182,537,0.5895959816170885,True,981211,6080.0,66876.5,PRIJEM,PREVOD Z UCTU,DUCHOD
1383942,4715,0.5895942240850384,True,970609,68788.0,96442.5,PRIJEM,PREVOD Z UCTU,
1787187,6062,0.5895931813497594,True,970607,56068.0,88872.2,PRIJEM,PREVOD Z UCTU,
846690,2883,0.5895905054658582,True,970913,5237.0,15911.0,PRIJEM,PREVOD Z UCTU,DUCHOD
1158328,3966,0.5895884917273512,True,960114,4334.0,5134.0,PRIJEM,PREVOD Z UCTU,DUCHOD
917054,3127,0.5895881287205307,True,950926,41432.0,128786.3,PRIJEM,VKLAD,
516146,1765,0.589584887092356,True,961109,5242.0,21368.0,PRIJEM,PREVOD Z UCTU,DUCHOD
66654,222,0.5895837932889926,True,981210,51614.0,75939.8,PRIJEM,PREVOD Z UCTU,
513721,1758,0.5895806722666295,True,971207,33537.0,94474.8,PRIJEM,PREVOD Z UCTU,
1113045,3802,0.5895700809241471,True,960713,4914.0,14942.0,PRIJEM,PREVOD Z UCTU,DUCHOD
1159368,3970,0.589560876310291,True,970611,57232.0,83147.6,PRIJEM,PREVOD Z UCTU,
1736625,5891,0.5895605305090884,True,940612,48891.0,79453.5,PRIJEM,PREVOD Z UCTU,
649206,2219,0.5895586694069749,True,981028,46112.0,124895.7,PRIJEM,VKLAD,
2611719,8628,0.589555149952848,True,980327,47924.0,135687.3,PRIJEM,VKLAD,
162012,542,0.5895500013725363,True,931105,4125.0,5025.0,PRIJEM,PREVOD Z UCTU,DUCHOD
743549,2539,0.5895443490770018,True,980105,6160.0,32730.6,PRIJEM,PREVOD Z UCTU,DUCHOD
739003,2524,0.5895347047181977,True,950414,6263.0,25352.0,PRIJEM,PREVOD Z UCTU,DUCHOD
2287758,7546,0.5895288797472422,True,941207,31462.0,71243.6,PRIJEM,PREVOD Z UCTU,
2908760,9635,0.5895197613117702,True,981214,4470.0,6883.7,PRIJEM,PREVOD Z UCTU,DUCHOD
666806,2276,0.5895150772779979,True,981212,4794.0,53576.2,PRIJEM,PREVOD Z UCTU,DUCHOD
120128,403,0.5895120355182255,True,981114,5563.0,76374.7,PRIJEM,PREVOD Z UCTU,DUCHOD
519193,1773,0.5895063859425568,True,930814,4316.0,17564.0,PRIJEM,PREVOD Z UCTU,DUCHOD
985889,3363,0.5895060351196052,True,951013,4412.0,18748.0,PRIJEM,PREVOD Z UCTU,DUCHOD
1146642,3922,0.5895033058746201,True,980314,5673.0,29265.0,PRIJEM,PREVOD Z UCTU,DUCHOD
933427,3184,0.5895021748455309,True,940512,5115.0,16045.0,PRIJEM,PREVOD Z UCTU,DUCHOD
1131692,3868,0.5894939079306398,True,940105,5362.0,27010.0,PRIJEM,PREVOD Z UCTU,DUCHOD
1037216,3548,0.5894937295790007,True,940406,6022.0,31110.0,PRIJEM,PREVOD Z UCTU,DUCHOD
1243796,4255,0.5894931246921782,True,931214,51645.0,80758.4,PRIJEM,PREVOD Z UCTU,
218200,742,0.5894763899711153,True,940607,4263.0,21715.0,PRIJEM,PREVOD Z UCTU,DUCHOD
347064,1176,0.5894709475445142,True,970310,4556.0,23880.0,PRIJEM,PREVOD Z UCTU,DUCHOD
448305,1524,0.5894692003468776,True,970613,4222.0,17988.0,PRIJEM,PREVOD Z UCTU,DUCHOD
984409,3357,0.5894659131805495,True,981112,6741.0,42354.8,PRIJEM,PREVOD Z UCTU,DUCHOD
2735879,9051,0.5894633007432116,True,980425,15446.0,-800.1,VYBER,VYBER,
13912,47,0.5894579219498554,True,950611,52886.0,90123.3,PRIJEM,PREVOD Z UCTU,
137534,461,0.5894566060711826,True,981106,6388.0,71821.4,PRIJEM,PREVOD Z UCTU,DUCHOD
118306,397,0.58944617009559,True,941214,46358.0,81912.3,PRIJEM,PREVOD Z UCTU,
668353,2282,0.5894444491142834,True,980914,46101.0,153308.5,PRIJEM,PREVOD Z UCTU,
3578972,1477,0.589443269410763,True,930228,9.8,3860.8,PRIJEM,,UROK
866072,2949,0.5894405371081011,True,950211,6410.0,26040.0,PRIJEM,PREVOD Z UCTU,DUCHOD
406415,1383,0.5894342986009745,True,971107,6909.0,46431.6,PRIJEM,PREVOD Z UCTU,DUCHOD
29144,96,0.5894151279932741,True,960111,44221.0,113560.2,PRIJEM,PREVOD Z UCTU,
1747414,5927,0.5894089467259828,True,960916,19435.0,347.0,VYBER,VYBER,
623313,2126,0.5894065293792216,True,980611,61624.0,108098.0,PRIJEM,PREVOD Z UCTU,
118336,397,0.5894041277943661,True,970614,46358.0,120693.1,PRIJEM,PREVOD Z UCTU,
95604,326,0.5894035945908481,True,970806,5376.0,5376.0,PRIJEM,PREVOD Z UCTU,DUCHOD
1688670,5724,0.5894019510484722,True,960614,43605.0,75040.9,PRIJEM,PREVOD Z UCTU,
36254,117,0.5894014713370704,True,930906,4903.0,5803.0,PRIJEM,PREVOD Z UCTU,DUCHOD
259439,888,0.5893962865216689,True,970308,6107.0,31335.0,PRIJEM,PREVOD Z UCTU,DUCHOD
76759,255,0.5893946892441261,True,980608,57250.0,83143.3,PRIJEM,PREVOD Z UCTU,
103354,353,0.5893920973209843,True,950906,6676.0,7676.0,PRIJEM,PREVOD Z UCTU,DUCHOD
965646,3290,0.5893917904870941,True,961210,57936.0,58136.0,PRIJEM,PREVOD Z UCTU,
105321,359,0.589391443562992,True,950308,5316.0,16348.0,PRIJEM,PREVOD Z UCTU,DUCHOD
1092724,3736,0.5893909892007313,True,960509,6963.0,7963.0,PRIJEM,PREVOD Z UCTU,DUCHOD
853682,2910,0.5893852717823855,True,980209,43748.0,101929.2,PRIJEM,PREVOD Z UCTU,
1322213,4514,0.5893826929725751,True,941014,49200.0,111888.5,PRIJEM,PREVOD Z UCTU,
682130,2328,0.5893779752186347,True,980113,6765.0,65580.1,PRIJEM,PREVOD Z UCTU,DUCHOD
163829,548,0.5893754379693571,True,961208,6444.0,36947.6,PRIJEM,PREVOD Z UCTU,DUCHOD
754682,2575,0.5893754193978209,True,970810,6618.0,27472.0,PRIJEM,PREVOD Z UCTU,DUCHOD
487673,1663,0.5893646464685818,True,981109,6366.0,53455.7,PRIJEM,PREVOD Z UCTU,DUCHOD
947998,3231,0.5893555407859,True,950712,5575.0,17525.0,PRIJEM,PREVOD Z UCTU,DUCHOD
1910424,6472,0.5893498797575406,True,980610,57680.0,83555.1,PRIJEM,PREVOD Z UCTU,
371402,1265,0.5893465417623616,True,960607,6797.0,27488.0,PRIJEM,PREVOD Z UCTU,DUCHOD
660310,2254,0.5893399343656286,True,980430,43342.0,113932.5,PRIJEM,VKLAD,
364550,1239,0.5893374673768238,True,930706,6668.0,20904.0,PRIJEM,PREVOD Z UCTU,DUCHOD
13153,44,0.5893365078126471,True,930905,4200.0,17200.0,PRIJEM,PREVOD Z UCTU,DUCHOD
1143582,3912,0.5893351058158532,True,940513,6241.0,6941.0,PRIJEM,PREVOD Z UCTU,DUCHOD
319924,1093,0.5893311078111881,True,960207,48137.0,49137.0,PRIJEM,PREVOD Z UCTU,
296294,1011,0.5893297559625535,True,980610,30604.0,99043.8,PRIJEM,PREVOD Z UCTU,
385265,1309,0.589319509134305,True,980611,59296.0,87063.1,PRIJEM,PREVOD Z UCTU,
79338,266,0.5893140239051644,True,961112,49752.0,111681.3,PRIJEM,PREVOD Z UCTU,
590485,2010,0.589308211944297,True,940309,5815.0,18545.0,PRIJEM,PREVOD Z UCTU,DUCHOD
2442403,8051,0.5893071742264607,True,971205,39060.0,68979.0,PRIJEM,PREVOD Z UCTU,
870501,2965,0.5893045107777326,True,960205,5617.0,23368.0,PRIJEM,PREVOD Z UCTU,DUCHOD
588588,2003,0.5892983647527203,True,980409,46967.0,125062.0,PRIJEM,PREVOD Z UCTU,
233909,796,0.5892978396478403,True,980828,49166.0,118645.3,PRIJEM,VKLAD,
746323,2546,0.5892952589685408,True,951103,21636.0,91352.9,VYBER,VYBER,
821265,2798,0.5892894495493375,True,941205,29714.0,65295.9,PRIJEM,PREVOD Z UCTU,
2872055,9504,0.5892846894943633,True,970605,55628.0,90087.4,PRIJEM,PREVOD Z UCTU,
2968824,9833,0.5892830629047117,True,931108,48816.0,111532.0,PRIJEM,PREVOD Z UCTU,
570048,1940,0.5892751377051789,True,940505,4660.0,24000.0,PRIJEM,PREVOD Z UCTU,DUCHOD
1238929,4240,0.5892708266102673,True,931208,41499.0,92473.8,PRIJEM,PREVOD Z UCTU,
965833,3291,0.5892694765338996,True,970413,5355.0,27775.0,PRIJEM,PREVOD Z UCTU,DUCHOD
701472,2401,0.5892638313520783,True,940907,6852.0,7952.0,PRIJEM,PREVOD Z UCTU,DUCHOD
903823,3080,0.589252859514835,True,960111,5585.0,17155.0,PRIJEM,PREVOD Z UCTU,DUCHOD
133905,449,0.5892415737177756,True,950308,4456.0,18724.0,PRIJEM,PREVOD Z UCTU,DUCHOD
538294,1831,0.5892341139180983,True,940111,6480.0,26520.0,PRIJEM,PREVOD Z UCTU,DUCHOD
980305,3345,0.5892257783343248,True,960506,4281.0,4549.8,PRIJEM,PREVOD Z UCTU,DUCHOD
2442379,8051,0.5892221116967153,True,951205,39060.0,67152.7,PRIJEM,PREVOD Z UCTU,
67253,224,0.5892200800851967,True,970211,5776.0,24204.0,PRIJEM,PREVOD Z UCTU,DUCHOD
635538,2170,0.5892153662696218,True,980306,49847.0,120590.1,PRIJEM,PREVOD Z UCTU,
787961,2686,0.5892127840295743,True,960111,5896.0,5896.0,PRIJEM,PREVOD Z UCTU,DUCHOD
570047,1940,0.5891985463670417,True,940405,4660.0,19340.0,PRIJEM,PREVOD Z UCTU,DUCHOD
1104762,3775,0.5891849621563874,True,930712,6136.0,6436.0,PRIJEM,PREVOD Z UCTU,DUCHOD
1187078,4066,0.5891750774947271,True,940610,48368.0,48768.0,PRIJEM,PREVOD Z UCTU,
887596,3027,0.5891738490359558,True,960814,4479.0,18916.0,PRIJEM,PREVOD Z UCTU,DUCHOD
911200,3107,0.5891716208411354,True,980311,6300.0,79401.8,PRIJEM,PREVOD Z UCTU,DUCHOD
791841,2700,0.5891596551440054,True,961206,45612.0,59892.2,PRIJEM,PREVOD Z UCTU,
630422,2152,0.5891557009210148,True,980206,4880.0,20620.0,PRIJEM,PREVOD Z UCTU,DUCHOD
120414,404,0.5891545545710827,True,950613,48572.0,75367.4,PRIJEM,PREVOD Z UCTU,
411344,1401,0.5891541611050335,True,981210,6850.0,43952.6,PRIJEM,PREVOD Z UCTU,DUCHOD
586531,1997,0.589150823267084,True,971213,6965.0,40839.9,PRIJEM,PREVOD Z UCTU,DUCHOD
2471344,8153,0.5891473330053246,True,980525,46958.0,140270.5,PRIJEM,VKLAD,
495732,1690,0.5891420159342988,True,951007,6736.0,6736.0,PRIJEM,PREVOD Z UCTU,DUCHOD
411333,1401,0.5891396591791954,True,980110,6850.0,49493.1,PRIJEM,PREVOD Z UCTU,DUCHOD
562043,1912,0.5891373738477408,True,981207,6338.0,45605.7,PRIJEM,PREVOD Z UCTU,DUCHOD
367725,1250,0.5891308217089221,True,961206,34246.0,58194.9,PRIJEM,PREVOD Z UCTU,
701782,2402,0.5891292205635178,True,971112,6943.0,7943.0,PRIJEM,PREVOD Z UCTU,DUCHOD
2262743,7465,0.5891281573268904,True,980330,47016.0,64530.1,PRIJEM,VKLAD,
842765,2868,0.5891106370183409,True,941106,4960.0,25600.0,PRIJEM,PREVOD Z UCTU,DUCHOD
1534966,5228,0.5891034445848735,True,980705,49681.0,125291.5,PRIJEM,PREVOD Z UCTU,
558282,1899,0.5891026788578394,True,961107,4622.0,5422.0,PRIJEM,PREVOD Z UCTU,DUCHOD
42526,142,0.5890901931978948,True,930607,4555.0,19120.0,PRIJEM,PREVOD Z UCTU,DUCHOD
347548,1179,0.5890767583338657,True,930507,4212.0,17548.0,PRIJEM,PREVOD Z UCTU,DUCHOD
143480,481,0.5890739000563888,True,981013,6633.0,58130.1,PRIJEM,PREVOD Z UCTU,DUCHOD
67252,224,0.5890710478522997,True,970111,5776.0,18428.0,PRIJEM,PREVOD Z UCTU,DUCHOD
502222,1712,0.5890682673226125,True,981205,6104.0,45220.1,PRIJEM,PREVOD Z UCTU,DUCHOD
937595,3199,0.589048639017635,True,981208,29270.0,84871.2,PRIJEM,PREVOD Z UCTU,
506841,1731,0.5890465396056812,True,930511,4758.0,19232.0,PRIJEM,PREVOD Z UCTU,DUCHOD
18798,63,0.5890464356361645,True,970312,5024.0,20696.0,PRIJEM,PREVOD Z UCTU,DUCHOD
972717,3314,0.5890419601494198,True,980127,47150.0,82163.1,PRIJEM,VKLAD,
1170315,4013,0.5890350571927041,True,970904,23674.0,23909.4,VYBER,VYBER,
3083779,10227,0.589034575225743,True,940819,24806.0,9426.8,VYBER,VYBER,
934547,3189,0.5890313420525859,True,980228,24579.0,6080.5,VYBER,VYBER,
1023657,3494,0.5890269400870531,True,981205,6027.0,45849.9,PRIJEM,PREVOD Z UCTU,DUCHOD
479134,1633,0.5890196180877023,True,971214,5153.0,39256.3,PRIJEM,PREVOD Z UCTU,DUCHOD
479122,1633,0.5890196180877023,True,961214,5153.0,40348.8,PRIJEM,PREVOD Z UCTU,DUCHOD
1029362,3515,0.5890182095057893,True,961010,4373.0,17892.0,PRIJEM,PREVOD Z UCTU,DUCHOD
484224,1649,0.5889975713908605,True,970829,48442.0,64805.4,PRIJEM,VKLAD,
1113480,3804,0.5889950114079968,True,980607,47436.0,80426.4,PRIJEM,PREVOD Z UCTU,
3564134,1016,0.588993476270301,True,981231,455.5,119384.5,PRIJEM,,UROK
569769,1939,0.5889862618752638,True,970611,74529.0,91015.8,PRIJEM,PREVOD Z UCTU,
133906,449,0.5889841683847965,True,950408,4456.0,23180.0,PRIJEM,PREVOD Z UCTU,DUCHOD
386010,1312,0.5889823690717574,True,950210,5735.0,23340.0,PRIJEM,PREVOD Z UCTU,DUCHOD
553932,1886,0.5889799430600703,True,960613,40614.0,83546.0,PRIJEM,PREVOD Z UCTU,
755578,2578,0.5889768187311977,True,960712,4269.0,18176.0,PRIJEM,PREVOD Z UCTU,DUCHOD
457616,1555,0.5889691912498758,True,981107,6260.0,50701.1,PRIJEM,PREVOD Z UCTU,DUCHOD
2967155,9828,0.5889602680918038,True,950605,47472.0,83374.1,PRIJEM,PREVOD Z UCTU,
35465,114,0.5889573880373808,True,970711,4234.0,17436.0,PRIJEM,PREVOD Z UCTU,DUCHOD
2908689,9635,0.588954434944461,True,930114,4470.0,4870.0,PRIJEM,PREVOD Z UCTU,DUCHOD
523892,1787,0.588919170733339,True,971101,21703.0,18917.3,VYBER,VYBER,
650918,2224,0.5888977280799603,True,970829,22651.0,18765.2,VYBER,VYBER,
2908749,9635,0.5888940372074691,True,980114,4470.0,6150.4,PRIJEM,PREVOD Z UCTU,DUCHOD
911201,3107,0.5888839017563258,True,980411,6300.0,83356.1,PRIJEM,PREVOD Z UCTU,DUCHOD
588563,2003,0.5888833630009175,True,960309,46967.0,113531.4,PRIJEM,PREVOD Z UCTU,
188086,636,0.5888765953973616,True,970707,4584.0,14752.0,PRIJEM,PREVOD Z UCTU,DUCHOD
3543122,384,0.5888704789480756,True,980131,373.1,130832.7,PRIJEM,,UROK
980327,3345,0.5888695020041689,True,980306,4281.0,2269.3,PRIJEM,PREVOD Z UCTU,DUCHOD
519774,1775,0.5888660701843079,True,941107,6932.0,34921.0,PRIJEM,PREVOD Z UCTU,DUCHOD
2907771,9631,0.5888648172391877,True,970401,22262.0,10102.3,VYBER,VYBER,
433874,1475,0.5888621845286918,True,981205,30826.0,78302.5,PRIJEM,PREVOD Z UCTU,
272701,933,0.5888589503759588,True,960311,6583.0,27132.0,PRIJEM,PREVOD Z UCTU,DUCHOD
1366,6,0.5888486173748471,True,941011,6669.0,7569.0,PRIJEM,PREVOD Z UCTU,DUCHOD
2008890,6806,0.58884641091703,True,971209,36434.0,83455.8,PRIJEM,PREVOD Z UCTU,
701783,2402,0.5888365500768981,True,971212,6943.0,14907.0,PRIJEM,PREVOD Z UCTU,DUCHOD
885797,3018,0.588829651579871,True,970525,47767.0,136086.6,PRIJEM,VKLAD,
3674636,6148,0.5888238061762432,True,981231,440.4,117837.6,PRIJEM,,UROK
341770,1160,0.588818290030867,True,970608,42630.0,103937.7,PRIJEM,PREVOD Z UCTU,
697168,2384,0.5888101269389913,True,950410,47906.0,110776.4,PRIJEM,PREVOD Z UCTU,
967239,3296,0.5887993375481898,True,960414,46088.0,47088.0,PRIJEM,PREVOD Z UCTU,
1113450,3804,0.5887919551573713,True,951207,47436.0,60533.7,PRIJEM,PREVOD Z UCTU,
18398,62,0.5887775986694438,True,930705,5079.0,21416.0,PRIJEM,PREVOD Z UCTU,DUCHOD
874667,2980,0.5887657048008679,True,940406,4974.0,20896.0,PRIJEM,PREVOD Z UCTU,DUCHOD
859208,2928,0.5887633160104603,True,940313,5531.0,17093.0,PRIJEM,PREVOD Z UCTU,DUCHOD
842763,2868,0.5887612300589622,True,940906,4960.0,15680.0,PRIJEM,PREVOD Z UCTU,DUCHOD
348933,1184,0.58875787523871,True,950605,56686.0,107745.0,PRIJEM,PREVOD Z UCTU,
874558,2979,0.5887563159027077,True,980213,5241.0,16423.0,PRIJEM,PREVOD Z UCTU,DUCHOD
949278,3236,0.5887558772116178,True,970714,4414.0,22370.0,PRIJEM,PREVOD Z UCTU,DUCHOD
853686,2910,0.5887471686320509,True,980609,65622.0,83329.0,PRIJEM,PREVOD Z UCTU,
702380,2406,0.5887421356579736,True,960709,4780.0,19520.0,PRIJEM,PREVOD Z UCTU,DUCHOD
66612,222,0.5887383832793067,True,950610,51614.0,106081.2,PRIJEM,PREVOD Z UCTU,
1271727,4349,0.5887379569807601,True,981210,49152.0,84959.0,PRIJEM,PREVOD Z UCTU,
414057,1407,0.5887360262195537,True,981101,4070.0,81253.0,VYBER,VYBER,
624407,2131,0.588734255933421,True,981213,6087.0,49789.4,PRIJEM,PREVOD Z UCTU,DUCHOD
560585,1908,0.5887340325801396,True,950114,6382.0,32715.2,PRIJEM,PREVOD Z UCTU,DUCHOD
870373,2964,0.5887314436189276,True,970114,4398.0,4698.0,PRIJEM,PREVOD Z UCTU,DUCHOD
1020896,3486,0.5887250320620927,True,951213,4264.0,13827.4,PRIJEM,PREVOD Z UCTU,DUCHOD
464880,1582,0.5887231855959054,True,960506,5973.0,6473.0,PRIJEM,PREVOD Z UCTU,DUCHOD
992697,3387,0.5887179198198409,True,981210,50028.0,79315.9,PRIJEM,PREVOD Z UCTU,
2698855,8931,0.5887089937903002,True,981130,47047.0,123152.7,PRIJEM,VKLAD,
1044976,3573,0.5887039126561179,True,961224,25299.0,49499.0,PRIJEM,VKLAD,
503765,1719,0.5886846483890774,True,930907,4152.0,4752.0,PRIJEM,PREVOD Z UCTU,DUCHOD
8327,30,0.5886823893090307,True,950701,24578.0,21233.4,VYBER,VYBER,
383243,1302,0.5886712793371018,True,940412,6090.0,31250.0,PRIJEM,PREVOD Z UCTU,DUCHOD
124041,417,0.5886671993131216,True,981204,24150.0,13664.3,VYBER,VYBER,
2721778,9006,0.5886641643581106,True,971230,49356.0,110887.5,PRIJEM,VKLAD,
1086295,3712,0.5886550666647965,True,950110,6074.0,25196.0,PRIJEM,PREVOD Z UCTU,DUCHOD
980328,3345,0.5886529845340456,True,980406,4281.0,2106.3,PRIJEM,PREVOD Z UCTU,DUCHOD
630423,2152,0.5886466865848498,True,980306,4880.0,25500.0,PRIJEM,PREVOD Z UCTU,DUCHOD
1049059,3588,0.5886457537984191,True,961009,6679.0,27416.0,PRIJEM,PREVOD Z UCTU,DUCHOD
697170,2384,0.5886441204235294,True,950610,71859.0,107517.3,PRIJEM,PREVOD Z UCTU,
547868,1865,0.588643591430743,True,980105,6256.0,41585.8,PRIJEM,PREVOD Z UCTU,DUCHOD
1010756,3454,0.5886339639932249,True,970213,6596.0,26884.0,PRIJEM,PREVOD Z UCTU,DUCHOD
601161,2047,0.5886322075475412,True,950708,4727.0,24235.0,PRIJEM,PREVOD Z UCTU,DUCHOD
871212,2968,0.5886277209234198,True,980612,53322.0,81115.9,PRIJEM,PREVOD Z UCTU,
2465770,8132,0.5886238572951846,True,970612,37713.0,112673.9,PRIJEM,PREVOD Z UCTU,
1125024,3842,0.5886213684239828,True,970708,5031.0,20924.0,PRIJEM,PREVOD Z UCTU,DUCHOD
366734,1247,0.5886140338043616,True,941004,21883.0,6956.5,VYBER,VYBER,
277990,951,0.5886091656139919,True,960512,4479.0,5579.0,PRIJEM,PREVOD Z UCTU,DUCHOD
889905,3035,0.5886084986452431,True,940111,46312.0,105234.9,PRIJEM,PREVOD Z UCTU,
753738,2572,0.5886003417023976,True,950207,48819.0,110604.2,PRIJEM,PREVOD Z UCTU,
1164976,3991,0.5885973843205151,True,970312,6943.0,21129.0,PRIJEM,PREVOD Z UCTU,DUCHOD
355932,1206,0.5885920639773918,True,960210,5383.0,22432.0,PRIJEM,PREVOD Z UCTU,DUCHOD
701511,2401,0.5885919028865586,True,971207,6852.0,51768.5,PRIJEM,PREVOD Z UCTU,DUCHOD
453879,1542,0.5885873622101038,True,960708,6984.0,21952.0,PRIJEM,PREVOD Z UCTU,DUCHOD
716749,2455,0.5885817115286864,True,970210,6216.0,6416.0,PRIJEM,PREVOD Z UCTU,DUCHOD
167684,561,0.5885795017825628,True,970508,6082.0,30810.0,PRIJEM,PREVOD Z UCTU,DUCHOD
1146641,3922,0.5885760128117236,True,980214,5673.0,23592.0,PRIJEM,PREVOD Z UCTU,DUCHOD
696569,2382,0.5885729813326415,True,940805,6115.0,31575.0,PRIJEM,PREVOD Z UCTU,DUCHOD
997746,3407,0.5885631386934096,True,931020,45971.0,130096.3,PRIJEM,VKLAD,
254921,875,0.5885613550725295,True,981206,6607.0,49509.7,PRIJEM,PREVOD Z UCTU,DUCHOD
438883,1492,0.5885609390946626,True,970211,4733.0,19732.0,PRIJEM,PREVOD Z UCTU,DUCHOD
944314,3221,0.5885579214957795,True,971009,5330.0,52715.3,PRIJEM,PREVOD Z UCTU,DUCHOD
17992,61,0.5885579148792591,True,951207,4019.0,31764.7,PRIJEM,PREVOD Z UCTU,DUCHOD
1548767,5270,0.5885500436925891,True,940614,67124.0,89103.3,PRIJEM,PREVOD Z UCTU,
752982,2569,0.5885459769279767,True,980108,6772.0,34763.7,PRIJEM,PREVOD Z UCTU,DUCHOD
723239,2476,0.5885413375175557,True,940408,4281.0,18024.0,PRIJEM,PREVOD Z UCTU,DUCHOD
1467334,4999,0.588539495513098,True,961206,41296.0,68047.8,PRIJEM,PREVOD Z UCTU,
2356805,7774,0.5885352647263101,True,950929,48332.0,122134.5,PRIJEM,VKLAD,
788967,2690,0.5885200634003896,True,971206,6632.0,44937.0,PRIJEM,PREVOD Z UCTU,DUCHOD
69990,234,0.5885193508356388,True,931113,5810.0,23740.0,PRIJEM,PREVOD Z UCTU,DUCHOD
485955,1656,0.5885190633915119,True,970612,35589.0,78411.8,PRIJEM,PREVOD Z UCTU,
525104,1792,0.588513604969298,True,940312,6151.0,19453.0,PRIJEM,PREVOD Z UCTU,DUCHOD
2521577,8320,0.5885111489294187,True,980609,46450.0,80465.2,PRIJEM,PREVOD Z UCTU,
359353,1221,0.5884989171565027,True,970629,49919.0,99893.3,PRIJEM,VKLAD,
867778,2955,0.5884974618350778,True,970106,5079.0,21216.0,PRIJEM,PREVOD Z UCTU,DUCHOD
3282354,10906,0.5884952622421509,True,961226,14824.0,12921.1,VYBER,VYBER,
490779,1675,0.588492602891525,True,930212,4327.0,5427.0,PRIJEM,PREVOD Z UCTU,DUCHOD
815023,2775,0.5884878248504831,True,980605,51832.0,88749.6,PRIJEM,PREVOD Z UCTU,
279964,959,0.5884877971672967,True,960614,4703.0,19812.0,PRIJEM,PREVOD Z UCTU,DUCHOD
2908715,9635,0.5884872722601232,True,950314,4470.0,7368.1,PRIJEM,PREVOD Z UCTU,DUCHOD
1322237,4514,0.5884854215181728,True,961014,49200.0,112516.5,PRIJEM,PREVOD Z UCTU,
1747417,5927,0.5884693524413839,True,960502,17774.0,1821.0,VYBER,VYBER,
489242,1670,0.5884660789697882,True,960109,4088.0,4588.0,PRIJEM,PREVOD Z UCTU,DUCHOD
796467,2713,0.5884658785647995,True,940413,6422.0,6922.0,PRIJEM,PREVOD Z UCTU,DUCHOD
260181,891,0.5884597960612807,True,960913,5997.0,24988.0,PRIJEM,PREVOD Z UCTU,DUCHOD
345112,1169,0.5884546061747467,True,981029,47151.0,144963.2,PRIJEM,VKLAD,
2465728,8132,0.58845256563845,True,931212,37713.0,75195.8,PRIJEM,PREVOD Z UCTU,
875208,2982,0.5884496918001126,True,980908,48752.0,110965.9,PRIJEM,PREVOD Z UCTU,
374418,1275,0.5884496849117957,True,960908,5447.0,16641.0,PRIJEM,PREVOD Z UCTU,DUCHOD
1534936,5228,0.5884446682629223,True,960105,49681.0,107565.8,PRIJEM,PREVOD Z UCTU,
249574,857,0.5884387045706263,True,940213,4529.0,23745.0,PRIJEM,PREVOD Z UCTU,DUCHOD
2819095,9333,0.5884385270922747,True,980221,46161.0,111004.9,PRIJEM,VKLAD,
267355,915,0.5884337921596905,True,970609,58041.0,89158.7,PRIJEM,PREVOD Z UCTU,
402278,1370,0.5884281907307702,True,970207,5800.0,29600.0,PRIJEM,PREVOD Z UCTU,DUCHOD
17050,58,0.5884276670202995,True,960908,5804.0,6404.0,PRIJEM,PREVOD Z UCTU,DUCHOD
48711,163,0.5884238175731732,True,981113,6698.0,41895.5,PRIJEM,PREVOD Z UCTU,DUCHOD
235827,805,0.5884229927198548,True,980504,23812.0,4224.2,VYBER,VYBER,
745082,2543,0.5884224828568468,True,971214,6148.0,67925.5,PRIJEM,PREVOD Z UCTU,DUCHOD
49251,165,0.588421228182559,True,930611,6864.0,7864.0,PRIJEM,PREVOD Z UCTU,DUCHOD
296724,1012,0.5884102428494729,True,981210,36818.0,71930.4,PRIJEM,PREVOD Z UCTU,
887597,3027,0.5884047264121,True,960914,4479.0,23395.0,PRIJEM,PREVOD Z UCTU,DUCHOD
944326,3221,0.5884001304133847,True,981009,5330.0,51354.6,PRIJEM,PREVOD Z UCTU,DUCHOD
157987,528,0.588384506458122,True,970408,4568.0,18572.0,PRIJEM,PREVOD Z UCTU,DUCHOD
2382532,7857,0.5883785917567662,True,940610,57164.0,78663.6,PRIJEM,PREVOD Z UCTU,
1436788,4894,0.5883662396033162,True,951212,43882.0,94699.5,PRIJEM,PREVOD Z UCTU,
370904,1262,0.5883638198090496,True,970611,6747.0,34135.0,PRIJEM,PREVOD Z UCTU,DUCHOD
788963,2690,0.5883598329463725,True,970806,6632.0,33760.0,PRIJEM,PREVOD Z UCTU,DUCHOD
341094,1158,0.5883578453583744,True,971111,6340.0,52655.0,PRIJEM,PREVOD Z UCTU,DUCHOD
412657,1404,0.5883527640269479,True,970726,47033.0,140158.1,PRIJEM,VKLAD,
1534964,5228,0.5883270053194456,True,980505,49681.0,115257.1,PRIJEM,PREVOD Z UCTU,
3535655,159,0.5883227682050199,True,981231,389.9,94729.9,PRIJEM,,UROK
819861,2791,0.588322139853473,True,980412,5372.0,22588.0,PRIJEM,PREVOD Z UCTU,DUCHOD
379666,1291,0.5883149474099458,True,940707,4821.0,5421.0,PRIJEM,PREVOD Z UCTU,DUCHOD
817347,2784,0.5882869953747992,True,980213,6778.0,27412.0,PRIJEM,PREVOD Z UCTU,DUCHOD
484807,1652,0.5882787413153123,True,930813,6226.0,18978.0,PRIJEM,PREVOD Z UCTU,DUCHOD
826070,2814,0.5882778248584546,True,930813,4544.0,18676.0,PRIJEM,PREVOD Z UCTU,DUCHOD
931564,3176,0.5882776718482928,True,970707,4595.0,18980.0,PRIJEM,PREVOD Z UCTU,DUCHOD
682141,2328,0.5882759470518606,True,981213,6765.0,64872.3,PRIJEM,PREVOD Z UCTU,DUCHOD
617195,2105,0.5882636894718354,True,960309,4718.0,4718.0,PRIJEM,PREVOD Z UCTU,DUCHOD
157988,528,0.5882619533187945,True,970508,4568.0,23140.0,PRIJEM,PREVOD Z UCTU,DUCHOD
371432,1265,0.5882617200357265,True,981207,6797.0,45136.9,PRIJEM,PREVOD Z UCTU,DUCHOD
1113468,3804,0.5882485092563852,True,970607,47436.0,78017.5,PRIJEM,PREVOD Z UCTU,
2382568,7857,0.5882397214455363,True,970610,57164.0,85565.6,PRIJEM,PREVOD Z UCTU,
652577,2230,0.5882361699413605,True,960610,5292.0,21368.0,PRIJEM,PREVOD Z UCTU,DUCHOD
1020932,3486,0.5882322751049719,True,981213,4264.0,48868.8,PRIJEM,PREVOD Z UCTU,DUCHOD
2857415,9455,0.5882251039140578,True,980613,56212.0,69654.3,PRIJEM,PREVOD Z UCTU,
125209,422,0.588223989523723,True,941212,37810.0,80402.7,PRIJEM,PREVOD Z UCTU,
3235287,10738,0.5882156126369762,True,950131,48163.0,67869.2,PRIJEM,VKLAD,
506461,1730,0.5882133773076872,True,931106,6689.0,33011.8,PRIJEM,PREVOD Z UCTU,DUCHOD
3468618,4109,0.5882062022235879,True,950228,2.9,1202.8,PRIJEM,,UROK
3518032,10105,0.5881985137231245,True,970228,356.5,123344.3,PRIJEM,,UROK
964889,3288,0.5881982355913309,True,950212,5476.0,28080.0,PRIJEM,PREVOD Z UCTU,DUCHOD
1534948,5228,0.5881969949037809,True,970105,49681.0,101945.9,PRIJEM,PREVOD Z UCTU,
646721,2210,0.588189814120385,True,960813,5777.0,5777.0,PRIJEM,PREVOD Z UCTU,DUCHOD
64718,216,0.5881886136575027,True,961211,6460.0,36350.6,PRIJEM,PREVOD Z UCTU,DUCHOD
367080,1248,0.5881844466504637,True,950713,6372.0,19716.0,PRIJEM,PREVOD Z UCTU,DUCHOD
635545,2170,0.5881836184664067,True,981006,49847.0,123997.6,PRIJEM,PREVOD Z UCTU,
1049882,3592,0.5881801351443683,True,930110,6007.0,6607.0,PRIJEM,PREVOD Z UCTU,DUCHOD
1245326,4260,0.5881691190825041,True,961206,36680.0,60976.0,PRIJEM,PREVOD Z UCTU,
334082,1136,0.5881583650070507,True,951212,46227.0,67936.7,PRIJEM,PREVOD Z UCTU,
875209,2982,0.5881541316957323,True,981008,48752.0,110745.2,PRIJEM,PREVOD Z UCTU,
3035446,10063,0.5881535409095328,True,961106,38902.0,39102.0,PRIJEM,PREVOD Z UCTU,
426844,1450,0.5881475497875388,True,960412,6496.0,6896.0,PRIJEM,PREVOD Z UCTU,DUCHOD
35293,113,0.588147495259041,True,961006,6417.0,19851.0,PRIJEM,PREVOD Z UCTU,DUCHOD
456510,1551,0.5881451646312189,True,971205,6647.0,33800.2,PRIJEM,PREVOD Z UCTU,DUCHOD
968247,3300,0.5881423305882294,True,980114,46719.0,97506.0,PRIJEM,PREVOD Z UCTU,
2397039,7907,0.5881421716857991,True,981031,43451.0,141305.5,PRIJEM,VKLAD,
873132,2974,0.5881362755604469,True,930712,5582.0,23428.0,PRIJEM,PREVOD Z UCTU,DUCHOD
554965,1889,0.5881317471055229,True,981205,5841.0,45255.0,PRIJEM,PREVOD Z UCTU,DUCHOD
461962,1570,0.5881315264398509,True,940706,4298.0,17392.0,PRIJEM,PREVOD Z UCTU,DUCHOD
788550,2688,0.5881170082302885,True,950709,4204.0,21220.0,PRIJEM,PREVOD Z UCTU,DUCHOD
1244820,4259,0.5881155645013757,True,981113,44110.0,117872.4,PRIJEM,PREVOD Z UCTU,
64691,216,0.5881150321382679,True,940911,6460.0,26340.0,PRIJEM,PREVOD Z UCTU,DUCHOD
589270,2006,0.5881090528656232,True,970913,5261.0,16483.0,PRIJEM,PREVOD Z UCTU,DUCHOD
101903,347,0.5880998857295326,True,970926,49999.0,142312.3,PRIJEM,VKLAD,
11528,39,0.5880973453177805,True,970105,6474.0,32580.1,PRIJEM,PREVOD Z UCTU,DUCHOD
341051,1158,0.5880928873858017,True,940411,6340.0,6540.0,PRIJEM,PREVOD Z UCTU,DUCHOD
953113,3250,0.588089011700896,True,950108,5690.0,6490.0,PRIJEM,PREVOD Z UCTU,DUCHOD
715945,2452,0.588085636254682,True,971108,5563.0,22852.0,PRIJEM,PREVOD Z UCTU,DUCHOD
1008301,3443,0.5880751788494483,True,960810,4133.0,4533.0,PRIJEM,PREVOD Z UCTU,DUCHOD
13924,47,0.5880729501226678,True,960611,52886.0,84033.4,PRIJEM,PREVOD Z UCTU,
1322243,4514,0.5880581733545389,True,970414,49200.0,109356.7,PRIJEM,PREVOD Z UCTU,
3335896,11079,0.5880552906565875,True,960111,49149.0,111291.4,PRIJEM,PREVOD Z UCTU,
871188,2968,0.5880504207178702,True,960612,53322.0,85306.3,PRIJEM,PREVOD Z UCTU,
370922,1262,0.5880428099083029,True,981211,6747.0,35491.2,PRIJEM,PREVOD Z UCTU,DUCHOD
999242,3412,0.5880416971355374,True,970314,5703.0,17509.0,PRIJEM,PREVOD Z UCTU,DUCHOD
462817,1575,0.5880414042838912,True,930607,5448.0,22692.0,PRIJEM,PREVOD Z UCTU,DUCHOD
316157,1079,0.5880346460812588,True,941205,40524.0,68539.9,PRIJEM,PREVOD Z UCTU,
316169,1079,0.5880304232252008,True,951205,40524.0,61372.7,PRIJEM,PREVOD Z UCTU,
922421,3144,0.5880254754895347,True,960607,6085.0,19055.0,PRIJEM,PREVOD Z UCTU,DUCHOD
125257,422,0.588025031028015,True,981212,37810.0,81581.7,PRIJEM,PREVOD Z UCTU,
15580,52,0.5880248227419751,True,971206,38295.0,74612.5,PRIJEM,PREVOD Z UCTU,
917747,3129,0.5880200156745143,True,940114,6727.0,13670.8,PRIJEM,PREVOD Z UCTU,DUCHOD
711542,2433,0.5880159596543026,True,981205,4718.0,54108.7,PRIJEM,PREVOD Z UCTU,DUCHOD
696568,2382,0.5880041037138599,True,940705,6115.0,25460.0,PRIJEM,PREVOD Z UCTU,DUCHOD
840177,2861,0.5880006304328587,True,930606,5915.0,23960.0,PRIJEM,PREVOD Z UCTU,DUCHOD
3207537,10645,0.5879989316052114,True,970406,49260.0,117654.0,PRIJEM,PREVOD Z UCTU,
766567,2618,0.5879982347614442,True,930608,6559.0,20277.0,PRIJEM,PREVOD Z UCTU,DUCHOD
1150033,3935,0.5879930528763485,True,960606,32604.0,68772.9,PRIJEM,PREVOD Z UCTU,
575208,1959,0.5879868679519745,True,961205,6830.0,20574.6,PRIJEM,PREVOD Z UCTU,DUCHOD
40034,130,0.5879844545442915,True,971211,6813.0,33795.5,PRIJEM,PREVOD Z UCTU,DUCHOD
635715,2170,0.5879821076534901,True,971206,6011.0,145631.7,VYDAJ,PREVOD NA UCET,POJISTNE
1053474,3604,0.5879777561864883,True,981207,6945.0,48951.8,PRIJEM,PREVOD Z UCTU,DUCHOD
514245,1760,0.5879724517451524,True,980106,4871.0,53131.8,PRIJEM,PREVOD Z UCTU,DUCHOD
3218245,10679,0.587968904155553,True,970608,74176.0,75076.0,PRIJEM,PREVOD Z UCTU,
944313,3221,0.5879685390605908,True,970909,5330.0,52874.2,PRIJEM,PREVOD Z UCTU,DUCHOD
270285,926,0.5879643815086044,True,961110,4714.0,5814.0,PRIJEM,PREVOD Z UCTU,DUCHOD
1052480,3600,0.5879604829227628,True,981005,6623.0,60110.8,PRIJEM,PREVOD Z UCTU,DUCHOD
635521,2170,0.587957850875846,True,961006,49847.0,119178.7,PRIJEM,PREVOD Z UCTU,
857430,2923,0.5879544474001421,True,950605,4179.0,21395.0,PRIJEM,PREVOD Z UCTU,DUCHOD
839709,2859,0.5879534941073327,True,960801,21363.0,7581.3,VYBER,VYBER,
463758,1578,0.5879450608908658,True,981208,4128.0,52045.1,PRIJEM,PREVOD Z UCTU,DUCHOD
216257,735,0.5879435292021347,True,980113,6048.0,24692.0,PRIJEM,PREVOD Z UCTU,DUCHOD
1098558,3753,0.58794166534277,True,980110,5937.0,47765.6,PRIJEM,PREVOD Z UCTU,DUCHOD
1031273,3524,0.5879314793648165,True,970906,4826.0,14678.0,PRIJEM,PREVOD Z UCTU,DUCHOD
181273,616,0.5879302364446224,True,941210,6846.0,37880.6,PRIJEM,PREVOD Z UCTU,DUCHOD
975800,3325,0.587928326891798,True,971208,54776.0,86410.3,PRIJEM,PREVOD Z UCTU,
362732,1234,0.5879281784950086,True,930913,6390.0,6390.0,PRIJEM,PREVOD Z UCTU,DUCHOD
153888,516,0.587924549723736,True,971211,6747.0,42101.3,PRIJEM,PREVOD Z UCTU,DUCHOD
134272,450,0.5879227960992202,True,961012,4393.0,23065.0,PRIJEM,PREVOD Z UCTU,DUCHOD
293989,1005,0.5879226511272339,True,950609,51724.0,102380.9,PRIJEM,PREVOD Z UCTU,
293965,1005,0.5879226511272339,True,930609,51724.0,101731.7,PRIJEM,PREVOD Z UCTU,
3622946,2796,0.587907123841794,True,980228,391.7,98826.2,PRIJEM,,UROK
1049056,3588,0.5879042001434136,True,960709,6679.0,7379.0,PRIJEM,PREVOD Z UCTU,DUCHOD
907404,3092,0.5878958423697819,True,960313,5649.0,17947.0,PRIJEM,PREVOD Z UCTU,DUCHOD
3284072,10911,0.5878954553830006,True,941209,32823.0,68064.6,PRIJEM,PREVOD Z UCTU,
1149462,3932,0.5878924551783711,True,960805,6957.0,7557.0,PRIJEM,PREVOD Z UCTU,DUCHOD
980335,3345,0.5878876557348773,True,981106,4281.0,6522.6,PRIJEM,PREVOD Z UCTU,DUCHOD
3475971,8564,0.5878854742014213,True,931231,374.8,104047.7,PRIJEM,,UROK
2442367,8051,0.5878825807740184,True,941205,39060.0,64413.9,PRIJEM,PREVOD Z UCTU,
1665949,5650,0.5878794455628769,True,981212,36975.0,68821.9,PRIJEM,PREVOD Z UCTU,
569760,1939,0.5878720258480478,True,960911,49686.0,113456.7,PRIJEM,PREVOD Z UCTU,
980303,3345,0.5878695850656978,True,960306,4281.0,2915.0,PRIJEM,PREVOD Z UCTU,DUCHOD
364306,1238,0.5878694683783691,True,960311,6126.0,31230.0,PRIJEM,PREVOD Z UCTU,DUCHOD
1693789,5740,0.5878632860220377,True,960427,8583.0,4732.3,VYBER,VYBER,
2912581,9645,0.5878630471301575,True,980608,52322.0,82204.8,PRIJEM,PREVOD Z UCTU,
3414460,11333,0.5878608724354426,True,960929,47871.0,102192.6,PRIJEM,VKLAD,
105323,359,0.5878569720330862,True,950508,5316.0,26980.0,PRIJEM,PREVOD Z UCTU,DUCHOD
1004045,3426,0.5878568101828648,True,981211,38198.0,67391.0,PRIJEM,PREVOD Z UCTU,
3662952,4127,0.587849353752407,True,981231,1.0,384.4,PRIJEM,,UROK
593714,2022,0.5878469526313447,True,981214,4652.0,46282.9,PRIJEM,PREVOD Z UCTU,DUCHOD
921802,3142,0.5878440846817771,True,950312,6029.0,33100.7,PRIJEM,PREVOD Z UCTU,DUCHOD
742718,2536,0.5878357020890804,True,950208,6234.0,25436.0,PRIJEM,PREVOD Z UCTU,DUCHOD
556704,1895,0.5878350837904234,True,981212,26872.0,63939.1,PRIJEM,PREVOD Z UCTU,
964888,3288,0.5878258120101639,True,950112,5476.0,22604.0,PRIJEM,PREVOD Z UCTU,DUCHOD
2938271,9731,0.5878220277724108,True,951205,28446.0,56933.0,PRIJEM,PREVOD Z UCTU,
263517,901,0.5878212315036769,True,981211,4618.0,45295.5,PRIJEM,PREVOD Z UCTU,DUCHOD
821701,2799,0.5878187110909773,True,970701,48954.0,135410.0,PRIJEM,VKLAD,
74122,245,0.5878151660708482,True,940918,44493.0,121353.5,PRIJEM,VKLAD,
3209259,10650,0.5878134922496482,True,980111,46901.0,114320.0,PRIJEM,PREVOD Z UCTU,
788549,2688,0.5878132102759698,True,950609,4204.0,17016.0,PRIJEM,PREVOD Z UCTU,DUCHOD
458941,1561,0.5878032759206148,True,950411,5327.0,5927.0,PRIJEM,PREVOD Z UCTU,DUCHOD
3603616,2224,0.5877938097068094,True,981231,355.2,89157.8,PRIJEM,,UROK
1024860,3499,0.5877892567847619,True,970607,63498.0,97135.2,PRIJEM,PREVOD Z UCTU,
317021,1081,0.5877818112146334,True,970413,4512.0,18848.0,PRIJEM,PREVOD Z UCTU,DUCHOD
1193782,4086,0.5877785697280905,True,980606,63536.0,98663.3,PRIJEM,PREVOD Z UCTU,
1635419,5546,0.5877768134534753,True,981211,38054.0,80351.8,PRIJEM,PREVOD Z UCTU,
80755,271,0.587775406339057,True,980514,6906.0,60730.6,PRIJEM,PREVOD Z UCTU,DUCHOD
586532,1997,0.5877710274168491,True,980113,6965.0,41102.1,PRIJEM,PREVOD Z UCTU,DUCHOD
591360,2012,0.5877576457827479,True,960907,6761.0,34805.0,PRIJEM,PREVOD Z UCTU,DUCHOD
359146,1220,0.587747655043242,True,981107,5764.0,66237.6,PRIJEM,PREVOD Z UCTU,DUCHOD
846688,2883,0.5877472073590025,True,970713,5237.0,5437.0,PRIJEM,PREVOD Z UCTU,DUCHOD
302121,1029,0.5877430268897528,True,980501,48242.0,194119.3,PRIJEM,VKLAD,
902343,3074,0.5877425377508813,True,950701,23597.0,4759.6,VYBER,VYBER,
1116115,3812,0.5877395844766986,True,981205,4980.0,48259.7,PRIJEM,PREVOD Z UCTU,DUCHOD
911196,3107,0.5877373058821422,True,971111,6300.0,73638.4,PRIJEM,PREVOD Z UCTU,DUCHOD
1467352,4999,0.5877348589538345,True,980606,41296.0,104149.7,PRIJEM,PREVOD Z UCTU,
426876,1450,0.5877337253391713,True,981212,6496.0,53285.1,PRIJEM,PREVOD Z UCTU,DUCHOD
365330,1242,0.5877333060181784,True,970319,38334.0,131453.2,PRIJEM,VKLAD,
2068852,7011,0.587731536031056,True,941129,3900.0,97886.8,VYBER,VYBER,
1052814,3601,0.5877265876014306,True,951013,5827.0,24008.0,PRIJEM,PREVOD Z UCTU,DUCHOD
817348,2784,0.5877264285603716,True,980313,6778.0,34190.0,PRIJEM,PREVOD Z UCTU,DUCHOD
158295,530,0.5877253097653883,True,971206,37203.0,69580.7,PRIJEM,PREVOD Z UCTU,
1103216,3769,0.5877199077094724,True,971207,6851.0,33979.8,PRIJEM,PREVOD Z UCTU,DUCHOD
509364,1743,0.5877125214470611,True,981113,4260.0,50514.9,PRIJEM,PREVOD Z UCTU,DUCHOD
3540047,285,0.587701641646224,True,981231,385.5,101148.6,PRIJEM,,UROK
528179,1802,0.5877006951060586,True,950313,4827.0,5627.0,PRIJEM,PREVOD Z UCTU,DUCHOD
635544,2170,0.5876997692508699,True,980906,49847.0,123380.9,PRIJEM,PREVOD Z UCTU,
1014794,3469,0.5876992480483009,True,930913,5822.0,24088.0,PRIJEM,PREVOD Z UCTU,DUCHOD
694893,2377,0.587698790977774,True,950313,4393.0,17872.0,PRIJEM,PREVOD Z UCTU,DUCHOD
1392946,4746,0.5876860291045837,True,971201,49640.0,151002.2,PRIJEM,VKLAD,
218254,742,0.5876777113016853,True,981207,4263.0,32852.9,PRIJEM,PREVOD Z UCTU,DUCHOD
134268,450,0.5876721849525663,True,960612,4393.0,5493.0,PRIJEM,PREVOD Z UCTU,DUCHOD
288109,988,0.587671770741606,True,971214,6832.0,42393.5,PRIJEM,PREVOD Z UCTU,DUCHOD
1907969,6463,0.5876566794509785,True,961231,12600.0,-10323.3,VYDAJ,VYBER,SIPO
1730453,5868,0.5876545627994659,True,950522,43191.0,153704.8,PRIJEM,VKLAD,
719885,2465,0.5876414905479244,True,961114,6003.0,13022.9,PRIJEM,PREVOD Z UCTU,DUCHOD
2791327,9241,0.5876373027605044,True,971211,42783.0,63798.1,PRIJEM,PREVOD Z UCTU,
3632449,3086,0.5876354152099311,True,981231,428.8,108917.0,PRIJEM,,UROK
402454,1371,0.5876235090585378,True,940510,4611.0,5011.0,PRIJEM,PREVOD Z UCTU,DUCHOD
143481,481,0.5876164218927814,True,981113,6633.0,57696.7,PRIJEM,PREVOD Z UCTU,DUCHOD
896743,3055,0.5876115831431848,True,971213,6814.0,42940.1,PRIJEM,PREVOD Z UCTU,DUCHOD
875186,2982,0.587604293033602,True,961108,48752.0,104702.7,PRIJEM,PREVOD Z UCTU,
458973,1561,0.5875998251808647,True,971211,5327.0,56596.5,PRIJEM,PREVOD Z UCTU,DUCHOD
563260,1917,0.5875965215343202,True,960410,4415.0,18660.0,PRIJEM,PREVOD Z UCTU,DUCHOD
911173,3107,0.5875946778152189,True,951211,6300.0,43999.8,PRIJEM,PREVOD Z UCTU,DUCHOD
482191,1642,0.5875941835934241,True,950609,6432.0,7432.0,PRIJEM,PREVOD Z UCTU,DUCHOD
3335927,11079,0.5875920520776352,True,980811,49149.0,125989.2,PRIJEM,PREVOD Z UCTU,
2857399,9455,0.5875899809735347,True,970213,37475.0,97794.1,PRIJEM,PREVOD Z UCTU,
507407,1733,0.587586936531145,True,970527,49474.0,130293.9,PRIJEM,VKLAD,
447606,1520,0.5875828284829121,True,981105,6005.0,43989.7,PRIJEM,PREVOD Z UCTU,DUCHOD
135844,456,0.5875785948727378,True,950610,71746.0,107579.3,PRIJEM,PREVOD Z UCTU,
325911,1114,0.5875785009561214,True,931129,49427.0,125910.0,PRIJEM,VKLAD,
2773076,9179,0.5875783251317583,True,971212,32253.0,68989.1,PRIJEM,PREVOD Z UCTU,
566743,1930,0.5875738078190458,True,981210,6520.0,36528.5,PRIJEM,PREVOD Z UCTU,DUCHOD
175559,592,0.5875724330948254,True,970411,5753.0,23312.0,PRIJEM,PREVOD Z UCTU,DUCHOD
2378549,7844,0.5875672295354283,True,950605,47906.0,83876.9,PRIJEM,PREVOD Z UCTU,
3284060,10911,0.5875630490381679,True,931209,32823.0,70288.4,PRIJEM,PREVOD Z UCTU,
295369,1008,0.5875552986111584,True,961114,5902.0,12520.0,PRIJEM,PREVOD Z UCTU,DUCHOD
488448,1666,0.5875523610866078,True,981210,6157.0,50698.8,PRIJEM,PREVOD Z UCTU,DUCHOD
1736678,5891,0.5875502119481334,True,981112,32594.0,155845.6,PRIJEM,PREVOD Z UCTU,
402274,1370,0.5875500357489634,True,961007,5800.0,6400.0,PRIJEM,PREVOD Z UCTU,DUCHOD
419349,1422,0.587541407063546,True,981208,5842.0,46671.1,PRIJEM,PREVOD Z UCTU,DUCHOD
648732,2218,0.5875328306513355,True,980705,41038.0,132228.6,PRIJEM,PREVOD Z UCTU,
467781,1592,0.5875322574224513,True,971213,4604.0,71481.9,PRIJEM,PREVOD Z UCTU,DUCHOD
2434622,8027,0.5875316441542058,True,940606,58227.0,89052.8,PRIJEM,PREVOD Z UCTU,
928037,3164,0.587523650283396,True,940411,6154.0,25616.0,PRIJEM,PREVOD Z UCTU,DUCHOD
900249,3068,0.5875212152715009,True,930914,6193.0,31465.0,PRIJEM,PREVOD Z UCTU,DUCHOD
579374,1972,0.5875094846562698,True,930107,5298.0,5698.0,PRIJEM,PREVOD Z UCTU,DUCHOD
2523511,8327,0.5875073788862321,True,960701,48636.0,126815.3,PRIJEM,VKLAD,
585903,1994,0.5874979486949949,True,981206,18.0,27209.4,VYDAJ,PREVOD NA UCET,POJISTNE
1262534,4318,0.5874940308833502,True,970108,46096.0,115688.0,PRIJEM,PREVOD Z UCTU,
369085,1255,0.587493259202292,True,980605,52401.0,88658.1,PRIJEM,PREVOD Z UCTU,
478654,1631,0.5874926635905567,True,961011,4115.0,4515.0,PRIJEM,PREVOD Z UCTU,DUCHOD
3422877,11359,0.5874769693827246,True,951214,40521.0,64887.0,PRIJEM,PREVOD Z UCTU,
1015179,3470,0.5874743968197095,True,970609,5427.0,27835.0,PRIJEM,PREVOD Z UCTU,DUCHOD
414196,1408,0.5874610255709124,True,980612,55320.0,105205.3,PRIJEM,PREVOD Z UCTU,
1113444,3804,0.5874530457950081,True,950607,47436.0,77492.8,PRIJEM,PREVOD Z UCTU,
575196,1959,0.5874527330900646,True,951205,6830.0,21867.3,PRIJEM,PREVOD Z UCTU,DUCHOD
1091588,3732,0.5874473972982038,True,970908,4673.0,19192.0,PRIJEM,PREVOD Z UCTU,DUCHOD
362399,1232,0.5874466939387865,True,970919,45039.0,78495.1,PRIJEM,VKLAD,
367078,1248,0.5874445680713056,True,950513,6372.0,6972.0,PRIJEM,PREVOD Z UCTU,DUCHOD
310162,1057,0.5874371902327302,True,940113,4636.0,24180.0,PRIJEM,PREVOD Z UCTU,DUCHOD
745083,2543,0.5874344776434233,True,980114,6148.0,69986.1,PRIJEM,PREVOD Z UCTU,DUCHOD
9672,34,0.5874319178982402,True,980611,47768.0,90450.5,PRIJEM,PREVOD Z UCTU,
324139,1107,0.5874263219771553,True,930911,6390.0,7190.0,PRIJEM,PREVOD Z UCTU,DUCHOD
980313,3345,0.5874233698724861,True,970106,4281.0,6896.8,PRIJEM,PREVOD Z UCTU,DUCHOD
542957,1847,0.587409513605926,True,981110,5679.0,60170.1,PRIJEM,PREVOD Z UCTU,DUCHOD
661610,2258,0.587402301638602,True,980107,6656.0,44427.6,PRIJEM,PREVOD Z UCTU,DUCHOD
2501894,8260,0.5873911294322598,True,940608,56152.0,109178.4,PRIJEM,PREVOD Z UCTU,
586158,1995,0.587387908941128,True,971008,5508.0,17124.0,PRIJEM,PREVOD Z UCTU,DUCHOD
288387,989,0.5873745857378868,True,940708,5114.0,21456.0,PRIJEM,PREVOD Z UCTU,DUCHOD
822345,2801,0.5873705890346516,True,970213,5962.0,30710.0,PRIJEM,PREVOD Z UCTU,DUCHOD
204488,694,0.5873695949703722,True,981213,6318.0,41999.3,PRIJEM,PREVOD Z UCTU,DUCHOD
522174,1782,0.5873695464273951,True,980910,6542.0,79646.6,PRIJEM,PREVOD Z UCTU,DUCHOD
43451,146,0.5873661357706632,True,930913,6296.0,6796.0,PRIJEM,PREVOD Z UCTU,DUCHOD
2779680,9199,0.587365650590508,True,981215,24562.0,10362.7,VYBER,VYBER,
3084948,10233,0.587363034431698,True,961211,35871.0,71103.5,PRIJEM,PREVOD Z UCTU,
261069,894,0.5873583522425041,True,960114,6676.0,33689.1,PRIJEM,PREVOD Z UCTU,DUCHOD
2442349,8051,0.587343214243999,True,930605,39060.0,82981.9,PRIJEM,PREVOD Z UCTU,
1061938,3629,0.5873430767555182,True,931211,23810.0,59898.4,PRIJEM,PREVOD Z UCTU,
192686,654,0.5873354103710396,True,981211,6092.0,45903.0,PRIJEM,PREVOD Z UCTU,DUCHOD
554924,1889,0.587334423381228,True,950705,5841.0,30005.0,PRIJEM,PREVOD Z UCTU,DUCHOD
586159,1995,0.5873315984357035,True,971108,5508.0,22632.0,PRIJEM,PREVOD Z UCTU,DUCHOD
502202,1712,0.5873307666660955,True,970405,6104.0,30720.0,PRIJEM,PREVOD Z UCTU,DUCHOD
1404420,4784,0.5873251941426285,True,981210,44168.0,85179.9,PRIJEM,PREVOD Z UCTU,
349271,1185,0.5873248076931199,True,971006,4246.0,17684.0,PRIJEM,PREVOD Z UCTU,DUCHOD
798618,2722,0.5873216693588387,True,970807,5820.0,6320.0,PRIJEM,PREVOD Z UCTU,DUCHOD
3667903,4937,0.5873216676059987,True,930228,6.7,706.7,PRIJEM,,UROK
502373,1713,0.5873181419331052,True,940314,47641.0,115022.4,PRIJEM,VKLAD,
168895,565,0.5873164688333173,True,960411,5264.0,27020.0,PRIJEM,PREVOD Z UCTU,DUCHOD
476357,1624,0.5873088487927469,True,960805,6086.0,24844.0,PRIJEM,PREVOD Z UCTU,DUCHOD
763054,2606,0.587306596715591,True,961205,4499.0,35192.8,PRIJEM,PREVOD Z UCTU,DUCHOD
484809,1652,0.5873048558354743,True,931013,6226.0,31430.0,PRIJEM,PREVOD Z UCTU,DUCHOD
752968,2569,0.5873037087288188,True,961108,6772.0,34794.2,PRIJEM,PREVOD Z UCTU,DUCHOD
167683,561,0.5872961165500588,True,970408,6082.0,24728.0,PRIJEM,PREVOD Z UCTU,DUCHOD
303141,1032,0.5872958864100377,True,931105,49765.0,116056.7,PRIJEM,PREVOD Z UCTU,
668294,2282,0.5872896132959716,True,931014,46101.0,46701.0,PRIJEM,PREVOD Z UCTU,
46920,157,0.5872813065971676,True,970706,6918.0,27872.0,PRIJEM,PREVOD Z UCTU,DUCHOD
211384,718,0.587274633602353,True,981204,49588.0,133226.4,PRIJEM,VKLAD,
3284084,10911,0.5872579118940574,True,951209,32823.0,69880.0,PRIJEM,PREVOD Z UCTU,
567681,1932,0.5872453111848002,True,960823,22651.0,2698.6,VYBER,VYBER,
903821,3080,0.587244858229053,True,951111,5585.0,5985.0,PRIJEM,PREVOD Z UCTU,DUCHOD
980314,3345,0.5872438000759709,True,970206,4281.0,3650.4,PRIJEM,PREVOD Z UCTU,DUCHOD
911202,3107,0.5872431787872352,True,980511,6300.0,87326.5,PRIJEM,PREVOD Z UCTU,DUCHOD
349534,1187,0.5872351458694015,True,960808,6220.0,7220.0,PRIJEM,PREVOD Z UCTU,DUCHOD
929680,3168,0.5872322689350856,True,981208,6303.0,43511.2,PRIJEM,PREVOD Z UCTU,DUCHOD
2908726,9635,0.5872275653051917,True,960214,4470.0,7481.7,PRIJEM,PREVOD Z UCTU,DUCHOD
700140,2396,0.5872263062861195,True,930705,4203.0,21515.0,PRIJEM,PREVOD Z UCTU,DUCHOD
411331,1401,0.5872260556582576,True,971110,6850.0,49048.0,PRIJEM,PREVOD Z UCTU,DUCHOD
1095402,3745,0.5872024162729472,True,961206,39387.0,93290.8,PRIJEM,PREVOD Z UCTU,
334064,1136,0.5872018909979136,True,940612,46227.0,92117.2,PRIJEM,PREVOD Z UCTU,
524691,1789,0.5871947424623208,True,971201,200.0,72000.0,PRIJEM,VKLAD,
671497,2293,0.5871920140432247,True,971212,6745.0,56541.9,PRIJEM,PREVOD Z UCTU,DUCHOD
911205,3107,0.5871897089183652,True,980811,6300.0,91160.2,PRIJEM,PREVOD Z UCTU,DUCHOD
1436806,4894,0.5871894731271151,True,970612,43882.0,104704.7,PRIJEM,PREVOD Z UCTU,
635703,2170,0.5871870044356801,True,961206,6011.0,139724.3,VYDAJ,PREVOD NA UCET,POJISTNE
447815,1521,0.5871623306032623,True,960405,4537.0,5437.0,PRIJEM,PREVOD Z UCTU,DUCHOD
120438,404,0.5871544407377999,True,970613,48572.0,81904.1,PRIJEM,PREVOD Z UCTU,
1031764,3526,0.587153861910759,True,971010,13459.0,159738.1,VYBER,VYBER,
981722,3351,0.5871435668634997,True,960310,5543.0,5843.0,PRIJEM,PREVOD Z UCTU,DUCHOD
35466,114,0.5871432297547456,True,970811,4234.0,21670.0,PRIJEM,PREVOD Z UCTU,DUCHOD
1107322,3782,0.5871406038561537,True,971214,42783.0,54368.5,PRIJEM,PREVOD Z UCTU,
387480,1317,0.5871311433669247,True,940610,6732.0,28028.0,PRIJEM,PREVOD Z UCTU,DUCHOD
909685,3099,0.5871294999561184,True,951207,6019.0,33346.6,PRIJEM,PREVOD Z UCTU,DUCHOD
1023,4,0.5871230291811661,True,960611,5553.0,23012.0,PRIJEM,PREVOD Z UCTU,DUCHOD
682135,2328,0.5871145137949759,True,980613,6765.0,68032.3,PRIJEM,PREVOD Z UCTU,DUCHOD
600740,2045,0.5871114474725454,True,970108,6310.0,26340.0,PRIJEM,PREVOD Z UCTU,DUCHOD
405679,1381,0.5871082946191907,True,941206,4058.0,28998.6,PRIJEM,PREVOD Z UCTU,DUCHOD
651023,2225,0.5871072121127764,True,960608,4272.0,22360.0,PRIJEM,PREVOD Z UCTU,DUCHOD
2042571,6924,0.5870975570322619,True,951207,36536.0,67543.0,PRIJEM,PREVOD Z UCTU,
565189,1924,0.587097228435593,True,981114,5266.0,66365.2,PRIJEM,PREVOD Z UCTU,DUCHOD
37890,123,0.5870957967317564,True,930705,4843.0,19572.0,PRIJEM,PREVOD Z UCTU,DUCHOD
1275114,4361,0.5870931868643641,True,980114,45076.0,113065.6,PRIJEM,PREVOD Z UCTU,
1614020,5481,0.5870863987595109,True,970607,54645.0,86099.8,PRIJEM,PREVOD Z UCTU,
522659,1784,0.5870863459059694,True,961214,6686.0,19138.6,PRIJEM,PREVOD Z UCTU,DUCHOD
3554384,726,0.587084306657467,True,940228,20.0,5866.0,PRIJEM,,UROK
162013,542,0.5870837812118616,True,931205,4125.0,9168.1,PRIJEM,PREVOD Z UCTU,DUCHOD
635526,2170,0.5870835537769387,True,970306,49847.0,113266.0,PRIJEM,PREVOD Z UCTU,
874668,2980,0.5870816158735006,True,940506,4974.0,25870.0,PRIJEM,PREVOD Z UCTU,DUCHOD
1322206,4514,0.5870806867872728,True,940314,49200.0,106771.1,PRIJEM,PREVOD Z UCTU,
449904,1530,0.5870804836859197,True,950813,5550.0,17550.0,PRIJEM,PREVOD Z UCTU,DUCHOD
160181,537,0.5870798925359839,True,981111,6080.0,64596.7,PRIJEM,PREVOD Z UCTU,DUCHOD
624948,2133,0.5870798746994066,True,971114,4297.0,9105.6,PRIJEM,PREVOD Z UCTU,DUCHOD
878785,2993,0.5870738017039526,True,981025,18666.0,50493.8,VYBER,VYBER,
2465752,8132,0.587072876512438,True,951212,37713.0,94137.6,PRIJEM,PREVOD Z UCTU,
1004604,3429,0.5870715702434186,True,951214,6664.0,37593.3,PRIJEM,PREVOD Z UCTU,DUCHOD
1053093,3602,0.5870691939993885,True,971028,40466.0,128556.9,PRIJEM,VKLAD,
887069,3025,0.5870681505109414,True,980314,6367.0,19901.0,PRIJEM,PREVOD Z UCTU,DUCHOD
11527,39,0.5870680455778045,True,961205,6474.0,34441.0,PRIJEM,PREVOD Z UCTU,DUCHOD
1028181,3511,0.587067991649114,True,961109,5485.0,22940.0,PRIJEM,PREVOD Z UCTU,DUCHOD
13948,47,0.5870673584738313,True,980611,52886.0,81446.5,PRIJEM,PREVOD Z UCTU,
303193,1032,0.5870664456541742,True,980305,49765.0,110606.8,PRIJEM,PREVOD Z UCTU,
89042,300,0.5870632632387844,True,971208,6892.0,60693.4,PRIJEM,PREVOD Z UCTU,DUCHOD
3561686,943,0.587062725535014,True,930228,13.7,4030.7,PRIJEM,,UROK
624949,2133,0.5870617425114546,True,971214,4297.0,13422.6,PRIJEM,PREVOD Z UCTU,DUCHOD
853683,2910,0.5870557590166927,True,980309,43748.0,101417.7,PRIJEM,PREVOD Z UCTU,
3035448,10063,0.5870519869578538,True,970106,38902.0,100354.6,PRIJEM,PREVOD Z UCTU,
1187090,4066,0.5870482454367744,True,950610,48368.0,76858.2,PRIJEM,PREVOD Z UCTU,
85875,288,0.5870458015094376,True,950707,5315.0,22160.0,PRIJEM,PREVOD Z UCTU,DUCHOD
3209896,10652,0.5870335032673656,True,971210,45213.0,60810.1,PRIJEM,PREVOD Z UCTU,
13154,44,0.5870278849526703,True,931005,4200.0,21400.0,PRIJEM,PREVOD Z UCTU,DUCHOD
224355,764,0.5870220915281793,True,940105,6238.0,35916.9,PRIJEM,PREVOD Z UCTU,DUCHOD
918173,3130,0.5870211829619972,True,981010,6359.0,86170.3,PRIJEM,PREVOD Z UCTU,DUCHOD
191359,650,0.5870199595749106,True,950510,6914.0,28756.0,PRIJEM,PREVOD Z UCTU,DUCHOD
772005,2635,0.587019122489726,True,971207,45087.0,101188.0,PRIJEM,PREVOD Z UCTU,
1004627,3429,0.5870163683593137,True,971114,6664.0,39961.9,PRIJEM,PREVOD Z UCTU,DUCHOD
334106,1136,0.5870081436400401,True,971212,46227.0,66129.7,PRIJEM,PREVOD Z UCTU,
331825,1130,0.5870048811865528,True,981209,6588.0,41688.8,PRIJEM,PREVOD Z UCTU,DUCHOD
89052,300,0.5870013248416643,True,981008,6892.0,73007.1,PRIJEM,PREVOD Z UCTU,DUCHOD
721554,2471,0.5869943123446352,True,980306,43595.0,112790.6,PRIJEM,PREVOD Z UCTU,
102008,347,0.5869936413926545,True,950803,22736.0,218.0,VYBER,VYBER,
1024,4,0.5869896748077768,True,960711,5553.0,28565.0,PRIJEM,PREVOD Z UCTU,DUCHOD
656613,2244,0.5869868868618212,True,970405,6888.0,43774.5,PRIJEM,PREVOD Z UCTU,DUCHOD
342098,1161,0.5869833092939146,True,981114,5921.0,47149.7,PRIJEM,PREVOD Z UCTU,DUCHOD
3047722,10105,0.5869822496063966,True,970701,18432.0,110142.1,VYBER,VYBER,
538305,1831,0.5869720103935602,True,941211,6480.0,35452.1,PRIJEM,PREVOD Z UCTU,DUCHOD
870374,2964,0.5869693500918661,True,970214,4398.0,9107.4,PRIJEM,PREVOD Z UCTU,DUCHOD
1176783,4035,0.5869656101799068,True,941206,44820.0,92736.3,PRIJEM,PREVOD Z UCTU,
1176795,4035,0.5869656101799068,True,951206,44820.0,93603.1,PRIJEM,PREVOD Z UCTU,
3456037,8998,0.5869582246234716,True,971231,7.0,-1724.0,PRIJEM,,UROK
747108,2549,0.586934316289333,True,981212,6345.0,57308.0,PRIJEM,PREVOD Z UCTU,DUCHOD
707251,2423,0.5869342939715283,True,930612,5671.0,23084.0,PRIJEM,PREVOD Z UCTU,DUCHOD
780566,2662,0.5869184172077933,True,940808,5500.0,17100.0,PRIJEM,PREVOD Z UCTU,DUCHOD
714539,2444,0.586917094228636,True,971208,43974.0,91021.8,PRIJEM,PREVOD Z UCTU,
3443860,1788,0.5869168177809491,True,940131,5.9,2605.9,PRIJEM,,UROK
643017,2196,0.5869147026227737,True,971013,5525.0,17075.0,PRIJEM,PREVOD Z UCTU,DUCHOD
808480,2755,0.5869127963072409,True,950506,5651.0,23004.0,PRIJEM,PREVOD Z UCTU,DUCHOD
855397,2915,0.5869122353216174,True,931110,47983.0,111309.9,PRIJEM,PREVOD Z UCTU,
650890,2224,0.5869114099744671,True,981205,34863.0,88802.6,PRIJEM,PREVOD Z UCTU,
1091164,3730,0.5869113056581848,True,981114,5152.0,59109.8,PRIJEM,PREVOD Z UCTU,DUCHOD
3469490,4264,0.586910680945409,True,981231,334.5,89448.7,PRIJEM,,UROK
137232,460,0.5869097380448401,True,981205,5922.0,47707.6,PRIJEM,PREVOD Z UCTU,DUCHOD
3055494,10131,0.5869055503389896,True,971121,48542.0,149947.5,PRIJEM,VKLAD,
920747,3137,0.5869034274632671,True,971205,38038.0,72253.3,PRIJEM,PREVOD Z UCTU,
914083,3115,0.5868941177377511,True,970608,48180.0,78407.7,PRIJEM,PREVOD Z UCTU,
206773,702,0.5868940751624871,True,931007,4220.0,17680.0,PRIJEM,PREVOD Z UCTU,DUCHOD
311888,1064,0.5868903039063544,True,980111,5948.0,24292.0,PRIJEM,PREVOD Z UCTU,DUCHOD
66642,222,0.5868700388408309,True,971210,51614.0,86173.4,PRIJEM,PREVOD Z UCTU,
522129,1782,0.5868690410729659,True,941210,6542.0,30827.2,PRIJEM,PREVOD Z UCTU,DUCHOD
509300,1743,0.5868683875204973,True,930713,4260.0,9332.6,PRIJEM,PREVOD Z UCTU,DUCHOD
1214824,4158,0.5868605499065828,True,971212,39177.0,86244.6,PRIJEM,PREVOD Z UCTU,
292071,1000,0.5868583357373032,True,940607,47022.0,88683.3,PRIJEM,PREVOD Z UCTU,
1309139,4470,0.5868546531383725,True,970607,60854.0,101062.8,PRIJEM,PREVOD Z UCTU,
1309115,4470,0.5868546531383725,True,950607,60854.0,100739.8,PRIJEM,PREVOD Z UCTU,
476361,1624,0.5868498877507985,True,961205,6086.0,34190.8,PRIJEM,PREVOD Z UCTU,DUCHOD
648728,2218,0.5868381912546936,True,980305,41038.0,120522.5,PRIJEM,PREVOD Z UCTU,
1158329,3966,0.5868303895476656,True,960214,4334.0,9480.4,PRIJEM,PREVOD Z UCTU,DUCHOD
969589,3305,0.5868276872667171,True,960114,6684.0,13985.6,PRIJEM,PREVOD Z UCTU,DUCHOD
3457462,10036,0.5868252132923172,True,951231,8.8,-578.8,PRIJEM,,UROK
473765,1613,0.5868251795416995,True,981205,6359.0,38345.5,PRIJEM,PREVOD Z UCTU,DUCHOD
1404,6,0.5868251686961875,True,971211,6669.0,49769.3,PRIJEM,PREVOD Z UCTU,DUCHOD
635534,2170,0.5868203715236867,True,971106,49847.0,111700.4,PRIJEM,PREVOD Z UCTU,
911197,3107,0.5868183417471193,True,971211,6300.0,74784.9,PRIJEM,PREVOD Z UCTU,DUCHOD
779320,2657,0.5868165608337933,True,961010,4281.0,4681.0,PRIJEM,PREVOD Z UCTU,DUCHOD
84800,284,0.5868128506871981,True,971214,29128.0,66377.1,PRIJEM,PREVOD Z UCTU,
143469,481,0.586807752595676,True,971113,6633.0,49695.2,PRIJEM,PREVOD Z UCTU,DUCHOD
2593096,8566,0.5867969550165001,True,970831,42134.0,135315.8,PRIJEM,VKLAD,
2028167,6872,0.5867915811265737,True,971230,23387.0,14399.3,VYBER,VYBER,
741435,2531,0.5867905729162349,True,980908,6294.0,44688.2,PRIJEM,PREVOD Z UCTU,DUCHOD
463711,1578,0.5867869648524047,True,950108,4128.0,8871.3,PRIJEM,PREVOD Z UCTU,DUCHOD
2094577,7099,0.5867857207031012,True,981208,43942.0,60228.1,PRIJEM,PREVOD Z UCTU,
208780,709,0.5867826926214154,True,970228,49690.0,71106.9,PRIJEM,VKLAD,
790706,2696,0.5867817370949462,True,970612,4673.0,23965.0,PRIJEM,PREVOD Z UCTU,DUCHOD
1147153,3924,0.5867777386543269,True,960307,4764.0,5064.0,PRIJEM,PREVOD Z UCTU,DUCHOD
619820,2116,0.5867775160635752,True,961101,22007.0,22740.2,VYBER,VYBER,
1010323,3452,0.586774253396788,True,970114,4694.0,10201.3,PRIJEM,PREVOD Z UCTU,DUCHOD
944328,3221,0.5867725345728123,True,981209,5330.0,46998.9,PRIJEM,PREVOD Z UCTU,DUCHOD
848007,2888,0.5867693669646278,True,960911,4006.0,16724.0,PRIJEM,PREVOD Z UCTU,DUCHOD
1176771,4035,0.5867670773133226,True,931206,44820.0,94168.7,PRIJEM,PREVOD Z UCTU,
1074042,3670,0.5867665573362371,True,930607,4442.0,4842.0,PRIJEM,PREVOD Z UCTU,DUCHOD
1091115,3730,0.58676439210156,True,941014,5152.0,11118.0,PRIJEM,PREVOD Z UCTU,DUCHOD
188750,639,0.586758504273217,True,971109,4373.0,4873.0,PRIJEM,PREVOD Z UCTU,DUCHOD
161014,540,0.5867563009976615,True,980831,49565.0,83304.6,PRIJEM,VKLAD,
883040,3008,0.5867559448713715,True,960106,6934.0,32509.0,PRIJEM,PREVOD Z UCTU,DUCHOD
2968882,9833,0.5867527489522957,True,980908,48816.0,118853.4,PRIJEM,PREVOD Z UCTU,
80751,271,0.5867511395974513,True,980114,6906.0,55209.3,PRIJEM,PREVOD Z UCTU,DUCHOD
418309,1419,0.586748437862349,True,940411,6051.0,24604.0,PRIJEM,PREVOD Z UCTU,DUCHOD
171872,576,0.5867484333154099,True,971211,6207.0,43633.7,PRIJEM,PREVOD Z UCTU,DUCHOD
1174192,4026,0.5867473763249963,True,981208,39306.0,65924.3,PRIJEM,PREVOD Z UCTU,
138601,464,0.5867430144287664,True,970808,5264.0,16392.0,PRIJEM,PREVOD Z UCTU,DUCHOD
363940,1237,0.5867425863360506,True,941031,43566.0,111298.6,PRIJEM,VKLAD,
2383419,7859,0.5867362486755302,True,970613,54092.0,95804.8,PRIJEM,PREVOD Z UCTU,
1982378,6715,0.5867353398205188,True,981116,24947.0,8866.5,VYBER,VYBER,
1534963,5228,0.5867325440189421,True,980405,49681.0,110508.9,PRIJEM,PREVOD Z UCTU,
3643167,3413,0.5867265813222282,True,981231,407.9,101641.3,PRIJEM,,UROK
1161171,3976,0.5867185922655892,True,981206,6453.0,38555.8,PRIJEM,PREVOD Z UCTU,DUCHOD
40028,130,0.5867176155438454,True,970611,6813.0,27552.0,PRIJEM,PREVOD Z UCTU,DUCHOD
840178,2861,0.5867168917423061,True,930706,5915.0,29875.0,PRIJEM,PREVOD Z UCTU,DUCHOD
154864,519,0.5867051313841048,True,940311,6987.0,28148.0,PRIJEM,PREVOD Z UCTU,DUCHOD
736820,2517,0.5867049423741241,True,971209,46694.0,81276.1,PRIJEM,PREVOD Z UCTU,
1436800,4894,0.5867048754743943,True,961212,43882.0,93793.8,PRIJEM,PREVOD Z UCTU,
883420,3009,0.5867038441320727,True,960608,4109.0,21445.0,PRIJEM,PREVOD Z UCTU,DUCHOD
332472,1132,0.5866971445453173,True,950409,48098.0,116794.5,PRIJEM,PREVOD Z UCTU,
42527,142,0.5866931878393635,True,930707,4555.0,23675.0,PRIJEM,PREVOD Z UCTU,DUCHOD
171860,576,0.5866914924493029,True,961211,6207.0,42772.1,PRIJEM,PREVOD Z UCTU,DUCHOD
635536,2170,0.5866855716116426,True,980106,49847.0,108280.0,PRIJEM,PREVOD Z UCTU,
1032538,3530,0.5866830799195725,True,960110,6156.0,7256.0,PRIJEM,PREVOD Z UCTU,DUCHOD
593648,2022,0.5866821337860619,True,930614,4652.0,5352.0,PRIJEM,PREVOD Z UCTU,DUCHOD
221134,751,0.5866805565015197,True,931006,4350.0,22650.0,PRIJEM,PREVOD Z UCTU,DUCHOD
469898,1601,0.5866785279337452,True,930707,4042.0,20710.0,PRIJEM,PREVOD Z UCTU,DUCHOD
1004628,3429,0.5866744999943196,True,971214,6664.0,37075.5,PRIJEM,PREVOD Z UCTU,DUCHOD
931289,3174,0.5866689429698587,True,980408,5098.0,20792.0,PRIJEM,PREVOD Z UCTU,DUCHOD
500100,1704,0.5866641405880135,True,951006,6923.0,7223.0,PRIJEM,PREVOD Z UCTU,DUCHOD
221891,754,0.5866581260530971,True,960905,6248.0,36010.5,PRIJEM,PREVOD Z UCTU,DUCHOD
1037215,3548,0.5866488360129516,True,940306,6022.0,25088.0,PRIJEM,PREVOD Z UCTU,DUCHOD
808481,2755,0.5866370155775352,True,950606,5651.0,28655.0,PRIJEM,PREVOD Z UCTU,DUCHOD
79325,266,0.5866293319454622,True,951012,49752.0,122552.7,PRIJEM,PREVOD Z UCTU,
698705,2390,0.5866265745909475,True,970202,48788.0,113662.2,PRIJEM,VKLAD,
896966,3056,0.5866261012968323,True,940512,4352.0,22860.0,PRIJEM,PREVOD Z UCTU,DUCHOD
3431097,11382,0.5866187842615419,True,971210,46248.0,75185.5,PRIJEM,PREVOD Z UCTU,
872483,2972,0.5866100946444719,True,980926,49766.0,132565.5,PRIJEM,VKLAD,
507925,1736,0.5866082372080116,True,970306,6075.0,6975.0,PRIJEM,PREVOD Z UCTU,DUCHOD
2378573,7844,0.5866071517493296,True,970605,47906.0,85100.3,PRIJEM,PREVOD Z UCTU,
164442,550,0.5865978942138923,True,980208,5880.0,23720.0,PRIJEM,PREVOD Z UCTU,DUCHOD
2256334,7445,0.5865969418266169,True,960601,24492.0,21016.8,VYBER,VYBER,
538316,1831,0.586594095304274,True,951111,6480.0,34615.5,PRIJEM,PREVOD Z UCTU,DUCHOD
975937,3326,0.5865890993471309,True,950428,45490.0,121912.1,PRIJEM,VKLAD,
1125041,3842,0.5865882014786234,True,981208,5031.0,52975.4,PRIJEM,PREVOD Z UCTU,DUCHOD
468951,1597,0.5865814764003129,True,971206,6701.0,43648.3,PRIJEM,PREVOD Z UCTU,DUCHOD
288116,988,0.5865788171625145,True,980714,6832.0,50058.0,PRIJEM,PREVOD Z UCTU,DUCHOD
434251,1476,0.5865757870197619,True,930506,6411.0,6611.0,PRIJEM,PREVOD Z UCTU,DUCHOD
138603,464,0.5865743839301347,True,971008,5264.0,26920.0,PRIJEM,PREVOD Z UCTU,DUCHOD
1263461,4321,0.5865736529861701,True,970331,49263.0,159483.9,PRIJEM,VKLAD,
411320,1401,0.586567623674594,True,961210,6850.0,45760.0,PRIJEM,PREVOD Z UCTU,DUCHOD
637611,2176,0.5865617344800471,True,930802,56000.0,137909.9,VYDAJ,VYBER,
1552697,5283,0.5865611019893427,True,971014,45222.0,45922.0,PRIJEM,PREVOD Z UCTU,
1069013,3652,0.5865583043219235,True,970306,6097.0,6997.0,PRIJEM,PREVOD Z UCTU,DUCHOD
412649,1404,0.5865564345319702,True,971127,41126.0,130586.3,PRIJEM,VKLAD,
141137,472,0.5865560002389697,True,970307,49201.0,113888.0,PRIJEM,PREVOD Z UCTU,
845318,2878,0.5865527939896591,True,970906,6863.0,21289.0,PRIJEM,PREVOD Z UCTU,DUCHOD
2042595,6924,0.5865518526650568,True,971207,36536.0,66488.7,PRIJEM,PREVOD Z UCTU,
3198652,10613,0.5865509746227636,True,980606,46838.0,94979.3,PRIJEM,PREVOD Z UCTU,
553962,1886,0.5865362882060938,True,981213,40614.0,66074.9,PRIJEM,PREVOD Z UCTU,
2780432,9203,0.5865362692976568,True,950102,49347.0,139356.7,PRIJEM,VKLAD,
79362,266,0.5865295702143672,True,981112,49752.0,109125.7,PRIJEM,PREVOD Z UCTU,
506516,1730,0.5865263771711252,True,980606,6689.0,74914.1,PRIJEM,PREVOD Z UCTU,DUCHOD
780564,2662,0.5865248711315261,True,940608,5500.0,6100.0,PRIJEM,PREVOD Z UCTU,DUCHOD
1161383,3977,0.5865226399492043,True,931005,4636.0,5436.0,PRIJEM,PREVOD Z UCTU,DUCHOD
359516,1222,0.5865202559803304,True,930512,6310.0,25940.0,PRIJEM,PREVOD Z UCTU,DUCHOD
1124741,3841,0.586510089248504,True,950608,4547.0,23535.0,PRIJEM,PREVOD Z UCTU,DUCHOD
2968878,9833,0.5865089325654063,True,980508,48816.0,116156.5,PRIJEM,PREVOD Z UCTU,
387522,1317,0.5864984843367353,True,971210,6732.0,38258.9,PRIJEM,PREVOD Z UCTU,DUCHOD
16251,55,0.5864970999901415,True,960512,4629.0,14187.0,PRIJEM,PREVOD Z UCTU,DUCHOD
753783,2572,0.5864953439651733,True,981107,48819.0,116887.4,PRIJEM,PREVOD Z UCTU,
1140283,3898,0.5864929776938268,True,970207,6915.0,21994.3,PRIJEM,PREVOD Z UCTU,DUCHOD
2580418,8523,0.5864806210474477,True,970211,46520.0,103554.4,PRIJEM,PREVOD Z UCTU,
1140257,3898,0.5864786284119082,True,941207,6915.0,33190.2,PRIJEM,PREVOD Z UCTU,DUCHOD
2791339,9241,0.5864743307153127,True,981211,42783.0,61051.3,PRIJEM,PREVOD Z UCTU,
1793857,6083,0.5864716455461101,True,971031,46635.0,138400.6,PRIJEM,VKLAD,
66624,222,0.586471199972089,True,960610,51614.0,97323.3,PRIJEM,PREVOD Z UCTU,
971855,3311,0.5864646766557363,True,981206,49809.0,142996.3,PRIJEM,VKLAD,
1290905,4413,0.5864638731446715,True,960610,50178.0,74988.4,PRIJEM,PREVOD Z UCTU,
651022,2225,0.5864516540763623,True,960508,4272.0,18088.0,PRIJEM,PREVOD Z UCTU,DUCHOD
3422889,11359,0.5864498229984674,True,961214,40521.0,59970.1,PRIJEM,PREVOD Z UCTU,
574904,1958,0.5864487823558784,True,950310,5338.0,27290.0,PRIJEM,PREVOD Z UCTU,DUCHOD
914523,3117,0.5864485168923523,True,930513,5355.0,16965.0,PRIJEM,PREVOD Z UCTU,DUCHOD
411336,1401,0.5864391535854473,True,980410,6850.0,49825.9,PRIJEM,PREVOD Z UCTU,DUCHOD
259630,889,0.586436873329923,True,980505,4976.0,25180.0,PRIJEM,PREVOD Z UCTU,DUCHOD
837316,2849,0.586435222077056,True,981211,6677.0,35171.6,PRIJEM,PREVOD Z UCTU,DUCHOD
80753,271,0.5864346209383817,True,980314,6906.0,57048.3,PRIJEM,PREVOD Z UCTU,DUCHOD
75769,252,0.5864336924740419,True,981206,5798.0,52630.3,PRIJEM,PREVOD Z UCTU,DUCHOD
2908690,9635,0.5864334824229348,True,930214,4470.0,9362.9,PRIJEM,PREVOD Z UCTU,DUCHOD
137499,461,0.5864307992884394,True,951206,6388.0,43536.0,PRIJEM,PREVOD Z UCTU,DUCHOD
882126,3006,0.5864245865985422,True,961213,6416.0,34148.3,PRIJEM,PREVOD Z UCTU,DUCHOD
882138,3006,0.5864245865985422,True,971213,6416.0,33237.5,PRIJEM,PREVOD Z UCTU,DUCHOD
522171,1782,0.5864235591339461,True,980610,6542.0,77928.8,PRIJEM,PREVOD Z UCTU,DUCHOD
563261,1917,0.5864185645175866,True,960510,4415.0,23075.0,PRIJEM,PREVOD Z UCTU,DUCHOD
661761,2259,0.5864138340338718,True,940905,4442.0,18368.0,PRIJEM,PREVOD Z UCTU,DUCHOD
63754,212,0.5864119719043157,True,960609,74385.0,89117.1,PRIJEM,PREVOD Z UCTU,
2383436,7859,0.5864092221831105,True,981113,36061.0,126872.2,PRIJEM,PREVOD Z UCTU,
1027449,3509,0.5864020143048239,True,981205,5812.0,52044.9,PRIJEM,PREVOD Z UCTU,DUCHOD
893233,3045,0.5864016642934522,True,951005,6079.0,24616.0,PRIJEM,PREVOD Z UCTU,DUCHOD
2135381,7231,0.5863908359206943,True,960423,19289.0,13805.3,VYBER,VYBER,
501801,1710,0.5863885984586654,True,981110,6885.0,50866.9,PRIJEM,PREVOD Z UCTU,DUCHOD
988755,3371,0.586388178924185,True,940801,47763.0,148513.1,PRIJEM,VKLAD,
1139332,3894,0.586384910092436,True,981110,6868.0,55878.5,PRIJEM,PREVOD Z UCTU,DUCHOD
1124105,3839,0.5863823290583898,True,950610,46082.0,95203.5,PRIJEM,PREVOD Z UCTU,
821289,2798,0.5863814612570515,True,961205,29714.0,63986.3,PRIJEM,PREVOD Z UCTU,
1091163,3730,0.5863747044174974,True,981014,5152.0,60314.6,PRIJEM,PREVOD Z UCTU,DUCHOD
331811,1130,0.5863715886426413,True,971009,6588.0,33140.0,PRIJEM,PREVOD Z UCTU,DUCHOD
555193,1890,0.5863685218463093,True,981210,50583.0,63517.2,PRIJEM,PREVOD Z UCTU,
715944,2452,0.5863597586890705,True,971008,5563.0,17289.0,PRIJEM,PREVOD Z UCTU,DUCHOD
566678,1930,0.586359403993629,True,930710,6520.0,7620.0,PRIJEM,PREVOD Z UCTU,DUCHOD
745092,2543,0.5863478979868658,True,981014,6148.0,80122.4,PRIJEM,PREVOD Z UCTU,DUCHOD
723240,2476,0.5863333824218767,True,940508,4281.0,22305.0,PRIJEM,PREVOD Z UCTU,DUCHOD
1155086,3952,0.5863307845659241,True,961206,6610.0,17245.8,PRIJEM,PREVOD Z UCTU,DUCHOD
1262556,4318,0.5863298748522459,True,981108,46096.0,126345.2,PRIJEM,PREVOD Z UCTU,
888178,3029,0.5863253062135915,True,970407,5978.0,24612.0,PRIJEM,PREVOD Z UCTU,DUCHOD
680158,2322,0.5863153517199171,True,970924,49432.0,148001.6,PRIJEM,VKLAD,
545968,1858,0.5863141229661042,True,950609,6648.0,27492.0,PRIJEM,PREVOD Z UCTU,DUCHOD
3077805,10202,0.5863139743873264,True,970731,49252.0,79945.9,PRIJEM,VKLAD,
48320,162,0.5863096353295202,True,930906,5188.0,5388.0,PRIJEM,PREVOD Z UCTU,DUCHOD
508783,1741,0.5863068652250348,True,950907,4785.0,20240.0,PRIJEM,PREVOD Z UCTU,DUCHOD
2655662,8784,0.5863009251468664,True,970110,36791.0,92301.9,PRIJEM,PREVOD Z UCTU,
907405,3092,0.5862981579152803,True,960413,5649.0,23596.0,PRIJEM,PREVOD Z UCTU,DUCHOD
261876,897,0.5862965488667846,True,980429,46353.0,146944.1,PRIJEM,VKLAD,
42214,141,0.5862934566883479,True,981209,45248.0,64720.8,PRIJEM,PREVOD Z UCTU,
118342,397,0.5862933396211628,True,971214,46358.0,102154.4,PRIJEM,PREVOD Z UCTU,
691496,2363,0.5862932803625462,True,971109,6840.0,42570.1,PRIJEM,PREVOD Z UCTU,DUCHOD
3209908,10652,0.586292472209666,True,981210,45213.0,58415.4,PRIJEM,PREVOD Z UCTU,
726424,2485,0.5862914019811271,True,981213,4042.0,28382.9,PRIJEM,PREVOD Z UCTU,DUCHOD
788161,2687,0.58628168521826,True,930714,6336.0,7436.0,PRIJEM,PREVOD Z UCTU,DUCHOD
753582,2571,0.5862805620041409,True,970210,46999.0,47699.0,PRIJEM,PREVOD Z UCTU,
3625933,2884,0.5862788480240739,True,981231,428.1,105066.3,PRIJEM,,UROK
640677,2187,0.5862734396617933,True,981012,4456.0,82135.5,VYDAJ,PREVOD NA UCET,UVER
3571137,1233,0.5862730326230893,True,960229,11.7,3701.7,PRIJEM,,UROK
759001,2589,0.586263707413625,True,961211,5541.0,6241.0,PRIJEM,PREVOD Z UCTU,DUCHOD
522168,1782,0.5862606187696717,True,980310,6542.0,72062.8,PRIJEM,PREVOD Z UCTU,DUCHOD
359547,1222,0.5862591753779292,True,951212,6310.0,45656.2,PRIJEM,PREVOD Z UCTU,DUCHOD
1143637,3912,0.5862573710068377,True,981213,6241.0,42216.9,PRIJEM,PREVOD Z UCTU,DUCHOD
237309,811,0.5862540656344288,True,980607,46545.0,95363.5,PRIJEM,PREVOD Z UCTU,
1383937,4715,0.5862456609910859,True,970109,45859.0,106189.2,PRIJEM,PREVOD Z UCTU,
59355,198,0.5862335994053984,True,940313,4299.0,22395.0,PRIJEM,PREVOD Z UCTU,DUCHOD
988285,3370,0.5862324862366864,True,941209,35782.0,79414.9,PRIJEM,PREVOD Z UCTU,
542958,1847,0.5862262406688183,True,981210,5679.0,58950.2,PRIJEM,PREVOD Z UCTU,DUCHOD
852972,2907,0.5862256778629441,True,960106,6891.0,32954.9,PRIJEM,PREVOD Z UCTU,DUCHOD
67065,223,0.5862222807975633,True,960226,45285.0,71370.6,PRIJEM,VKLAD,
601190,2047,0.5862151813568605,True,971208,4727.0,45227.0,PRIJEM,PREVOD Z UCTU,DUCHOD
777568,2651,0.5862052559445583,True,950612,53894.0,79505.5,PRIJEM,PREVOD Z UCTU,
808207,2754,0.5862037465396203,True,970612,62868.0,86756.1,PRIJEM,PREVOD Z UCTU,
510931,1749,0.5861975565826574,True,960106,45608.0,110435.3,PRIJEM,PREVOD Z UCTU,
120120,403,0.5861973001982153,True,980314,5563.0,74493.1,PRIJEM,PREVOD Z UCTU,DUCHOD
351777,1195,0.5861866048956728,True,970511,6223.0,31915.0,PRIJEM,PREVOD Z UCTU,DUCHOD
551073,1877,0.5861836814704537,True,981110,6485.0,47980.7,PRIJEM,PREVOD Z UCTU,DUCHOD
682126,2328,0.5861815188288285,True,970913,6765.0,64356.5,PRIJEM,PREVOD Z UCTU,DUCHOD
774884,2644,0.5861795003427696,True,970810,4984.0,5584.0,PRIJEM,PREVOD Z UCTU,DUCHOD
2908724,9635,0.5861792673727193,True,951214,4470.0,12344.6,PRIJEM,PREVOD Z UCTU,DUCHOD
1140256,3898,0.5861777735790885,True,941107,6915.0,31418.8,PRIJEM,PREVOD Z UCTU,DUCHOD
1125025,3842,0.5861722626280738,True,970808,5031.0,25955.0,PRIJEM,PREVOD Z UCTU,DUCHOD
421977,1432,0.5861702752523211,True,981210,49008.0,55088.5,PRIJEM,PREVOD Z UCTU,
1137289,3886,0.5861683876375423,True,980402,22136.0,14157.0,VYBER,VYBER,
653124,2233,0.5861673864718066,True,960214,5893.0,12201.2,PRIJEM,PREVOD Z UCTU,DUCHOD
822993,2803,0.5861663081500513,True,980831,46243.0,151369.0,PRIJEM,VKLAD,
1044766,3572,0.5861536138715079,True,981114,6213.0,41314.3,PRIJEM,PREVOD Z UCTU,DUCHOD
1124147,3839,0.5861513208882347,True,981210,46082.0,86678.6,PRIJEM,PREVOD Z UCTU,
80760,271,0.5861406244509844,True,981014,6906.0,61713.3,PRIJEM,PREVOD Z UCTU,DUCHOD
159953,536,0.5861387584826007,True,970306,5012.0,25960.0,PRIJEM,PREVOD Z UCTU,DUCHOD
221893,754,0.5861333142168343,True,961105,6248.0,36688.8,PRIJEM,PREVOD Z UCTU,DUCHOD
118318,397,0.5861301553707433,True,951214,46358.0,71117.6,PRIJEM,PREVOD Z UCTU,
234938,802,0.586129544871421,True,950512,5376.0,27180.0,PRIJEM,PREVOD Z UCTU,DUCHOD
575225,1959,0.586113625810805,True,980505,6830.0,50387.2,PRIJEM,PREVOD Z UCTU,DUCHOD
739843,2527,0.5861078040554873,True,931223,47848.0,144414.5,PRIJEM,VKLAD,
504989,1725,0.5861045609372302,True,971110,47870.0,112052.1,PRIJEM,PREVOD Z UCTU,
347549,1179,0.5860970047184054,True,930607,4212.0,21760.0,PRIJEM,PREVOD Z UCTU,DUCHOD
635543,2170,0.5860916858843166,True,980806,49847.0,124145.9,PRIJEM,PREVOD Z UCTU,
381484,1296,0.5860908934701664,True,970114,5020.0,10854.1,PRIJEM,PREVOD Z UCTU,DUCHOD
721540,2471,0.586083975013782,True,970106,43595.0,107909.7,PRIJEM,PREVOD Z UCTU,
873133,2974,0.5860834302091514,True,930812,5582.0,29010.0,PRIJEM,PREVOD Z UCTU,DUCHOD
636291,2172,0.5860819526885215,True,970914,5120.0,6220.0,PRIJEM,PREVOD Z UCTU,DUCHOD
351776,1195,0.5860811808568119,True,970411,6223.0,25692.0,PRIJEM,PREVOD Z UCTU,DUCHOD
81177,273,0.5860788660763909,True,981205,19802.0,62747.1,PRIJEM,PREVOD Z UCTU,
479105,1633,0.5860748610761056,True,950714,5153.0,25965.0,PRIJEM,PREVOD Z UCTU,DUCHOD
1958827,6636,0.5860738992852024,True,940218,49306.0,142858.9,PRIJEM,VKLAD,
875185,2982,0.586068631774778,True,961008,48752.0,112644.0,PRIJEM,PREVOD Z UCTU,
498394,1699,0.5860680678275888,True,930505,5224.0,21696.0,PRIJEM,PREVOD Z UCTU,DUCHOD
120118,403,0.586067124429695,True,980114,5563.0,71515.8,PRIJEM,PREVOD Z UCTU,DUCHOD
670888,2291,0.5860635531848888,True,961011,6563.0,20389.0,PRIJEM,PREVOD Z UCTU,DUCHOD
917793,3129,0.5860626579767908,True,971114,6727.0,36841.9,PRIJEM,PREVOD Z UCTU,DUCHOD
507929,1736,0.5860607137465766,True,970706,6075.0,31275.0,PRIJEM,PREVOD Z UCTU,DUCHOD
462589,1573,0.5860576033127278,True,980309,5492.0,17476.0,PRIJEM,PREVOD Z UCTU,DUCHOD
2736129,9052,0.5860573455934058,True,970312,2999.3,97007.1,VYDAJ,PREVOD NA UCET,UVER
647872,2215,0.5860561079410526,True,981208,6690.0,41477.2,PRIJEM,PREVOD Z UCTU,DUCHOD
721531,2471,0.5860536187402975,True,960406,43595.0,113139.5,PRIJEM,PREVOD Z UCTU,
3463315,2718,0.5860503577335828,True,950228,6.4,2706.4,PRIJEM,,UROK
303199,1032,0.5860493189803478,True,980905,49765.0,127317.9,PRIJEM,PREVOD Z UCTU,
85904,288,0.5860416948263697,True,971207,5315.0,37478.2,PRIJEM,PREVOD Z UCTU,DUCHOD
92403,314,0.5860355627030922,True,970606,55346.0,73495.2,PRIJEM,PREVOD Z UCTU,
159961,536,0.5860348500067654,True,971106,5012.0,32588.3,PRIJEM,PREVOD Z UCTU,DUCHOD
522117,1782,0.5860343257396722,True,931210,6542.0,30490.6,PRIJEM,PREVOD Z UCTU,DUCHOD
747106,2549,0.5860328740701927,True,981012,6345.0,61276.0,PRIJEM,PREVOD Z UCTU,DUCHOD
745035,2543,0.5860325075712282,True,940114,6148.0,32367.2,PRIJEM,PREVOD Z UCTU,DUCHOD
643018,2196,0.5860237372301288,True,971113,5525.0,22600.0,PRIJEM,PREVOD Z UCTU,DUCHOD
588190,2002,0.586019856937883,True,930806,6060.0,24640.0,PRIJEM,PREVOD Z UCTU,DUCHOD
216401,736,0.5860129786335107,True,980214,4031.0,12622.8,PRIJEM,PREVOD Z UCTU,DUCHOD
331810,1130,0.5860054247816996,True,970909,6588.0,26552.0,PRIJEM,PREVOD Z UCTU,DUCHOD
296276,1011,0.5860013938352208,True,961210,30604.0,84188.3,PRIJEM,PREVOD Z UCTU,
2857400,9455,0.5859986301221345,True,970313,37475.0,102667.1,PRIJEM,PREVOD Z UCTU,
918151,3130,0.5859910381005453,True,961210,6359.0,41762.7,PRIJEM,PREVOD Z UCTU,DUCHOD
976751,3328,0.5859890606764535,True,970814,4951.0,25555.0,PRIJEM,PREVOD Z UCTU,DUCHOD
554623,1888,0.585987956689293,True,981205,43260.0,43282.2,PRIJEM,PREVOD Z UCTU,
96826,331,0.5859869702669385,True,961113,6682.0,32991.2,PRIJEM,PREVOD Z UCTU,DUCHOD
1560313,5305,0.5859861890507575,True,970610,45100.0,85631.8,PRIJEM,PREVOD Z UCTU,
1050769,3594,0.585985673632852,True,940329,43000.0,159776.8,PRIJEM,VKLAD,
716915,2456,0.585978622140678,True,981214,37686.0,71136.2,PRIJEM,PREVOD Z UCTU,
467791,1592,0.5859754710516727,True,981013,4604.0,80155.3,PRIJEM,PREVOD Z UCTU,DUCHOD
235828,805,0.5859638096511302,True,981025,23312.0,5533.5,VYBER,VYBER,
160160,537,0.585960435343058,True,970211,6080.0,12678.6,PRIJEM,PREVOD Z UCTU,DUCHOD
741616,2532,0.5859596245543985,True,980610,73448.0,88007.3,PRIJEM,PREVOD Z UCTU,
925333,3153,0.5859547409661855,True,970430,20462.0,31420.9,VYBER,VYBER,
566681,1930,0.5859538644202591,True,931010,6520.0,27180.0,PRIJEM,PREVOD Z UCTU,DUCHOD
1087053,3714,0.585951287527902,True,971126,45708.0,152089.5,PRIJEM,VKLAD,
892887,3043,0.5859501816246053,True,970107,4152.0,4952.0,PRIJEM,PREVOD Z UCTU,DUCHOD
911185,3107,0.5859423973547883,True,961211,6300.0,63635.9,PRIJEM,PREVOD Z UCTU,DUCHOD
1140281,3898,0.5859422960775232,True,961207,6915.0,28147.1,PRIJEM,PREVOD Z UCTU,DUCHOD
462718,1574,0.585941058239426,True,981214,4058.0,29805.3,PRIJEM,PREVOD Z UCTU,DUCHOD
29154,96,0.5859356253598705,True,961111,44221.0,121145.1,PRIJEM,PREVOD Z UCTU,
545323,1855,0.5859335236894323,True,970314,5172.0,26260.0,PRIJEM,PREVOD Z UCTU,DUCHOD
1032787,3531,0.5859326756575852,True,981110,6962.0,39600.9,PRIJEM,PREVOD Z UCTU,DUCHOD
728871,2492,0.5859302898385027,True,980113,6901.0,30169.2,PRIJEM,PREVOD Z UCTU,DUCHOD
80756,271,0.5859207929855114,True,980614,6906.0,59632.7,PRIJEM,PREVOD Z UCTU,DUCHOD
434254,1476,0.58591971625666,True,930806,6411.0,25844.0,PRIJEM,PREVOD Z UCTU,DUCHOD
933079,3183,0.5859185177154521,True,940411,6877.0,7477.0,PRIJEM,PREVOD Z UCTU,DUCHOD
1262548,4318,0.5859139782889367,True,980308,46096.0,121492.3,PRIJEM,PREVOD Z UCTU,
2464222,8127,0.5859086302925565,True,950325,7255.0,157393.6,VYBER,VYBER,
292107,1000,0.5859045623886192,True,970607,47022.0,88475.8,PRIJEM,PREVOD Z UCTU,
3586457,1700,0.5858981948192156,True,981231,362.9,93990.2,PRIJEM,,UROK
635531,2170,0.5858884166898474,True,970806,49847.0,121745.6,PRIJEM,PREVOD Z UCTU,
120426,404,0.5858829095527268,True,960613,48572.0,79372.9,PRIJEM,PREVOD Z UCTU,
757497,2584,0.5858824713015368,True,930714,4188.0,4388.0,PRIJEM,PREVOD Z UCTU,DUCHOD
3583458,1614,0.5858823139385794,True,981231,407.3,104068.8,PRIJEM,,UROK
838593,2855,0.5858821083116258,True,981211,4189.0,50812.8,PRIJEM,PREVOD Z UCTU,DUCHOD
1004592,3429,0.5858811649987801,True,941214,6664.0,35698.9,PRIJEM,PREVOD Z UCTU,DUCHOD
1156934,3959,0.5858810102880573,True,981205,19603.0,7422.1,VYBER,VYBER,
930868,3173,0.585880976609975,True,931010,4235.0,22275.0,PRIJEM,PREVOD Z UCTU,DUCHOD
780859,2663,0.5858772301291051,True,950514,6362.0,26148.0,PRIJEM,PREVOD Z UCTU,DUCHOD
153887,516,0.585877171507796,True,971111,6747.0,44045.4,PRIJEM,PREVOD Z UCTU,DUCHOD
1191169,4079,0.585874673648958,True,960201,41464.0,136550.5,PRIJEM,VKLAD,
13936,47,0.5858652586284357,True,970611,52886.0,79803.8,PRIJEM,PREVOD Z UCTU,
232565,791,0.5858635539752971,True,960410,4854.0,20116.0,PRIJEM,PREVOD Z UCTU,DUCHOD
866094,2949,0.5858627100441436,True,961211,6410.0,33491.8,PRIJEM,PREVOD Z UCTU,DUCHOD
1679157,5692,0.5858598224194299,True,981201,22477.0,20868.0,VYBER,VYBER,
137523,461,0.5858587589314939,True,971206,6388.0,59779.3,PRIJEM,PREVOD Z UCTU,DUCHOD
1030985,3522,0.585858243872098,True,961214,6919.0,31029.6,PRIJEM,PREVOD Z UCTU,DUCHOD
134798,452,0.5858568733104201,True,981027,47265.0,130105.8,PRIJEM,VKLAD,
385068,1308,0.5858565444225672,True,970213,5119.0,25995.0,PRIJEM,PREVOD Z UCTU,DUCHOD
1161143,3976,0.5858546775260595,True,960806,6453.0,26412.0,PRIJEM,PREVOD Z UCTU,DUCHOD
868377,2958,0.58585007684394,True,940113,5265.0,21460.0,PRIJEM,PREVOD Z UCTU,DUCHOD
590487,2010,0.585847480202391,True,940509,5815.0,30175.0,PRIJEM,PREVOD Z UCTU,DUCHOD
1135353,3880,0.5858388443767625,True,981213,6871.0,44404.3,PRIJEM,PREVOD Z UCTU,DUCHOD
288117,988,0.5858319243327714,True,980814,6832.0,48062.7,PRIJEM,PREVOD Z UCTU,DUCHOD
175558,592,0.5858283222969157,True,970311,5753.0,17559.0,PRIJEM,PREVOD Z UCTU,DUCHOD
2008854,6806,0.5858281575424509,True,941209,36434.0,80509.0,PRIJEM,PREVOD Z UCTU,
575220,1959,0.5858232962997074,True,971205,6830.0,43471.7,PRIJEM,PREVOD Z UCTU,DUCHOD
260422,892,0.585821718327397,True,981109,6177.0,52786.0,PRIJEM,PREVOD Z UCTU,DUCHOD
64717,216,0.5858138213701437,True,961111,6460.0,36125.5,PRIJEM,PREVOD Z UCTU,DUCHOD
64705,216,0.5858138213701437,True,951111,6460.0,35722.1,PRIJEM,PREVOD Z UCTU,DUCHOD
64729,216,0.5858138213701437,True,971111,6460.0,36160.9,PRIJEM,PREVOD Z UCTU,DUCHOD
277993,951,0.5858121276515491,True,960812,4479.0,19016.0,PRIJEM,PREVOD Z UCTU,DUCHOD
3603019,2209,0.585806786260079,True,970228,270.9,123062.9,PRIJEM,,UROK
259438,888,0.5858046628090942,True,970208,6107.0,25228.0,PRIJEM,PREVOD Z UCTU,DUCHOD
668297,2282,0.5858032758145225,True,940114,46101.0,106560.3,PRIJEM,PREVOD Z UCTU,
269364,923,0.585796805377543,True,981207,5678.0,30033.3,PRIJEM,PREVOD Z UCTU,DUCHOD
163535,546,0.5857910532258964,True,970306,4410.0,18740.0,PRIJEM,PREVOD Z UCTU,DUCHOD
888848,3032,0.5857879526062705,True,931205,6605.0,30857.2,PRIJEM,PREVOD Z UCTU,DUCHOD
943199,3218,0.5857775263605074,True,931214,3175.0,3975.0,PRIJEM,PREVOD Z UCTU,
929614,3168,0.5857709589958626,True,930608,6303.0,26212.0,PRIJEM,PREVOD Z UCTU,DUCHOD
66588,222,0.5857701716683896,True,930610,51614.0,95262.1,PRIJEM,PREVOD Z UCTU,
462587,1573,0.5857636626847593,True,980109,5492.0,6492.0,PRIJEM,PREVOD Z UCTU,DUCHOD
760544,2595,0.5857592057839784,True,980114,6828.0,32799.2,PRIJEM,PREVOD Z UCTU,DUCHOD
1077386,3680,0.5857547914351537,True,960608,5800.0,24200.0,PRIJEM,PREVOD Z UCTU,DUCHOD
886581,3022,0.5857545154285877,True,961107,4755.0,5455.0,PRIJEM,PREVOD Z UCTU,DUCHOD
648733,2218,0.5857506658436032,True,980805,41038.0,132798.2,PRIJEM,PREVOD Z UCTU,
325941,1114,0.5857470427068932,True,940626,49695.0,141340.3,PRIJEM,VKLAD,
547866,1865,0.5857466465406801,True,971105,6256.0,41685.0,PRIJEM,PREVOD Z UCTU,DUCHOD
98069,335,0.5857449866371838,True,981207,5715.0,32766.4,PRIJEM,PREVOD Z UCTU,DUCHOD
877411,2989,0.5857443991011572,True,940307,5093.0,20972.0,PRIJEM,PREVOD Z UCTU,DUCHOD
968244,3300,0.585742870112722,True,971014,46719.0,47819.0,PRIJEM,PREVOD Z UCTU,
1143352,3910,0.5857417564095896,True,970507,4506.0,19024.0,PRIJEM,PREVOD Z UCTU,DUCHOD
122074,410,0.5857411276716763,True,970213,5738.0,23152.0,PRIJEM,PREVOD Z UCTU,DUCHOD
1150015,3935,0.5857372875015784,True,941206,32604.0,59800.6,PRIJEM,PREVOD Z UCTU,
236180,807,0.5857303473018733,True,981206,30344.0,67276.3,PRIJEM,PREVOD Z UCTU,
1015197,3470,0.5857291800450336,True,981209,5427.0,49877.2,PRIJEM,PREVOD Z UCTU,DUCHOD
649671,2220,0.5857253967763597,True,930607,6153.0,25712.0,PRIJEM,PREVOD Z UCTU,DUCHOD
752945,2569,0.5857242462118125,True,941208,6772.0,31317.8,PRIJEM,PREVOD Z UCTU,DUCHOD
870511,2965,0.5857203497466683,True,961205,5617.0,33779.8,PRIJEM,PREVOD Z UCTU,DUCHOD
3616469,2600,0.5857182580534425,True,980228,421.8,129916.8,PRIJEM,,UROK
429915,1460,0.5857170906133493,True,970412,5298.0,26790.0,PRIJEM,PREVOD Z UCTU,DUCHOD
143470,481,0.5857137852962959,True,971213,6633.0,49358.8,PRIJEM,PREVOD Z UCTU,DUCHOD
939092,3205,0.5857077439672893,True,981212,4366.0,33140.0,PRIJEM,PREVOD Z UCTU,DUCHOD
1158016,3965,0.5857054231632873,True,951112,21224.0,583.8,VYBER,VYBER,
2589857,8558,0.5857047147878476,True,971126,44825.0,130488.7,PRIJEM,VKLAD,
929615,3168,0.5857014364410792,True,930708,6303.0,32515.0,PRIJEM,PREVOD Z UCTU,DUCHOD
439036,1493,0.5857010960010289,True,930113,5009.0,5209.0,PRIJEM,PREVOD Z UCTU,DUCHOD
341096,1158,0.5857008092746139,True,980111,6340.0,49053.8,PRIJEM,PREVOD Z UCTU,DUCHOD
288113,988,0.5857006197110876,True,980414,6832.0,44100.9,PRIJEM,PREVOD Z UCTU,DUCHOD
268726,921,0.585700102147611,True,961113,6622.0,13762.2,PRIJEM,PREVOD Z UCTU,DUCHOD
863286,2939,0.5856999647106997,True,970907,5680.0,17240.0,PRIJEM,PREVOD Z UCTU,DUCHOD
689828,2357,0.5856928848209781,True,930112,6434.0,7234.0,PRIJEM,PREVOD Z UCTU,DUCHOD
283331,973,0.5856903343636988,True,961214,5760.0,42667.2,PRIJEM,PREVOD Z UCTU,DUCHOD
131198,441,0.5856890107016333,True,981109,44730.0,142448.8,PRIJEM,PREVOD Z UCTU,
3198646,10613,0.5856753433833867,True,971206,46838.0,71873.9,PRIJEM,PREVOD Z UCTU,
99346,340,0.5856723452995063,True,940114,5774.0,18366.2,PRIJEM,PREVOD Z UCTU,DUCHOD
2721942,9006,0.5856675046518736,True,941201,22093.0,50818.8,VYBER,VYBER,
951853,3245,0.5856652110280477,True,970910,6731.0,21193.0,PRIJEM,PREVOD Z UCTU,DUCHOD
383299,1302,0.5856612774298935,True,981212,6090.0,35305.4,PRIJEM,PREVOD Z UCTU,DUCHOD
473986,1614,0.5856611425418432,True,971208,37806.0,75619.5,PRIJEM,PREVOD Z UCTU,
238099,814,0.5856590112122622,True,961113,6760.0,13838.0,PRIJEM,PREVOD Z UCTU,DUCHOD
1467480,4999,0.5856508161247501,True,971001,24367.0,21569.4,VYBER,VYBER,
3145144,10439,0.5856507413967997,True,950608,56835.0,72218.5,PRIJEM,PREVOD Z UCTU,
154497,518,0.5856461106896554,True,951207,5836.0,29902.8,PRIJEM,PREVOD Z UCTU,DUCHOD
911198,3107,0.5856422412467117,True,980111,6300.0,76004.7,PRIJEM,PREVOD Z UCTU,DUCHOD
1052434,3600,0.5856337910535225,True,941205,6623.0,39970.0,PRIJEM,PREVOD Z UCTU,DUCHOD
79729,267,0.5856315154119714,True,950507,4847.0,5347.0,PRIJEM,PREVOD Z UCTU,DUCHOD
198560,674,0.5856281777401507,True,950913,4675.0,4975.0,PRIJEM,PREVOD Z UCTU,DUCHOD
606062,2063,0.5856260216618732,True,940109,5885.0,12490.4,PRIJEM,PREVOD Z UCTU,DUCHOD
944312,3221,0.5856201041127529,True,970809,5330.0,50640.3,PRIJEM,PREVOD Z UCTU,DUCHOD
637133,2176,0.5856171344411386,True,930802,47024.0,193909.9,PRIJEM,VKLAD,
883063,3008,0.5856162636464626,True,971206,6934.0,51430.1,PRIJEM,PREVOD Z UCTU,DUCHOD
1294979,4423,0.5856150594909327,True,950730,44281.0,129607.8,PRIJEM,VKLAD,
733069,2505,0.585614975444239,True,980113,4431.0,31667.0,PRIJEM,PREVOD Z UCTU,DUCHOD
246356,846,0.5856097975889429,True,980826,48902.0,147681.0,PRIJEM,VKLAD,
886736,3023,0.5856027333646621,True,971214,6121.0,19103.3,PRIJEM,PREVOD Z UCTU,DUCHOD
796081,2712,0.5855954819415329,True,930811,6604.0,33420.0,PRIJEM,PREVOD Z UCTU,DUCHOD
95084,323,0.5855831882462617,True,970610,6836.0,27544.0,PRIJEM,PREVOD Z UCTU,DUCHOD
757562,2584,0.5855584563850402,True,981214,4188.0,28637.3,PRIJEM,PREVOD Z UCTU,DUCHOD
518863,1772,0.585558295866324,True,980308,48199.0,123439.6,PRIJEM,PREVOD Z UCTU,
23988,79,0.5855566936830623,True,981212,4182.0,27474.0,PRIJEM,PREVOD Z UCTU,DUCHOD
468963,1597,0.5855476063506335,True,981206,6701.0,40006.5,PRIJEM,PREVOD Z UCTU,DUCHOD
272961,934,0.5855471782322201,True,980314,6025.0,24400.0,PRIJEM,PREVOD Z UCTU,DUCHOD
281936,967,0.5855279840244757,True,980902,48155.0,128400.4,PRIJEM,VKLAD,
453877,1542,0.5855266406540836,True,960508,6984.0,7984.0,PRIJEM,PREVOD Z UCTU,DUCHOD
79732,267,0.5855159132102294,True,950807,4847.0,19888.0,PRIJEM,PREVOD Z UCTU,DUCHOD
1313197,4484,0.5855103743572998,True,970128,49563.0,149719.5,PRIJEM,VKLAD,
3055474,10131,0.5855100587177782,True,941021,48955.0,102112.8,PRIJEM,VKLAD,
315979,1078,0.5855074636774356,True,981212,6722.0,29027.6,PRIJEM,PREVOD Z UCTU,DUCHOD
41350,136,0.5855033466931049,True,960811,6378.0,19734.0,PRIJEM,PREVOD Z UCTU,DUCHOD
1092731,3736,0.5854939047232552,True,961209,6963.0,43394.6,PRIJEM,PREVOD Z UCTU,DUCHOD
42909,143,0.5854912452148423,True,970308,4924.0,20196.0,PRIJEM,PREVOD Z UCTU,DUCHOD
1124415,3840,0.5854892722753627,True,940611,5970.0,24580.0,PRIJEM,PREVOD Z UCTU,DUCHOD
219289,745,0.5854889251274255,True,971114,4738.0,10590.1,PRIJEM,PREVOD Z UCTU,DUCHOD
3458905,11295,0.5854869629356133,True,981231,350.4,103417.6,PRIJEM,,UROK
2135371,7231,0.5854758733078396,True,950531,12712.0,6481.3,VYBER,VYBER,
848241,2889,0.5854687284678781,True,970606,56037.0,76644.1,PRIJEM,PREVOD Z UCTU,
1649348,5591,0.5854671305372966,True,980608,33280.0,75663.4,PRIJEM,PREVOD Z UCTU,
63717,212,0.5854639132422765,True,930509,49590.0,114431.0,PRIJEM,PREVOD Z UCTU,
162846,544,0.58546280266667,True,950610,34184.0,34584.0,PRIJEM,PREVOD Z UCTU,
251296,862,0.5854626102919979,True,980308,44333.0,117027.4,PRIJEM,PREVOD Z UCTU,
332479,1132,0.5854575547859078,True,951109,48098.0,115371.2,PRIJEM,PREVOD Z UCTU,
468962,1597,0.585449432715102,True,981106,6701.0,46096.2,PRIJEM,PREVOD Z UCTU,DUCHOD
3465497,3325,0.5854480002009474,True,980131,388.2,95528.8,PRIJEM,,UROK
3249354,10789,0.5854455406530668,True,980531,49915.0,138845.3,PRIJEM,VKLAD,
915290,3120,0.5854443339856855,True,961005,5685.0,23140.0,PRIJEM,PREVOD Z UCTU,DUCHOD
2857398,9455,0.5854417072681948,True,970113,37475.0,92442.6,PRIJEM,PREVOD Z UCTU,
1147156,3924,0.5854372238382242,True,960607,4764.0,19356.0,PRIJEM,PREVOD Z UCTU,DUCHOD
95244,324,0.5854305198269175,True,981210,5279.0,40671.5,PRIJEM,PREVOD Z UCTU,DUCHOD
251304,862,0.5854288831516665,True,981108,44333.0,125097.7,PRIJEM,PREVOD Z UCTU,
876082,2985,0.5854282191660711,True,930514,4519.0,9449.6,PRIJEM,PREVOD Z UCTU,DUCHOD
179462,608,0.5854263228700518,True,950809,4635.0,23775.0,PRIJEM,PREVOD Z UCTU,DUCHOD
494944,1688,0.585425238079629,True,930309,5439.0,6239.0,PRIJEM,PREVOD Z UCTU,DUCHOD
1124123,3839,0.5854207761159194,True,961210,46082.0,76020.9,PRIJEM,PREVOD Z UCTU,
1838324,6226,0.5854174197087227,True,960607,59793.0,95338.2,PRIJEM,PREVOD Z UCTU,
451896,1536,0.585410415573361,True,930612,38414.0,86272.4,PRIJEM,PREVOD Z UCTU,
2042589,6924,0.5854027972662385,True,970607,36536.0,79100.1,PRIJEM,PREVOD Z UCTU,
2042601,6924,0.5854027972662385,True,980607,36536.0,78145.0,PRIJEM,PREVOD Z UCTU,
1665907,5650,0.5854012579961232,True,950612,36975.0,78713.7,PRIJEM,PREVOD Z UCTU,
137533,461,0.585395618751782,True,981006,6388.0,72942.2,PRIJEM,PREVOD Z UCTU,DUCHOD
992006,3384,0.5853854877214307,True,961211,6211.0,47463.9,PRIJEM,PREVOD Z UCTU,DUCHOD
726727,2486,0.5853845743795251,True,941001,14996.0,16899.6,VYBER,VYBER,
2908712,9635,0.5853757792178611,True,941214,4470.0,12957.2,PRIJEM,PREVOD Z UCTU,DUCHOD
409300,1394,0.585371250235597,True,971212,6341.0,51377.5,PRIJEM,PREVOD Z UCTU,DUCHOD
1838343,6226,0.5853545552137541,True,980107,39862.0,131892.7,PRIJEM,PREVOD Z UCTU,
1158026,3965,0.5853545324155227,True,961005,24284.0,15832.4,VYBER,VYBER,
1142614,3908,0.5853504179483573,True,970613,4810.0,24750.0,PRIJEM,PREVOD Z UCTU,DUCHOD
507928,1736,0.5853477397338664,True,970606,6075.0,25200.0,PRIJEM,PREVOD Z UCTU,DUCHOD
1091116,3730,0.5853459161354151,True,941114,5152.0,16294.8,PRIJEM,PREVOD Z UCTU,DUCHOD
928038,3164,0.5853422275725803,True,940511,6154.0,31770.0,PRIJEM,PREVOD Z UCTU,DUCHOD
743559,2539,0.5853407110438239,True,981105,6160.0,34922.6,PRIJEM,PREVOD Z UCTU,DUCHOD
251990,863,0.5853368039298301,True,950325,7072.0,148837.8,VYBER,VYBER,
366332,1246,0.5853228321030676,True,981206,6148.0,42116.4,PRIJEM,PREVOD Z UCTU,DUCHOD
1095366,3745,0.5853179124305173,True,931206,39387.0,85342.4,PRIJEM,PREVOD Z UCTU,
405667,1381,0.5853132819666778,True,931206,4058.0,9133.6,PRIJEM,PREVOD Z UCTU,DUCHOD
862423,2937,0.5853123131294381,True,970513,4845.0,15335.0,PRIJEM,PREVOD Z UCTU,DUCHOD
1578325,5366,0.5853120398850234,True,960901,23419.0,15731.5,VYBER,VYBER,
317184,1082,0.5853115415136079,True,961005,5190.0,21060.0,PRIJEM,PREVOD Z UCTU,DUCHOD
137498,461,0.585305893356665,True,951106,6388.0,40233.0,PRIJEM,PREVOD Z UCTU,DUCHOD
576553,1964,0.5853030353596912,True,960509,6547.0,20741.0,PRIJEM,PREVOD Z UCTU,DUCHOD
630548,2153,0.585301914768829,True,980609,46166.0,75232.0,PRIJEM,PREVOD Z UCTU,
3466062,3510,0.5852900927406749,True,940228,465.3,111081.0,PRIJEM,,UROK
514244,1760,0.5852868179184405,True,971206,4871.0,52456.3,PRIJEM,PREVOD Z UCTU,DUCHOD
99369,340,0.5852821684403002,True,951214,5774.0,22393.1,PRIJEM,PREVOD Z UCTU,DUCHOD
1086694,3713,0.5852808855195342,True,951230,24342.0,10249.6,VYBER,VYBER,
1104764,3775,0.58527107485461,True,930912,6136.0,18708.0,PRIJEM,PREVOD Z UCTU,DUCHOD
659921,2253,0.5852685397229856,True,961213,6028.0,44417.7,PRIJEM,PREVOD Z UCTU,DUCHOD
375185,1277,0.5852641126078556,True,930909,6248.0,19744.0,PRIJEM,PREVOD Z UCTU,DUCHOD
1693793,5740,0.5852568957058081,True,961225,19635.0,-46.1,VYBER,VYBER,
2592034,8564,0.5852568950078444,True,940112,38369.0,103980.8,PRIJEM,PREVOD Z UCTU,
645287,2203,0.5852563670898512,True,971207,6686.0,37505.3,PRIJEM,PREVOD Z UCTU,DUCHOD
766568,2618,0.5852563386828767,True,930708,6559.0,26836.0,PRIJEM,PREVOD Z UCTU,DUCHOD
635524,2170,0.5852553108221809,True,970106,49847.0,104158.2,PRIJEM,PREVOD Z UCTU,
1180441,4047,0.585254148379408,True,960519,22831.0,8981.1,VYBER,VYBER,
383298,1302,0.5852505772151816,True,981112,6090.0,36916.1,PRIJEM,PREVOD Z UCTU,DUCHOD
1158018,3965,0.5852448839300924,True,950924,24201.0,10206.6,VYBER,VYBER,
29110,96,0.5852424598785851,True,930311,44221.0,45321.0,PRIJEM,PREVOD Z UCTU,
1139810,3896,0.5852397588758033,True,970610,50620.0,95168.0,PRIJEM,PREVOD Z UCTU,
819860,2791,0.585237461003135,True,980312,5372.0,17216.0,PRIJEM,PREVOD Z UCTU,DUCHOD
143458,481,0.5852315900214511,True,961213,6633.0,29894.3,PRIJEM,PREVOD Z UCTU,DUCHOD
2363975,7795,0.5852260044512441,True,950601,4261.0,122562.3,VYBER,VYBER,
191390,650,0.5852245227153898,True,971210,6914.0,36186.8,PRIJEM,PREVOD Z UCTU,DUCHOD
2976372,9859,0.5852051840520206,True,970608,45094.0,82848.1,PRIJEM,PREVOD Z UCTU,
398089,1354,0.5852004061311277,True,971009,4620.0,19480.0,PRIJEM,PREVOD Z UCTU,DUCHOD
519775,1775,0.5851932209411941,True,941207,6932.0,31623.5,PRIJEM,PREVOD Z UCTU,DUCHOD
1649342,5591,0.5851929276787724,True,971208,33280.0,65116.0,PRIJEM,PREVOD Z UCTU,
2730553,9034,0.5851886709752411,True,961214,32706.0,60459.6,PRIJEM,PREVOD Z UCTU,
1045719,3576,0.5851803651431422,True,981206,4065.0,34225.9,PRIJEM,PREVOD Z UCTU,DUCHOD
1084467,3704,0.5851789816988812,True,981109,6242.0,49097.1,PRIJEM,PREVOD Z UCTU,DUCHOD
341782,1160,0.5851761348382137,True,980608,42630.0,92735.7,PRIJEM,PREVOD Z UCTU,
324583,1108,0.5851713991816814,True,980607,4730.0,56895.7,PRIJEM,PREVOD Z UCTU,DUCHOD
129016,433,0.5851694464493207,True,931126,40525.0,65825.0,PRIJEM,VKLAD,
522116,1782,0.5851681510889516,True,931110,6542.0,31774.6,PRIJEM,PREVOD Z UCTU,DUCHOD
80735,271,0.5851672525213941,True,960914,6906.0,14229.7,PRIJEM,PREVOD Z UCTU,DUCHOD
2383395,7859,0.58516632545279,True,950613,54092.0,91938.8,PRIJEM,PREVOD Z UCTU,
976750,3328,0.5851539317297562,True,970714,4951.0,20604.0,PRIJEM,PREVOD Z UCTU,DUCHOD
3035450,10063,0.585147738963304,True,970306,38902.0,100108.5,PRIJEM,PREVOD Z UCTU,
900248,3068,0.5851466496215715,True,930814,6193.0,25272.0,PRIJEM,PREVOD Z UCTU,DUCHOD
474454,1617,0.5851463439772582,True,930605,5953.0,6653.0,PRIJEM,PREVOD Z UCTU,DUCHOD
621790,2122,0.5851442708525962,True,941026,48360.0,157961.1,PRIJEM,VKLAD,
90073,304,0.585140242265419,True,980608,49764.0,84954.2,PRIJEM,PREVOD Z UCTU,
1148534,3928,0.5851374015014369,True,970227,42613.0,71098.8,PRIJEM,VKLAD,
689420,2355,0.585136197560082,True,980614,63912.0,89219.1,PRIJEM,PREVOD Z UCTU,
19820,67,0.5851354681048277,True,941105,41490.0,42190.0,PRIJEM,PREVOD Z UCTU,
315967,1078,0.5851351308128407,True,971212,6722.0,28538.2,PRIJEM,PREVOD Z UCTU,DUCHOD
472563,1608,0.5851312700561782,True,971114,5138.0,10889.9,PRIJEM,PREVOD Z UCTU,DUCHOD
79361,266,0.5851302089915634,True,981012,49752.0,114617.1,PRIJEM,PREVOD Z UCTU,
1365829,4660,0.5851273191938487,True,981210,47220.0,53749.3,PRIJEM,PREVOD Z UCTU,
900312,3068,0.585121714932891,True,981214,6193.0,38230.5,PRIJEM,PREVOD Z UCTU,DUCHOD
893248,3045,0.5851206645174278,True,970105,6079.0,33582.0,PRIJEM,PREVOD Z UCTU,DUCHOD
691460,2363,0.5851199514550953,True,941109,6840.0,14403.3,PRIJEM,PREVOD Z UCTU,DUCHOD
94328,321,0.5851119892987228,True,971207,5163.0,38692.5,PRIJEM,PREVOD Z UCTU,DUCHOD
3218262,10679,0.5851066602156583,True,981108,49451.0,110280.9,PRIJEM,PREVOD Z UCTU,
1091117,3730,0.585103277454458,True,941214,5152.0,21471.6,PRIJEM,PREVOD Z UCTU,DUCHOD
113781,384,0.5851030301075693,True,980602,8056.0,134388.9,VYBER,VYBER,
635527,2170,0.585100033356001,True,970406,49847.0,115513.8,PRIJEM,PREVOD Z UCTU,
1035467,3541,0.5850993929697955,True,970313,5485.0,5885.0,PRIJEM,PREVOD Z UCTU,DUCHOD
312435,1066,0.5850991676602276,True,981201,48160.0,145023.7,PRIJEM,VKLAD,
1155109,3952,0.5850947030031898,True,981106,6610.0,53788.5,PRIJEM,PREVOD Z UCTU,DUCHOD
17991,61,0.5850921810256182,True,951107,4019.0,30753.7,PRIJEM,PREVOD Z UCTU,DUCHOD
2908747,9635,0.5850904085321693,True,971114,4470.0,9952.2,PRIJEM,PREVOD Z UCTU,DUCHOD
639935,2185,0.5850884502131319,True,950614,5266.0,27230.0,PRIJEM,PREVOD Z UCTU,DUCHOD
206770,702,0.58508837473394,True,930707,4220.0,5020.0,PRIJEM,PREVOD Z UCTU,DUCHOD
204461,694,0.5850881591933518,True,960913,6318.0,6818.0,PRIJEM,PREVOD Z UCTU,DUCHOD
918172,3130,0.585086026614207,True,980910,6359.0,81048.1,PRIJEM,PREVOD Z UCTU,DUCHOD
2502370,8261,0.5850803205019297,True,951214,32938.0,60208.8,PRIJEM,PREVOD Z UCTU,
2782033,9208,0.5850791516474386,True,980903,14274.0,871.3,VYBER,VYBER,
1024021,3496,0.5850728380339808,True,971207,46143.0,100908.9,PRIJEM,PREVOD Z UCTU,
3422907,11359,0.5850677574421805,True,980614,40521.0,76742.4,PRIJEM,PREVOD Z UCTU,
3562938,982,0.5850668966824685,True,930228,18.7,5468.6,PRIJEM,,UROK
3614834,2550,0.5850608288410797,True,981231,394.8,96195.6,PRIJEM,,UROK
3565160,1050,0.5850518466710768,True,981231,373.4,103727.5,PRIJEM,,UROK
333846,1135,0.5850481605866245,True,981206,5106.0,48945.6,PRIJEM,PREVOD Z UCTU,DUCHOD
653158,2233,0.585047793574356,True,981214,5893.0,44378.3,PRIJEM,PREVOD Z UCTU,DUCHOD
3145132,10439,0.5850381054083096,True,940608,56835.0,68024.2,PRIJEM,PREVOD Z UCTU,
1064943,3638,0.585034252122859,True,961128,24520.0,22089.2,VYBER,VYBER,
2872067,9504,0.5850312903934046,True,980605,55628.0,80875.2,PRIJEM,PREVOD Z UCTU,
186791,633,0.5850286978905538,True,951213,5036.0,5736.0,PRIJEM,PREVOD Z UCTU,DUCHOD
402299,1370,0.5850271146858758,True,981107,5800.0,49366.1,PRIJEM,PREVOD Z UCTU,DUCHOD
2920854,9673,0.585023448464392,True,981210,22052.0,75657.8,PRIJEM,PREVOD Z UCTU,
918367,3131,0.585019958959343,True,971207,31880.0,70240.9,PRIJEM,PREVOD Z UCTU,
1095378,3745,0.585018640205904,True,941206,39387.0,74174.2,PRIJEM,PREVOD Z UCTU,
1665913,5650,0.5850166202332744,True,951212,36975.0,61565.6,PRIJEM,PREVOD Z UCTU,
1155321,3953,0.585012389609809,True,980612,47679.0,96999.0,PRIJEM,PREVOD Z UCTU,
179458,608,0.585001100115951,True,950409,4635.0,5235.0,PRIJEM,PREVOD Z UCTU,DUCHOD
914525,3117,0.5849950368538859,True,930713,5355.0,27675.0,PRIJEM,PREVOD Z UCTU,DUCHOD
1036843,3547,0.5849835948602977,True,930810,4026.0,4326.0,PRIJEM,PREVOD Z UCTU,DUCHOD
317183,1082,0.5849825706061623,True,960905,5190.0,15870.0,PRIJEM,PREVOD Z UCTU,DUCHOD
245002,841,0.58497959260071,True,981107,5772.0,48703.1,PRIJEM,PREVOD Z UCTU,DUCHOD
288108,988,0.5849679044162878,True,971114,6832.0,41723.1,PRIJEM,PREVOD Z UCTU,DUCHOD
328379,1120,0.5849616263725006,True,981205,5428.0,32899.9,PRIJEM,PREVOD Z UCTU,DUCHOD
48700,163,0.5849551919263679,True,971213,6698.0,38300.6,PRIJEM,PREVOD Z UCTU,DUCHOD
48688,163,0.5849551919263679,True,961213,6698.0,38294.8,PRIJEM,PREVOD Z UCTU,DUCHOD
1973500,6686,0.5849497501544981,True,981208,43684.0,65852.6,PRIJEM,PREVOD Z UCTU,
565323,1925,0.5849466198155637,True,930806,5839.0,6439.0,PRIJEM,PREVOD Z UCTU,DUCHOD
593649,2022,0.5849452364952393,True,930714,4652.0,10016.6,PRIJEM,PREVOD Z UCTU,DUCHOD
218524,743,0.5849379868390164,True,931206,4440.0,9397.1,PRIJEM,PREVOD Z UCTU,DUCHOD
1425822,4858,0.5849349424271936,True,980611,62850.0,56197.3,PRIJEM,PREVOD Z UCTU,
827201,2818,0.5849333373436183,True,940608,61533.0,94941.0,PRIJEM,PREVOD Z UCTU,
736307,2515,0.5849307255770972,True,971124,45836.0,137529.4,PRIJEM,VKLAD,
928093,3164,0.5849299988218033,True,981211,6154.0,39657.7,PRIJEM,PREVOD Z UCTU,DUCHOD
98038,335,0.5849264620803947,True,960507,5715.0,23860.0,PRIJEM,PREVOD Z UCTU,DUCHOD
367084,1248,0.5849241699199405,True,951113,6372.0,33970.6,PRIJEM,PREVOD Z UCTU,DUCHOD
1977649,6701,0.5849240787383386,True,970129,49491.0,136890.9,PRIJEM,VKLAD,
166984,559,0.5849213645386699,True,930314,5672.0,5972.0,PRIJEM,PREVOD Z UCTU,DUCHOD
554778,1888,0.5849193167181341,True,980629,19826.0,4215.7,VYBER,VYBER,
1278717,4375,0.5849143142029043,True,971013,47883.0,114424.0,PRIJEM,PREVOD Z UCTU,
479123,1633,0.5849120975104953,True,970114,5153.0,38442.8,PRIJEM,PREVOD Z UCTU,DUCHOD
911204,3107,0.584910897713851,True,980711,6300.0,87273.7,PRIJEM,PREVOD Z UCTU,DUCHOD
105322,359,0.5849093573637626,True,950408,5316.0,21664.0,PRIJEM,PREVOD Z UCTU,DUCHOD
123794,416,0.5848969164392751,True,981205,5155.0,29241.3,PRIJEM,PREVOD Z UCTU,DUCHOD
1132674,3871,0.5848814377529525,True,931206,4356.0,31786.2,PRIJEM,PREVOD Z UCTU,DUCHOD
284756,978,0.5848809051574646,True,961213,6556.0,48193.4,PRIJEM,PREVOD Z UCTU,DUCHOD
66006,220,0.5848675399976686,True,930808,5271.0,21484.0,PRIJEM,PREVOD Z UCTU,DUCHOD
613488,2090,0.5848639519580229,True,970409,5299.0,27495.0,PRIJEM,PREVOD Z UCTU,DUCHOD
461963,1570,0.5848636862218574,True,940806,4298.0,21690.0,PRIJEM,PREVOD Z UCTU,DUCHOD
482193,1642,0.5848627516330169,True,950809,6432.0,20296.0,PRIJEM,PREVOD Z UCTU,DUCHOD
780568,2662,0.5848566245020699,True,941008,5500.0,28100.0,PRIJEM,PREVOD Z UCTU,DUCHOD
378666,1288,0.5848564101620066,True,940308,6059.0,24836.0,PRIJEM,PREVOD Z UCTU,DUCHOD
1092942,3737,0.5848539193719957,True,971205,6852.0,40487.0,PRIJEM,PREVOD Z UCTU,DUCHOD
1092953,3737,0.584846822522283,True,981105,6852.0,41634.3,PRIJEM,PREVOD Z UCTU,DUCHOD
865509,2947,0.5848416804868478,True,981212,5196.0,35569.3,PRIJEM,PREVOD Z UCTU,DUCHOD
1140282,3898,0.584839307603947,True,970107,6915.0,28448.5,PRIJEM,PREVOD Z UCTU,DUCHOD
997024,3403,0.5848390171282843,True,980105,48698.0,119933.3,PRIJEM,VKLAD,
875200,2982,0.5848383496691308,True,980108,48752.0,87956.2,PRIJEM,PREVOD Z UCTU,
185598,629,0.5848374324952824,True,981210,4721.0,27802.6,PRIJEM,PREVOD Z UCTU,DUCHOD
3456164,9041,0.5848367203075668,True,981231,3.9,2349.9,PRIJEM,,UROK
219408,746,0.584830729643196,True,950909,5178.0,21212.0,PRIJEM,PREVOD Z UCTU,DUCHOD
63714,212,0.5848286066482449,True,930209,49590.0,49790.0,PRIJEM,PREVOD Z UCTU,
957965,3264,0.5848225897644309,True,940307,5096.0,25680.0,PRIJEM,PREVOD Z UCTU,DUCHOD
745071,2543,0.5848215933875439,True,970114,6148.0,44896.8,PRIJEM,PREVOD Z UCTU,DUCHOD
2034986,6897,0.584815522995776,True,941128,23061.0,8877.0,VYBER,VYBER,
20296,68,0.5848129084213984,True,950112,35557.0,35757.0,PRIJEM,PREVOD Z UCTU,
303165,1032,0.5848127787320708,True,951105,49765.0,109227.5,PRIJEM,PREVOD Z UCTU,
707138,2422,0.584796713628087,True,970906,6114.0,6314.0,PRIJEM,PREVOD Z UCTU,DUCHOD
636404,2173,0.5847889321698064,True,970513,5916.0,6816.0,PRIJEM,PREVOD Z UCTU,DUCHOD
661762,2259,0.5847851428620539,True,941005,4442.0,22810.0,PRIJEM,PREVOD Z UCTU,DUCHOD
942597,3216,0.5847837201750679,True,960527,49710.0,124494.5,PRIJEM,VKLAD,
1921124,6511,0.584773020816573,True,951230,43470.0,125018.6,PRIJEM,VKLAD,
1548805,5270,0.584770317512502,True,970814,44749.0,115702.3,PRIJEM,PREVOD Z UCTU,
77547,258,0.5847635212274818,True,980414,6177.0,38348.7,PRIJEM,PREVOD Z UCTU,DUCHOD
446411,1516,0.5847611215817946,True,931205,3416.0,7332.0,PRIJEM,PREVOD Z UCTU,
687469,2347,0.5847595876616121,True,960910,6498.0,7098.0,PRIJEM,PREVOD Z UCTU,DUCHOD
613487,2090,0.5847591512452202,True,970309,5299.0,22196.0,PRIJEM,PREVOD Z UCTU,DUCHOD
371029,1263,0.584758355259628,True,961128,44045.0,100801.3,PRIJEM,VKLAD,
3647825,3567,0.5847567063654832,True,970228,220.6,113651.2,PRIJEM,,UROK
66618,222,0.5847555807004838,True,951210,51614.0,103750.8,PRIJEM,PREVOD Z UCTU,
318499,1088,0.5847520905031471,True,940413,5600.0,22900.0,PRIJEM,PREVOD Z UCTU,DUCHOD
449906,1530,0.5847516326147637,True,951013,5550.0,28650.0,PRIJEM,PREVOD Z UCTU,DUCHOD
3249325,10789,0.5847487440828627,True,970221,48497.0,150977.5,PRIJEM,VKLAD,
3587013,1718,0.584743718782841,True,981231,392.4,112409.6,PRIJEM,,UROK
576023,1962,0.5847413331350374,True,960713,46473.0,117672.3,PRIJEM,PREVOD Z UCTU,
3035449,10063,0.584726321689347,True,970206,38902.0,105024.8,PRIJEM,PREVOD Z UCTU,
3470776,4470,0.5847211115939565,True,981231,371.1,98152.7,PRIJEM,,UROK
881451,3003,0.5847187169158378,True,981228,12088.0,115903.2,PRIJEM,VKLAD,
1060521,3625,0.5847165335830746,True,950113,6974.0,34314.0,PRIJEM,PREVOD Z UCTU,DUCHOD
2042559,6924,0.5847041356903401,True,941207,36536.0,63931.3,PRIJEM,PREVOD Z UCTU,
1534968,5228,0.5847021850643112,True,980905,49681.0,115000.8,PRIJEM,PREVOD Z UCTU,
237045,810,0.5847004898091149,True,960114,4798.0,14626.6,PRIJEM,PREVOD Z UCTU,DUCHOD
324578,1108,0.5846994606727425,True,980107,4730.0,50787.0,PRIJEM,PREVOD Z UCTU,DUCHOD
18399,62,0.5846978334438904,True,930805,5079.0,26495.0,PRIJEM,PREVOD Z UCTU,DUCHOD
3061,12,0.5846945428530578,True,970713,5938.0,18914.0,PRIJEM,PREVOD Z UCTU,DUCHOD
786238,2679,0.5846945031518921,True,971013,6654.0,21062.0,PRIJEM,PREVOD Z UCTU,DUCHOD
1076086,3676,0.5846900508383228,True,961005,4979.0,21016.0,PRIJEM,PREVOD Z UCTU,DUCHOD
593236,2020,0.5846870583730578,True,930906,5280.0,6380.0,PRIJEM,PREVOD Z UCTU,DUCHOD
646749,2210,0.5846870384275633,True,981213,5777.0,50472.2,PRIJEM,PREVOD Z UCTU,DUCHOD
966015,3292,0.5846868067120805,True,940413,4805.0,20020.0,PRIJEM,PREVOD Z UCTU,DUCHOD
141991,475,0.5846866571935448,True,970910,4319.0,17476.0,PRIJEM,PREVOD Z UCTU,DUCHOD
1290917,4413,0.5846726524435696,True,970610,50178.0,69665.7,PRIJEM,PREVOD Z UCTU,
409304,1394,0.5846702790489242,True,980412,6341.0,57472.1,PRIJEM,PREVOD Z UCTU,DUCHOD
1453812,4949,0.5846674222261796,True,961108,36239.0,36639.0,PRIJEM,PREVOD Z UCTU,
17067,58,0.5846617525279579,True,980208,5804.0,3599.7,PRIJEM,PREVOD Z UCTU,DUCHOD
1113047,3802,0.5846573142422226,True,960913,4914.0,24770.0,PRIJEM,PREVOD Z UCTU,DUCHOD
1534970,5228,0.584655991714202,True,981105,49681.0,103738.9,PRIJEM,PREVOD Z UCTU,
1534910,5228,0.584655991714202,True,931105,49681.0,102260.4,PRIJEM,PREVOD Z UCTU,
509299,1743,0.584653230427473,True,930613,4260.0,5060.0,PRIJEM,PREVOD Z UCTU,DUCHOD
1098569,3753,0.5846429764746248,True,981210,5937.0,48202.9,PRIJEM,PREVOD Z UCTU,DUCHOD
875188,2982,0.5846405363185111,True,970108,48752.0,88278.7,PRIJEM,PREVOD Z UCTU,
668347,2282,0.5846372511074213,True,980314,46101.0,121700.3,PRIJEM,PREVOD Z UCTU,
374189,1274,0.584634127476282,True,961127,49755.0,128674.4,PRIJEM,VKLAD,
1151123,3937,0.5846340896929016,True,960114,5258.0,6058.0,PRIJEM,PREVOD Z UCTU,DUCHOD
158283,530,0.5846336007488548,True,961206,37203.0,37803.0,PRIJEM,PREVOD Z UCTU,
296802,1012,0.5846314110430563,True,950602,24547.0,8854.3,VYBER,VYBER,
88995,300,0.5846301585496649,True,940108,6892.0,29687.6,PRIJEM,PREVOD Z UCTU,DUCHOD
18395,62,0.5846288900977489,True,930405,5079.0,6179.0,PRIJEM,PREVOD Z UCTU,DUCHOD
2908694,9635,0.5846243250147009,True,930614,4470.0,5544.9,PRIJEM,PREVOD Z UCTU,DUCHOD
840195,2861,0.584622350898592,True,941206,5915.0,38704.7,PRIJEM,PREVOD Z UCTU,DUCHOD
1092943,3737,0.5846192120494453,True,980105,6852.0,39698.0,PRIJEM,PREVOD Z UCTU,DUCHOD
495013,1688,0.5846155408830771,True,981209,5439.0,36243.2,PRIJEM,PREVOD Z UCTU,DUCHOD
57438,192,0.5846142139816847,True,930506,5859.0,23736.0,PRIJEM,PREVOD Z UCTU,DUCHOD
342033,1161,0.5846078721885778,True,930614,5921.0,12457.8,PRIJEM,PREVOD Z UCTU,DUCHOD
1889975,6397,0.5846078359414251,True,981206,27150.0,79501.3,PRIJEM,PREVOD Z UCTU,
469737,1600,0.5846075318889141,True,981205,6757.0,32596.5,PRIJEM,PREVOD Z UCTU,DUCHOD
682140,2328,0.5846070713475513,True,981113,6765.0,64312.2,PRIJEM,PREVOD Z UCTU,DUCHOD
224347,764,0.5846050798037985,True,930505,6238.0,26052.0,PRIJEM,PREVOD Z UCTU,DUCHOD
668354,2282,0.5846026016059362,True,981014,46101.0,139429.5,PRIJEM,PREVOD Z UCTU,
721538,2471,0.5846016953879466,True,961106,43595.0,114289.7,PRIJEM,PREVOD Z UCTU,
985915,3363,0.5846015660014747,True,971213,4412.0,35517.9,PRIJEM,PREVOD Z UCTU,DUCHOD
3523054,10650,0.584601157636946,True,971231,445.8,109319.0,PRIJEM,,UROK
701317,2400,0.5846009288407564,True,981212,4351.0,42757.2,PRIJEM,PREVOD Z UCTU,DUCHOD
944327,3221,0.5845908336838711,True,981109,5330.0,47378.6,PRIJEM,PREVOD Z UCTU,DUCHOD
1043399,3568,0.5845902211556855,True,960414,5243.0,5743.0,PRIJEM,PREVOD Z UCTU,DUCHOD
2698809,8931,0.5845822378003814,True,961230,31270.0,170682.8,PRIJEM,VKLAD,
1530385,5213,0.5845785118679231,True,960105,46714.0,98885.2,PRIJEM,PREVOD Z UCTU,
547843,1865,0.5845766842379615,True,951205,6256.0,40124.7,PRIJEM,PREVOD Z UCTU,DUCHOD
188751,639,0.5845759543941862,True,971209,4373.0,9260.9,PRIJEM,PREVOD Z UCTU,DUCHOD
500138,1704,0.5845702509214916,True,981206,6923.0,22529.8,PRIJEM,PREVOD Z UCTU,DUCHOD
951241,3243,0.5845679971200421,True,971207,6873.0,18229.9,PRIJEM,PREVOD Z UCTU,DUCHOD
682133,2328,0.5845547405481244,True,980413,6765.0,65695.0,PRIJEM,PREVOD Z UCTU,DUCHOD
488425,1666,0.5845471969533086,True,970110,6157.0,44082.3,PRIJEM,PREVOD Z UCTU,DUCHOD
2464029,8127,0.5845462219219462,True,960929,48151.0,148027.6,PRIJEM,VKLAD,
1644096,5574,0.5845445149484043,True,941108,47710.0,112689.5,PRIJEM,PREVOD Z UCTU,
522164,1782,0.5845431723447169,True,971110,6542.0,63657.4,PRIJEM,PREVOD Z UCTU,DUCHOD
295592,1009,0.584538430577499,True,980611,66434.0,91145.3,PRIJEM,PREVOD Z UCTU,
1855421,6281,0.5845342027087247,True,971111,17507.0,1472.1,VYBER,VYBER,
591375,2012,0.5845327469646218,True,971207,6761.0,43025.9,PRIJEM,PREVOD Z UCTU,DUCHOD
1011231,3456,0.5845289335429862,True,981211,6443.0,52623.4,PRIJEM,PREVOD Z UCTU,DUCHOD
2120026,7180,0.5845281914296379,True,971209,37408.0,67096.4,PRIJEM,PREVOD Z UCTU,
788226,2687,0.5845273666393374,True,981214,6336.0,33768.1,PRIJEM,PREVOD Z UCTU,DUCHOD
74196,245,0.5845248012548678,True,960925,22283.0,3071.1,VYBER,VYBER,
1139331,3894,0.584522086470324,True,981010,6868.0,54983.5,PRIJEM,PREVOD Z UCTU,DUCHOD
700157,2396,0.5845068904516589,True,941205,4203.0,31795.6,PRIJEM,PREVOD Z UCTU,DUCHOD
745026,2543,0.5845024654041152,True,930414,6148.0,19590.4,PRIJEM,PREVOD Z UCTU,DUCHOD
1174174,4026,0.5845021621833424,True,970608,39306.0,86325.6,PRIJEM,PREVOD Z UCTU,
473740,1613,0.5844947424545464,True,961105,6359.0,13689.7,PRIJEM,PREVOD Z UCTU,DUCHOD
988793,3371,0.5844920733355988,True,960201,48983.0,128758.7,PRIJEM,VKLAD,
180915,614,0.5844908158600075,True,970611,5767.0,5967.0,PRIJEM,PREVOD Z UCTU,DUCHOD
406604,1384,0.5844854646348657,True,960614,47049.0,92328.6,PRIJEM,PREVOD Z UCTU,
1075017,3674,0.5844835267445224,True,960623,48116.0,157160.6,PRIJEM,VKLAD,
1034128,3536,0.5844818752709731,True,940813,6263.0,6863.0,PRIJEM,PREVOD Z UCTU,DUCHOD
332481,1132,0.5844810170811087,True,960109,48098.0,104300.3,PRIJEM,PREVOD Z UCTU,
741601,2532,0.5844779409417625,True,970310,48965.0,102714.1,PRIJEM,PREVOD Z UCTU,
127633,428,0.5844755815259971,True,980612,6614.0,60773.9,PRIJEM,PREVOD Z UCTU,DUCHOD
195892,664,0.5844747252288958,True,971207,6559.0,34056.0,PRIJEM,PREVOD Z UCTU,DUCHOD
1128641,3856,0.5844658663556436,True,970114,4938.0,10389.1,PRIJEM,PREVOD Z UCTU,DUCHOD
533242,1816,0.5844621869447587,True,931112,4236.0,9486.1,PRIJEM,PREVOD Z UCTU,DUCHOD
788177,2687,0.5844569542991003,True,941114,6336.0,33281.3,PRIJEM,PREVOD Z UCTU,DUCHOD
531367,1811,0.5844560026958877,True,961214,35918.0,57958.8,PRIJEM,PREVOD Z UCTU,
709141,2427,0.5844545680533457,True,940830,47979.0,80838.3,PRIJEM,VKLAD,
1052458,3600,0.5844479185592016,True,961205,6623.0,46952.1,PRIJEM,PREVOD Z UCTU,DUCHOD
2586445,8547,0.5844468725518364,True,960902,14428.0,101578.6,VYBER,VYBER,
766573,2618,0.5844392670958576,True,931208,6559.0,31711.3,PRIJEM,PREVOD Z UCTU,DUCHOD
163833,548,0.5844296869810265,True,970408,6444.0,37336.5,PRIJEM,PREVOD Z UCTU,DUCHOD
711289,2432,0.5844208054763413,True,960809,5880.0,24620.0,PRIJEM,PREVOD Z UCTU,DUCHOD
1485481,5063,0.5844120753504799,True,980108,20862.0,-987.1,VYBER,VYBER,
993598,3390,0.5844119261720301,True,971210,30470.0,63005.9,PRIJEM,PREVOD Z UCTU,
1124135,3839,0.5844117761276382,True,971210,46082.0,86148.9,PRIJEM,PREVOD Z UCTU,
11509,39,0.5844025069490861,True,950605,6474.0,33929.2,PRIJEM,PREVOD Z UCTU,DUCHOD
2967131,9828,0.5843965872584452,True,930605,47472.0,47872.0,PRIJEM,PREVOD Z UCTU,
1243180,4253,0.5843960370426123,True,960205,41252.0,42252.0,PRIJEM,PREVOD Z UCTU,
157984,528,0.5843958684967412,True,970108,4568.0,4868.0,PRIJEM,PREVOD Z UCTU,DUCHOD
41912,139,0.5843954938262841,True,980613,49167.0,88523.7,PRIJEM,PREVOD Z UCTU,
340422,1155,0.5843926358393734,True,961112,5959.0,13037.0,PRIJEM,PREVOD Z UCTU,DUCHOD
2868621,9493,0.5843883646165637,True,951210,35378.0,67389.9,PRIJEM,PREVOD Z UCTU,
260208,891,0.5843827816583778,True,981213,5997.0,46293.0,PRIJEM,PREVOD Z UCTU,DUCHOD
984410,3357,0.5843823650456302,True,981212,6741.0,38765.0,PRIJEM,PREVOD Z UCTU,DUCHOD
3335906,11079,0.5843823120556604,True,961111,49149.0,117503.3,PRIJEM,PREVOD Z UCTU,
29170,96,0.5843796536833026,True,980311,44221.0,123072.2,PRIJEM,PREVOD Z UCTU,
779169,2656,0.5843763658813771,True,970713,5046.0,26130.0,PRIJEM,PREVOD Z UCTU,DUCHOD
966016,3292,0.5843673028554256,True,940513,4805.0,24825.0,PRIJEM,PREVOD Z UCTU,DUCHOD
3327328,11053,0.5843668078269674,True,971203,23190.0,15547.8,VYBER,VYBER,
939091,3205,0.584365828582432,True,981112,4366.0,33741.8,PRIJEM,PREVOD Z UCTU,DUCHOD
714545,2444,0.5843635575736799,True,980608,43974.0,105482.9,PRIJEM,PREVOD Z UCTU,
952658,3248,0.5843618844957669,True,960811,4965.0,15795.0,PRIJEM,PREVOD Z UCTU,DUCHOD
446730,1517,0.5843594895992587,True,960908,4569.0,5269.0,PRIJEM,PREVOD Z UCTU,DUCHOD
1063722,3634,0.5843593776211219,True,970909,48511.0,116696.7,PRIJEM,PREVOD Z UCTU,
575207,1959,0.5843590425512388,True,961105,6830.0,19641.3,PRIJEM,PREVOD Z UCTU,DUCHOD
232566,791,0.5843561004939577,True,960510,4854.0,24970.0,PRIJEM,PREVOD Z UCTU,DUCHOD
1793887,6083,0.5843534047093735,True,980112,7518.0,63613.1,VYDAJ,PREVOD NA UCET,UVER
3094544,10266,0.5843507191303889,True,941230,47640.0,74025.0,PRIJEM,VKLAD,
661612,2258,0.5843504817006814,True,980307,6656.0,50419.0,PRIJEM,PREVOD Z UCTU,DUCHOD
1140269,3898,0.5843401641995383,True,951207,6915.0,30907.2,PRIJEM,PREVOD Z UCTU,DUCHOD
15760,53,0.5843377208904194,True,950610,4277.0,4977.0,PRIJEM,PREVOD Z UCTU,DUCHOD
696586,2382,0.5843369343578145,True,960105,6115.0,40484.5,PRIJEM,PREVOD Z UCTU,DUCHOD
1158605,3967,0.5843351044773056,True,980912,2349.5,51609.9,VYDAJ,PREVOD NA UCET,UVER
1090878,3729,0.5843321118819069,True,950907,4412.0,22360.0,PRIJEM,PREVOD Z UCTU,DUCHOD
18799,63,0.5843279454293663,True,970412,5024.0,25720.0,PRIJEM,PREVOD Z UCTU,DUCHOD
882125,3006,0.5843191712585816,True,961113,6416.0,34585.7,PRIJEM,PREVOD Z UCTU,DUCHOD
1011221,3456,0.5843180526519841,True,980211,6443.0,56131.0,PRIJEM,PREVOD Z UCTU,DUCHOD
1309151,4470,0.5843178337355386,True,980607,60854.0,94566.0,PRIJEM,PREVOD Z UCTU,
590486,2010,0.5843098394707603,True,940409,5815.0,24360.0,PRIJEM,PREVOD Z UCTU,DUCHOD
958616,3266,0.5843076823353052,True,970813,4504.0,23620.0,PRIJEM,PREVOD Z UCTU,DUCHOD
3654091,3746,0.584307499044158,True,981231,420.8,104119.5,PRIJEM,,UROK
151937,508,0.5843043798350361,True,961213,3975.0,4575.0,PRIJEM,PREVOD Z UCTU,
733080,2505,0.5843041996045659,True,981213,4431.0,31559.5,PRIJEM,PREVOD Z UCTU,DUCHOD
733068,2505,0.5843041996045659,True,971213,4431.0,31563.6,PRIJEM,PREVOD Z UCTU,DUCHOD
393559,1338,0.5842962740443525,True,961127,49380.0,119933.3,PRIJEM,VKLAD,
467790,1592,0.5842868635517102,True,980913,4604.0,77090.5,PRIJEM,PREVOD Z UCTU,DUCHOD
701795,2402,0.5842829274946796,True,981212,6943.0,45991.7,PRIJEM,PREVOD Z UCTU,DUCHOD
752957,2569,0.5842665446191714,True,951208,6772.0,33147.8,PRIJEM,PREVOD Z UCTU,DUCHOD
255498,878,0.5842650356630887,True,981208,35124.0,68587.7,PRIJEM,PREVOD Z UCTU,
2079517,7049,0.584264618058925,True,981105,49519.0,103881.5,PRIJEM,PREVOD Z UCTU,
2868633,9493,0.5842630981506148,True,961210,35378.0,71000.6,PRIJEM,PREVOD Z UCTU,
270286,926,0.5842606519297013,True,961210,4714.0,10545.0,PRIJEM,PREVOD Z UCTU,DUCHOD
788165,2687,0.5842592699501032,True,931114,6336.0,32890.9,PRIJEM,PREVOD Z UCTU,DUCHOD
69989,234,0.5842470083998096,True,931013,5810.0,17930.0,PRIJEM,PREVOD Z UCTU,DUCHOD
180199,610,0.5842434812239546,True,960927,2049.0,87739.7,VYBER,VYBER,
1064879,3638,0.5842426389045899,True,970608,50922.0,90598.8,PRIJEM,PREVOD Z UCTU,
402457,1371,0.584242274208383,True,940810,4611.0,18844.0,PRIJEM,PREVOD Z UCTU,DUCHOD
412650,1404,0.584242205333034,True,970227,48013.0,114768.2,PRIJEM,VKLAD,
1023656,3494,0.5842350583038,True,981105,6027.0,45670.6,PRIJEM,PREVOD Z UCTU,DUCHOD
474212,1615,0.5842206894446295,True,980314,6626.0,29470.7,PRIJEM,PREVOD Z UCTU,DUCHOD
345568,1170,0.5842199003796866,True,971206,34190.0,71974.6,PRIJEM,PREVOD Z UCTU,
635679,2170,0.584211724582518,True,941206,6011.0,122070.8,VYDAJ,PREVOD NA UCET,POJISTNE
1050767,3594,0.5842107260108937,True,940324,49365.0,112004.8,PRIJEM,VKLAD,
739941,2527,0.5842059637147037,True,980401,47306.0,144567.4,PRIJEM,VKLAD,
1091159,3730,0.58420184789179,True,980614,5152.0,62979.6,PRIJEM,PREVOD Z UCTU,DUCHOD
1245290,4260,0.5841990533594065,True,931206,36680.0,62898.4,PRIJEM,PREVOD Z UCTU,
865481,2947,0.5841918980515922,True,960812,5196.0,6196.0,PRIJEM,PREVOD Z UCTU,DUCHOD
962865,3281,0.584191412373321,True,971205,6288.0,23552.0,PRIJEM,PREVOD Z UCTU,DUCHOD
2707445,8957,0.5841896794121815,True,940301,23744.0,7835.7,VYBER,VYBER,
72005,239,0.584188296049503,True,971129,23660.0,76730.1,VYBER,VYBER,
457960,1557,0.5841830547471577,True,981210,6015.0,50578.1,PRIJEM,PREVOD Z UCTU,DUCHOD
92931,317,0.5841830547471577,True,961210,5922.0,43822.3,PRIJEM,PREVOD Z UCTU,DUCHOD
3123471,10365,0.5841821786686878,True,980304,48974.0,154183.7,PRIJEM,VKLAD,
42190,141,0.5841805560315735,True,961209,45248.0,61335.7,PRIJEM,PREVOD Z UCTU,
883028,3008,0.5841805255233846,True,950106,6934.0,35792.2,PRIJEM,PREVOD Z UCTU,DUCHOD
1779114,6034,0.5841798360706068,True,931212,7741.8,79628.5,VYDAJ,PREVOD NA UCET,UVER
1140274,3898,0.5841795849457095,True,960507,6915.0,27613.8,PRIJEM,PREVOD Z UCTU,DUCHOD
445653,1514,0.5841789338892404,True,971208,5930.0,29791.8,PRIJEM,PREVOD Z UCTU,DUCHOD
80737,271,0.5841744051433132,True,961114,6906.0,28102.5,PRIJEM,PREVOD Z UCTU,DUCHOD
995673,3398,0.584172705764993,True,970906,5891.0,30155.0,PRIJEM,PREVOD Z UCTU,DUCHOD
1095390,3745,0.5841662459590579,True,951206,39387.0,86792.4,PRIJEM,PREVOD Z UCTU,
516145,1765,0.5841642891061279,True,961009,5242.0,16126.0,PRIJEM,PREVOD Z UCTU,DUCHOD
494947,1688,0.5841630632258072,True,930609,5439.0,22556.0,PRIJEM,PREVOD Z UCTU,DUCHOD
120119,403,0.5841587012880233,True,980214,5563.0,73049.9,PRIJEM,PREVOD Z UCTU,DUCHOD
3466669,3602,0.5841575062215104,True,970228,258.2,75443.6,PRIJEM,,UROK
888847,3032,0.5841548303426901,True,931105,6605.0,29114.3,PRIJEM,PREVOD Z UCTU,DUCHOD
1004033,3426,0.5841539850055792,True,971211,38198.0,62232.2,PRIJEM,PREVOD Z UCTU,
80750,271,0.5841457000368974,True,971214,6906.0,54683.9,PRIJEM,PREVOD Z UCTU,DUCHOD
268725,921,0.584139249121047,True,961013,6622.0,7122.0,PRIJEM,PREVOD Z UCTU,DUCHOD
214949,730,0.5841352915323068,True,950902,8227.0,1077.9,VYBER,VYBER,
911199,3107,0.5841327250575675,True,980211,6300.0,75464.4,PRIJEM,PREVOD Z UCTU,DUCHOD
325974,1114,0.5841306686499059,True,980730,48898.0,66409.2,PRIJEM,VKLAD,
2068805,7011,0.5841234321797699,True,950529,49931.0,82052.8,PRIJEM,VKLAD,
154509,518,0.5841212591082524,True,961207,5836.0,29648.9,PRIJEM,PREVOD Z UCTU,DUCHOD
1041278,3560,0.5841160573908835,True,970306,5026.0,20904.0,PRIJEM,PREVOD Z UCTU,DUCHOD
930917,3173,0.5841115855150063,True,971110,4235.0,30870.2,PRIJEM,PREVOD Z UCTU,DUCHOD
488267,1665,0.5841074651991193,True,970811,6531.0,26924.0,PRIJEM,PREVOD Z UCTU,DUCHOD
1080843,3691,0.5841070573737466,True,930609,6540.0,26560.0,PRIJEM,PREVOD Z UCTU,DUCHOD
2968838,9833,0.5841050284283815,True,950108,48816.0,98319.1,PRIJEM,PREVOD Z UCTU,
427066,1451,0.584103605104342,True,951213,6490.0,36594.3,PRIJEM,PREVOD Z UCTU,DUCHOD
89639,302,0.5840873874610248,True,961209,6438.0,36475.8,PRIJEM,PREVOD Z UCTU,DUCHOD
507934,1736,0.5840863386315214,True,971206,6075.0,40689.4,PRIJEM,PREVOD Z UCTU,DUCHOD
779321,2657,0.5840839703343759,True,961110,4281.0,8975.8,PRIJEM,PREVOD Z UCTU,DUCHOD
1266165,4330,0.5840818330378403,True,981129,45745.0,152103.3,PRIJEM,VKLAD,
467782,1592,0.584076978035454,True,980113,4604.0,71202.9,PRIJEM,PREVOD Z UCTU,DUCHOD
2094559,7099,0.5840721494749093,True,970608,43942.0,79993.7,PRIJEM,PREVOD Z UCTU,
3644622,3465,0.5840686689109597,True,981231,345.8,85559.1,PRIJEM,,UROK
661609,2258,0.5840666950788768,True,971207,6656.0,43327.7,PRIJEM,PREVOD Z UCTU,DUCHOD
168927,565,0.5840613032664848,True,981211,5264.0,47048.9,PRIJEM,PREVOD Z UCTU,DUCHOD
2750896,9104,0.5840560798714519,True,960330,47224.0,92921.2,PRIJEM,VKLAD,
1052470,3600,0.5840526228365499,True,971205,6623.0,46427.8,PRIJEM,PREVOD Z UCTU,DUCHOD
87247,291,0.5840518277344956,True,981128,27721.0,168515.4,PRIJEM,VKLAD,
89005,300,0.584047146564027,True,941108,6892.0,28045.7,PRIJEM,PREVOD Z UCTU,DUCHOD
1143583,3912,0.5840407101841196,True,940613,6241.0,13199.7,PRIJEM,PREVOD Z UCTU,DUCHOD
303158,1032,0.5840406048523316,True,950405,49765.0,118948.7,PRIJEM,PREVOD Z UCTU,
1552702,5283,0.5840379195864099,True,980314,45222.0,107749.1,PRIJEM,PREVOD Z UCTU,
745091,2543,0.5840370963804955,True,980914,6148.0,78777.6,PRIJEM,PREVOD Z UCTU,DUCHOD
3207534,10645,0.5840287133053703,True,970106,49260.0,49760.0,PRIJEM,PREVOD Z UCTU,
29178,96,0.5840276321391646,True,981111,44221.0,120286.5,PRIJEM,PREVOD Z UCTU,
127639,428,0.5840271752931011,True,981212,6614.0,56325.3,PRIJEM,PREVOD Z UCTU,DUCHOD
3066,12,0.584025175484585,True,971213,5938.0,29053.0,PRIJEM,PREVOD Z UCTU,DUCHOD
893236,3045,0.5840216582489706,True,960105,6079.0,34567.4,PRIJEM,PREVOD Z UCTU,DUCHOD
1108606,3786,0.5840208555195849,True,961223,6820.0,2909.9,VYBER,VYBER,
791811,2700,0.5840152163730702,True,940606,45612.0,71943.3,PRIJEM,PREVOD Z UCTU,
791847,2700,0.5840152163730702,True,970606,45612.0,71071.1,PRIJEM,PREVOD Z UCTU,
254885,875,0.5840151909701538,True,951206,6607.0,26807.7,PRIJEM,PREVOD Z UCTU,DUCHOD
303198,1032,0.5840094821715789,True,980805,49765.0,123768.1,PRIJEM,PREVOD Z UCTU,
1147789,3926,0.5840088565555628,True,981210,5427.0,50078.9,PRIJEM,PREVOD Z UCTU,DUCHOD
2501882,8260,0.5840077874982704,True,930608,56152.0,99994.6,PRIJEM,PREVOD Z UCTU,
10178,35,0.5840070021250406,True,941205,5446.0,31989.4,PRIJEM,PREVOD Z UCTU,DUCHOD
2908737,9635,0.5840053402054355,True,970114,4470.0,11145.0,PRIJEM,PREVOD Z UCTU,DUCHOD
1011867,3458,0.5839976706336505,True,981208,4280.0,28577.3,PRIJEM,PREVOD Z UCTU,DUCHOD
1052829,3601,0.5839944152134109,True,970113,5827.0,50751.3,PRIJEM,PREVOD Z UCTU,DUCHOD
926004,3157,0.5839935415506889,True,931011,6273.0,12964.5,PRIJEM,PREVOD Z UCTU,DUCHOD
1699142,5758,0.5839933712862589,True,980608,51306.0,57907.2,PRIJEM,PREVOD Z UCTU,
743560,2539,0.5839820516528875,True,981205,6160.0,32966.7,PRIJEM,PREVOD Z UCTU,DUCHOD
797991,2719,0.5839719136230398,True,960314,5955.0,12424.8,PRIJEM,PREVOD Z UCTU,DUCHOD
427040,1451,0.5839702966811449,True,931013,6490.0,26960.0,PRIJEM,PREVOD Z UCTU,DUCHOD
865098,2945,0.5839629948089513,True,961011,5959.0,18177.0,PRIJEM,PREVOD Z UCTU,DUCHOD
588231,2002,0.5839575767279047,True,970106,6060.0,40119.6,PRIJEM,PREVOD Z UCTU,DUCHOD
533243,1816,0.5839535866565269,True,931212,4236.0,13743.9,PRIJEM,PREVOD Z UCTU,DUCHOD
371071,1263,0.5839448131818464,True,981116,42796.0,145543.4,PRIJEM,VKLAD,
655035,2240,0.5839376420672664,True,971226,45621.0,97308.0,PRIJEM,VKLAD,
741438,2531,0.5839375535381531,True,981208,6294.0,38819.3,PRIJEM,PREVOD Z UCTU,DUCHOD
19412,66,0.5839372920694728,True,970609,67070.0,102613.5,PRIJEM,PREVOD Z UCTU,
387521,1317,0.5839329419554284,True,971110,6732.0,38181.9,PRIJEM,PREVOD Z UCTU,DUCHOD
1855389,6281,0.5839306756502658,True,940426,17867.0,12566.4,VYBER,VYBER,
303186,1032,0.5839189848409783,True,970805,49765.0,120041.3,PRIJEM,PREVOD Z UCTU,
292095,1000,0.5839174058220211,True,960607,47022.0,80565.6,PRIJEM,PREVOD Z UCTU,
2908716,9635,0.5839140925882065,True,950414,4470.0,4580.3,PRIJEM,PREVOD Z UCTU,DUCHOD
2580419,8523,0.5839070532730731,True,970311,46520.0,99674.8,PRIJEM,PREVOD Z UCTU,
522616,1784,0.5839016835581229,True,930514,6686.0,7086.0,PRIJEM,PREVOD Z UCTU,DUCHOD
324577,1108,0.5839011240574308,True,971207,4730.0,49336.9,PRIJEM,PREVOD Z UCTU,DUCHOD
694915,2377,0.5838992935282779,True,970113,4393.0,25826.0,PRIJEM,PREVOD Z UCTU,DUCHOD
166985,559,0.5838911702527674,True,930414,5672.0,11658.4,PRIJEM,PREVOD Z UCTU,DUCHOD
409305,1394,0.5838903030503346,True,980512,6341.0,60927.6,PRIJEM,PREVOD Z UCTU,DUCHOD
995012,3394,0.5838849330519397,True,961113,6522.0,13261.2,PRIJEM,PREVOD Z UCTU,DUCHOD
266977,914,0.5838849311630668,True,931214,3448.0,4248.0,PRIJEM,PREVOD Z UCTU,
761374,2599,0.5838848036729681,True,981104,49144.0,165025.6,PRIJEM,VKLAD,
613862,2092,0.5838826390788194,True,981230,45955.0,129471.5,PRIJEM,VKLAD,
1436764,4894,0.583868339483961,True,931212,43882.0,68079.2,PRIJEM,PREVOD Z UCTU,
1170707,4014,0.5838675275666946,True,971201,13284.0,44647.9,VYBER,VYBER,
635522,2170,0.5838664122250665,True,961106,49847.0,102323.0,PRIJEM,PREVOD Z UCTU,
875201,2982,0.5838634963325382,True,980208,48752.0,98779.2,PRIJEM,PREVOD Z UCTU,
1100448,3759,0.583861230596715,True,981214,4930.0,44997.4,PRIJEM,PREVOD Z UCTU,DUCHOD
837268,2849,0.5838569896958562,True,941211,6677.0,31918.3,PRIJEM,PREVOD Z UCTU,DUCHOD
728867,2492,0.5838562515108041,True,970913,6901.0,7601.0,PRIJEM,PREVOD Z UCTU,DUCHOD
463757,1578,0.5838560384721584,True,981108,4128.0,49554.2,PRIJEM,PREVOD Z UCTU,DUCHOD
865497,2947,0.5838532769541317,True,971212,5196.0,34460.2,PRIJEM,PREVOD Z UCTU,DUCHOD
779168,2656,0.5838519135237697,True,970613,5046.0,21084.0,PRIJEM,PREVOD Z UCTU,DUCHOD
3458119,10656,0.5838514780006618,True,980228,52.7,8.6,PRIJEM,,UROK
667543,2279,0.5838492049731923,True,980109,39338.0,98181.1,PRIJEM,PREVOD Z UCTU,
480216,1637,0.5838483265787292,True,930213,5718.0,11951.9,PRIJEM,PREVOD Z UCTU,DUCHOD
154508,518,0.5838398704168012,True,961107,5836.0,31060.9,PRIJEM,PREVOD Z UCTU,DUCHOD
19417,66,0.5838361012506565,True,971109,44713.0,114260.4,PRIJEM,PREVOD Z UCTU,
3469876,4329,0.5838304171609868,True,940228,3.6,2203.6,PRIJEM,,UROK
757498,2584,0.5838237736875972,True,930814,4188.0,8586.6,PRIJEM,PREVOD Z UCTU,DUCHOD
519799,1775,0.5838184695845623,True,961207,6932.0,20110.7,PRIJEM,PREVOD Z UCTU,DUCHOD
1299522,4437,0.5838177175913609,True,980226,46899.0,101203.6,PRIJEM,VKLAD,
588254,2002,0.5838111415173759,True,981206,6060.0,42652.2,PRIJEM,PREVOD Z UCTU,DUCHOD
506510,1730,0.5838036301865821,True,971206,6689.0,57521.8,PRIJEM,PREVOD Z UCTU,DUCHOD
2340293,7721,0.5838028331884356,True,981210,34095.0,74457.5,PRIJEM,PREVOD Z UCTU,
645668,2205,0.5838005656084991,True,960712,5666.0,18098.0,PRIJEM,PREVOD Z UCTU,DUCHOD
409309,1394,0.5837923476983976,True,980912,6341.0,61267.3,PRIJEM,PREVOD Z UCTU,DUCHOD
216259,735,0.5837865334535769,True,980313,6048.0,33202.0,PRIJEM,PREVOD Z UCTU,DUCHOD
2454620,8094,0.583781717111857,True,970211,46008.0,101980.2,PRIJEM,PREVOD Z UCTU,
154874,519,0.5837804195802259,True,950111,6987.0,36853.9,PRIJEM,PREVOD Z UCTU,DUCHOD
1158330,3966,0.583778200678081,True,960314,4334.0,13835.8,PRIJEM,PREVOD Z UCTU,DUCHOD
41351,136,0.5837726148746875,True,960911,6378.0,26112.0,PRIJEM,PREVOD Z UCTU,DUCHOD
92415,314,0.583769825346286,True,980606,55346.0,68788.0,PRIJEM,PREVOD Z UCTU,
503604,1718,0.5837677477928368,True,980113,43928.0,102181.1,PRIJEM,PREVOD Z UCTU,
646895,2211,0.5837596989192779,True,980105,47050.0,94464.8,PRIJEM,PREVOD Z UCTU,
3198658,10613,0.5837559785325116,True,981206,46838.0,69115.2,PRIJEM,PREVOD Z UCTU,
3560907,923,0.5837548740485383,True,960229,22.4,6800.4,PRIJEM,,UROK
519781,1775,0.5837546552465753,True,950607,6932.0,35817.5,PRIJEM,PREVOD Z UCTU,DUCHOD
120069,403,0.5837546513943,True,931214,5563.0,26929.8,PRIJEM,PREVOD Z UCTU,DUCHOD
862917,2938,0.5837456980100609,True,951205,6758.0,36514.8,VYDAJ,PREVOD NA UCET,POJISTNE
789448,2692,0.5837411117410947,True,971209,5709.0,46030.6,PRIJEM,PREVOD Z UCTU,DUCHOD
522617,1784,0.5837357905603837,True,930614,6686.0,13789.1,PRIJEM,PREVOD Z UCTU,DUCHOD
1736637,5891,0.5837305304782645,True,950612,48891.0,75380.7,PRIJEM,PREVOD Z UCTU,
931561,3176,0.5837283506056281,True,970407,4595.0,5195.0,PRIJEM,PREVOD Z UCTU,DUCHOD
16252,55,0.5837278329111175,True,960612,4629.0,18816.0,PRIJEM,PREVOD Z UCTU,DUCHOD
950700,3241,0.5837267279752385,True,971112,6282.0,56001.0,PRIJEM,PREVOD Z UCTU,DUCHOD
870385,2964,0.583724002520817,True,980114,4398.0,28637.3,PRIJEM,PREVOD Z UCTU,DUCHOD
3047586,10105,0.5837207187496829,True,980924,48188.0,160498.2,PRIJEM,VKLAD,
902616,3075,0.583718140407346,True,971014,5054.0,20616.0,PRIJEM,PREVOD Z UCTU,DUCHOD
741599,2532,0.583716712778226,True,970110,48965.0,49465.0,PRIJEM,PREVOD Z UCTU,
19822,67,0.5837100236369525,True,950105,41490.0,101658.7,PRIJEM,PREVOD Z UCTU,
188087,636,0.5837075971792799,True,970807,4584.0,19336.0,PRIJEM,PREVOD Z UCTU,DUCHOD
1142613,3908,0.5837073462578749,True,970513,4810.0,19940.0,PRIJEM,PREVOD Z UCTU,DUCHOD
694903,2377,0.5837017978001974,True,960113,4393.0,25292.7,PRIJEM,PREVOD Z UCTU,DUCHOD
307240,1048,0.5836999789574582,True,931108,5993.0,32055.8,PRIJEM,PREVOD Z UCTU,DUCHOD
2908705,9635,0.5836982119545354,True,940514,4470.0,7690.0,PRIJEM,PREVOD Z UCTU,DUCHOD
2502358,8261,0.5836964589934507,True,941214,32938.0,58550.8,PRIJEM,PREVOD Z UCTU,
324580,1108,0.5836949647939088,True,980307,4730.0,51694.0,PRIJEM,PREVOD Z UCTU,DUCHOD
1115656,3810,0.5836945411940995,True,971210,6541.0,49724.2,PRIJEM,PREVOD Z UCTU,DUCHOD
876081,2985,0.5836819630586366,True,930414,4519.0,4919.0,PRIJEM,PREVOD Z UCTU,DUCHOD
865289,2946,0.5836787871396332,True,960614,4008.0,9128.4,PRIJEM,PREVOD Z UCTU,DUCHOD
519197,1773,0.5836768980058602,True,931214,4316.0,24191.7,PRIJEM,PREVOD Z UCTU,DUCHOD
374416,1275,0.5836744809968897,True,960708,5447.0,5747.0,PRIJEM,PREVOD Z UCTU,DUCHOD
1027448,3509,0.5836645738416941,True,981105,5812.0,49083.4,PRIJEM,PREVOD Z UCTU,DUCHOD
682127,2328,0.5836547571064096,True,971013,6765.0,66861.5,PRIJEM,PREVOD Z UCTU,DUCHOD
779322,2657,0.5836546969026816,True,961210,4281.0,13276.3,PRIJEM,PREVOD Z UCTU,DUCHOD
137231,460,0.5836511212974058,True,981105,5922.0,48777.2,PRIJEM,PREVOD Z UCTU,DUCHOD
84615,283,0.5836507115684231,True,960813,4839.0,20156.0,PRIJEM,PREVOD Z UCTU,DUCHOD
525105,1792,0.5836491646088646,True,940412,6151.0,25604.0,PRIJEM,PREVOD Z UCTU,DUCHOD
1090877,3729,0.5836487928263057,True,950807,4412.0,17948.0,PRIJEM,PREVOD Z UCTU,DUCHOD
863287,2939,0.5836439295590259,True,971007,5680.0,22920.0,PRIJEM,PREVOD Z UCTU,DUCHOD
3646189,3514,0.5836403447284387,True,930228,13.1,4012.1,PRIJEM,,UROK
888872,3032,0.5836391194483163,True,951205,6605.0,27541.1,PRIJEM,PREVOD Z UCTU,DUCHOD
780902,2663,0.5836390120319054,True,981214,6362.0,33870.0,PRIJEM,PREVOD Z UCTU,DUCHOD
263516,901,0.5836358456077627,True,981111,4618.0,45333.4,PRIJEM,PREVOD Z UCTU,DUCHOD
315950,1078,0.5836342300261639,True,960712,6722.0,7522.0,PRIJEM,PREVOD Z UCTU,DUCHOD
980329,3345,0.5836339739064382,True,980506,4281.0,3958.4,PRIJEM,PREVOD Z UCTU,DUCHOD
1004620,3429,0.583625953609155,True,970414,6664.0,38818.2,PRIJEM,PREVOD Z UCTU,DUCHOD
1094348,3742,0.5836259351787015,True,970513,4454.0,5454.0,PRIJEM,PREVOD Z UCTU,DUCHOD
85876,288,0.5836162480752383,True,950807,5315.0,27475.0,PRIJEM,PREVOD Z UCTU,DUCHOD
173170,581,0.5836147215697555,True,981107,4890.0,55326.9,PRIJEM,PREVOD Z UCTU,DUCHOD
464362,1580,0.5836131337385987,True,961029,48954.0,121768.3,PRIJEM,VKLAD,
318500,1088,0.583609122711994,True,940513,5600.0,28500.0,PRIJEM,PREVOD Z UCTU,DUCHOD
2356841,7774,0.5836010684504951,True,980321,49273.0,121470.6,PRIJEM,VKLAD,
1052828,3601,0.5836009795375198,True,961213,5827.0,50430.4,PRIJEM,PREVOD Z UCTU,DUCHOD
788190,2687,0.5836005392286722,True,951214,6336.0,30960.8,PRIJEM,PREVOD Z UCTU,DUCHOD
774900,2644,0.5835973337243747,True,981210,4984.0,31081.5,PRIJEM,PREVOD Z UCTU,DUCHOD
727888,2489,0.5835948073944224,True,930414,5781.0,12478.2,PRIJEM,PREVOD Z UCTU,DUCHOD
349551,1187,0.5835913987458843,True,980108,6220.0,41560.2,PRIJEM,PREVOD Z UCTU,DUCHOD
288097,988,0.5835880418107611,True,961214,6832.0,32183.6,PRIJEM,PREVOD Z UCTU,DUCHOD
1088701,3720,0.5835857270828348,True,931214,5657.0,28697.8,PRIJEM,PREVOD Z UCTU,DUCHOD
382993,1301,0.5835803247343173,True,970329,44082.0,68476.0,PRIJEM,VKLAD,
74865,248,0.5835764606346223,True,961210,37274.0,71381.8,PRIJEM,PREVOD Z UCTU,
293977,1005,0.5835756845338702,True,940609,51724.0,85483.4,PRIJEM,PREVOD Z UCTU,
2908699,9635,0.5835733125973106,True,931114,4470.0,11031.9,PRIJEM,PREVOD Z UCTU,DUCHOD
1267977,4337,0.5835732187299434,True,961112,2142.0,59069.3,VYDAJ,PREVOD NA UCET,UVER
733702,2508,0.5835720235291665,True,930806,4271.0,22055.0,PRIJEM,PREVOD Z UCTU,DUCHOD
1104765,3775,0.5835636668368515,True,931012,6136.0,24844.0,PRIJEM,PREVOD Z UCTU,DUCHOD
80754,271,0.5835606728549533,True,980414,6906.0,58337.5,PRIJEM,PREVOD Z UCTU,DUCHOD
295374,1008,0.583556680821291,True,970414,5902.0,36898.8,PRIJEM,PREVOD Z UCTU,DUCHOD
370903,1262,0.5835476176863598,True,970511,6747.0,27388.0,PRIJEM,PREVOD Z UCTU,DUCHOD
534891,1822,0.5835442851682741,True,971210,5210.0,47738.5,PRIJEM,PREVOD Z UCTU,DUCHOD
576584,1964,0.58353911392271,True,981209,6547.0,15652.9,PRIJEM,PREVOD Z UCTU,DUCHOD
398088,1354,0.5835371297705789,True,970909,4620.0,14860.0,PRIJEM,PREVOD Z UCTU,DUCHOD
1052446,3600,0.5835359177191654,True,951205,6623.0,44047.0,PRIJEM,PREVOD Z UCTU,DUCHOD
855438,2915,0.5835347467248722,True,970410,47983.0,118285.7,PRIJEM,PREVOD Z UCTU,
342075,1161,0.5835306359018055,True,961214,5921.0,20954.0,PRIJEM,PREVOD Z UCTU,DUCHOD
951205,3243,0.5835297412200062,True,941207,6873.0,30727.1,PRIJEM,PREVOD Z UCTU,DUCHOD
752974,2569,0.5835156888394429,True,970508,6772.0,36026.2,PRIJEM,PREVOD Z UCTU,DUCHOD
922682,3145,0.5835145196479332,True,981209,5611.0,45184.5,PRIJEM,PREVOD Z UCTU,DUCHOD
1020930,3486,0.5835116561633709,True,981013,4264.0,48712.8,PRIJEM,PREVOD Z UCTU,DUCHOD
1180447,4047,0.5835094139888682,True,960721,13591.0,70250.3,VYBER,VYBER,
752981,2569,0.5835077450481917,True,971208,6772.0,31518.8,PRIJEM,PREVOD Z UCTU,DUCHOD
684991,2338,0.5835028770359829,True,981227,23164.0,42269.6,VYBER,VYBER,
331813,1130,0.5835007604630534,True,971209,6588.0,38624.4,PRIJEM,PREVOD Z UCTU,DUCHOD
573957,1953,0.5834941801068829,True,980330,48400.0,152836.8,PRIJEM,VKLAD,
772203,2636,0.5834926510435196,True,970311,4882.0,20128.0,PRIJEM,PREVOD Z UCTU,DUCHOD
406417,1383,0.5834921739123402,True,980107,6909.0,44434.5,PRIJEM,PREVOD Z UCTU,DUCHOD
123782,416,0.583490058064178,True,971205,5155.0,18746.1,PRIJEM,PREVOD Z UCTU,DUCHOD
1063718,3634,0.5834885757150472,True,970509,48511.0,49511.0,PRIJEM,PREVOD Z UCTU,
917806,3129,0.5834878203281118,True,981214,6727.0,19301.9,PRIJEM,PREVOD Z UCTU,DUCHOD
1149467,3932,0.5834832234323302,True,970105,6957.0,33586.6,PRIJEM,PREVOD Z UCTU,DUCHOD
34888,112,0.5834814338039751,True,930413,6582.0,13381.3,PRIJEM,PREVOD Z UCTU,DUCHOD
110942,375,0.5834809822195699,True,961213,5736.0,32838.3,PRIJEM,PREVOD Z UCTU,DUCHOD
2442415,8051,0.5834740198722705,True,981205,39060.0,57802.3,PRIJEM,PREVOD Z UCTU,
181690,617,0.5834740198722705,True,981205,39108.0,58795.6,PRIJEM,PREVOD Z UCTU,
586516,1997,0.5834725071040837,True,960913,6965.0,7565.0,PRIJEM,PREVOD Z UCTU,DUCHOD
1092918,3737,0.5834705933588977,True,951205,6852.0,38940.5,PRIJEM,PREVOD Z UCTU,DUCHOD
375940,1280,0.5834626159840755,True,981208,5122.0,55441.1,PRIJEM,PREVOD Z UCTU,DUCHOD
2968869,9833,0.5834620598662833,True,970808,48816.0,112857.2,PRIJEM,PREVOD Z UCTU,
1103727,3771,0.5834570852755958,True,981027,48655.0,163152.0,PRIJEM,VKLAD,
877456,2989,0.5834534249568665,True,971207,5093.0,35126.2,PRIJEM,PREVOD Z UCTU,DUCHOD
888884,3032,0.5834500115182456,True,961205,6605.0,21450.2,PRIJEM,PREVOD Z UCTU,DUCHOD
323814,1106,0.583448873150457,True,971220,21467.0,-6178.4,VYBER,VYBER,
1034156,3536,0.5834403081892212,True,961213,6263.0,31689.0,PRIJEM,PREVOD Z UCTU,DUCHOD
911184,3107,0.583437185803258,True,961111,6300.0,61119.0,PRIJEM,PREVOD Z UCTU,DUCHOD
180176,610,0.5834339493010772,True,980606,39326.0,116945.0,PRIJEM,PREVOD Z UCTU,
260182,891,0.5834292070853075,True,961013,5997.0,30985.0,PRIJEM,PREVOD Z UCTU,DUCHOD
1032757,3531,0.5834276767547304,True,960510,6962.0,7862.0,PRIJEM,PREVOD Z UCTU,DUCHOD
46937,157,0.5834250179619559,True,981206,6918.0,39575.5,PRIJEM,PREVOD Z UCTU,DUCHOD
1031274,3524,0.5834239624484759,True,971006,4826.0,19504.0,PRIJEM,PREVOD Z UCTU,DUCHOD
3284108,10911,0.5834225849285453,True,971209,32823.0,71550.0,PRIJEM,PREVOD Z UCTU,
1020894,3486,0.5834173111822668,True,951013,4264.0,5264.0,PRIJEM,PREVOD Z UCTU,DUCHOD
462814,1575,0.5834084294532454,True,930307,5448.0,6348.0,PRIJEM,PREVOD Z UCTU,DUCHOD
2039118,6910,0.583406133700897,True,980401,17851.0,116424.6,VYBER,VYBER,
478262,1630,0.5834024389380033,True,931011,5862.0,18486.0,PRIJEM,PREVOD Z UCTU,DUCHOD
845039,2877,0.5834016120719411,True,980110,44410.0,105292.4,PRIJEM,PREVOD Z UCTU,
1322212,4514,0.5834005298374034,True,940914,49200.0,102555.7,PRIJEM,PREVOD Z UCTU,
451962,1536,0.5833963715236187,True,981212,38414.0,69418.7,PRIJEM,PREVOD Z UCTU,
857460,2923,0.5833950778341831,True,971205,4179.0,26104.9,PRIJEM,PREVOD Z UCTU,DUCHOD
79348,266,0.5833925964106265,True,970912,49752.0,111940.7,PRIJEM,PREVOD Z UCTU,
103368,353,0.5833917959907365,True,961106,6676.0,40670.9,PRIJEM,PREVOD Z UCTU,DUCHOD
468780,1596,0.5833872454382228,True,971113,4955.0,11025.5,PRIJEM,PREVOD Z UCTU,DUCHOD
221885,754,0.5833867807143758,True,960305,6248.0,31311.0,PRIJEM,PREVOD Z UCTU,DUCHOD
831850,2833,0.5833852985133594,True,950912,4455.0,4855.0,PRIJEM,PREVOD Z UCTU,DUCHOD
1973470,6686,0.5833788851272798,True,960608,43684.0,84726.8,PRIJEM,PREVOD Z UCTU,
137196,460,0.5833786856757156,True,951205,5922.0,19631.6,PRIJEM,PREVOD Z UCTU,DUCHOD
2908711,9635,0.5833759271276977,True,941114,4470.0,11441.6,PRIJEM,PREVOD Z UCTU,DUCHOD
3207538,10645,0.5833751462819668,True,970506,49260.0,116392.0,PRIJEM,PREVOD Z UCTU,
2580417,8523,0.583374987040081,True,970111,46520.0,92079.5,PRIJEM,PREVOD Z UCTU,
1076085,3676,0.5833732665824912,True,960905,4979.0,16037.0,PRIJEM,PREVOD Z UCTU,DUCHOD
987699,3368,0.5833726533702963,True,981210,176.0,108180.5,VYDAJ,PREVOD NA UCET,POJISTNE
742728,2536,0.583369259473919,True,951208,6234.0,38728.0,PRIJEM,PREVOD Z UCTU,DUCHOD
788966,2690,0.5833667682955721,True,971106,6632.0,44397.8,PRIJEM,PREVOD Z UCTU,DUCHOD
2967179,9828,0.5833652673391909,True,970605,47472.0,75350.8,PRIJEM,PREVOD Z UCTU,
2967143,9828,0.5833652673391909,True,940605,47472.0,73862.9,PRIJEM,PREVOD Z UCTU,
866106,2949,0.5833638258917963,True,971211,6410.0,33867.1,PRIJEM,PREVOD Z UCTU,DUCHOD
942598,3216,0.5833626082787176,True,960828,47835.0,145371.9,PRIJEM,VKLAD,
519762,1775,0.5833493780442182,True,931107,6932.0,31944.8,PRIJEM,PREVOD Z UCTU,DUCHOD
57470,192,0.58334935560505,True,960106,5859.0,39144.3,PRIJEM,PREVOD Z UCTU,DUCHOD
796511,2713,0.5833405226333404,True,971213,6422.0,49723.1,PRIJEM,PREVOD Z UCTU,DUCHOD
627583,2144,0.5833390511813954,True,981201,48462.0,121209.7,PRIJEM,VKLAD,
110606,374,0.5833351837768348,True,981205,34562.0,87031.1,PRIJEM,PREVOD Z UCTU,
1102321,3765,0.5833310517525323,True,961212,3106.0,3706.0,PRIJEM,PREVOD Z UCTU,
127627,428,0.5833308250337416,True,971212,6614.0,55221.5,PRIJEM,PREVOD Z UCTU,DUCHOD
1071599,3661,0.5833303385463546,True,960507,4966.0,20664.0,PRIJEM,PREVOD Z UCTU,DUCHOD
2809975,9307,0.5833294022134966,True,960905,47991.0,166434.0,PRIJEM,VKLAD,
960764,3273,0.5833255607944174,True,970109,49761.0,94958.9,PRIJEM,PREVOD Z UCTU,
3441316,1184,0.5833213447071397,True,981231,368.1,94799.7,PRIJEM,,UROK
939061,3205,0.5833184520074288,True,960512,4366.0,22530.0,PRIJEM,PREVOD Z UCTU,DUCHOD
797990,2719,0.5833183917364259,True,960214,5955.0,6455.0,PRIJEM,PREVOD Z UCTU,DUCHOD
1155510,3954,0.5833141439389288,True,961211,6109.0,38244.8,PRIJEM,PREVOD Z UCTU,DUCHOD
288085,988,0.5833087608880181,True,951214,6832.0,36347.7,PRIJEM,PREVOD Z UCTU,DUCHOD
261092,894,0.5833043473505519,True,971214,6676.0,14945.7,PRIJEM,PREVOD Z UCTU,DUCHOD
179461,608,0.5833033061065551,True,950709,4635.0,19140.0,PRIJEM,PREVOD Z UCTU,DUCHOD
1436770,4894,0.5833001107139482,True,940612,43882.0,92750.7,PRIJEM,PREVOD Z UCTU,
897021,3056,0.5832940336632717,True,981212,4352.0,34324.3,PRIJEM,PREVOD Z UCTU,DUCHOD
538317,1831,0.5832940169718942,True,951211,6480.0,33859.6,PRIJEM,PREVOD Z UCTU,DUCHOD
438571,1490,0.5832877310577548,True,961015,23851.0,129147.8,VYBER,VYBER,
1486225,5065,0.5832871321970912,True,970828,15098.0,14385.8,VYBER,VYBER,
3662265,4013,0.5832833313562193,True,931130,26.0,17856.0,PRIJEM,,UROK
462818,1575,0.5832822101015536,True,930707,5448.0,28140.0,PRIJEM,PREVOD Z UCTU,DUCHOD
49305,165,0.5832710357867937,True,971211,6864.0,53841.4,PRIJEM,PREVOD Z UCTU,DUCHOD
692098,2365,0.5832697850491785,True,941205,5113.0,10746.3,PRIJEM,PREVOD Z UCTU,DUCHOD
909658,3099,0.5832612043218416,True,930907,6019.0,24876.0,PRIJEM,PREVOD Z UCTU,DUCHOD
2730577,9034,0.583254957178526,True,981214,32706.0,63527.5,PRIJEM,PREVOD Z UCTU,
1155098,3952,0.5832543132081774,True,971206,6610.0,24551.8,PRIJEM,PREVOD Z UCTU,DUCHOD
1244538,4258,0.5832539818787398,True,961031,46993.0,121040.9,PRIJEM,VKLAD,
647019,2212,0.5832460944871348,True,960213,5270.0,6070.0,PRIJEM,PREVOD Z UCTU,DUCHOD
859209,2928,0.583244345310882,True,940413,5531.0,22624.0,PRIJEM,PREVOD Z UCTU,DUCHOD
1048187,3585,0.5832360062943954,True,961012,6242.0,25268.0,PRIJEM,PREVOD Z UCTU,DUCHOD
890451,3036,0.5832318276862721,True,960925,48604.0,64499.6,PRIJEM,VKLAD,
3110297,10320,0.5832305283167845,True,941209,38960.0,72123.7,PRIJEM,PREVOD Z UCTU,
1147157,3924,0.5832287560107827,True,960707,4764.0,24120.0,PRIJEM,PREVOD Z UCTU,DUCHOD
3465185,3278,0.5832284294374429,True,981231,322.0,83193.5,PRIJEM,,UROK
529777,1806,0.583226339555336,True,930505,5029.0,20516.0,PRIJEM,PREVOD Z UCTU,DUCHOD
536845,1828,0.5832124307056056,True,951122,46226.0,186881.3,PRIJEM,VKLAD,
378295,1287,0.5832113219610191,True,981207,31569.0,72649.8,PRIJEM,PREVOD Z UCTU,
277433,949,0.5831983061757539,True,960926,14732.0,4862.7,VYBER,VYBER,
129507,435,0.5831975500459436,True,930507,5039.0,20556.0,PRIJEM,PREVOD Z UCTU,DUCHOD
878712,2993,0.5831847531724946,True,960530,49482.0,100112.0,PRIJEM,VKLAD,
331161,1128,0.5831769621581296,True,981107,6189.0,62522.1,PRIJEM,PREVOD Z UCTU,DUCHOD
752993,2569,0.5831769421253226,True,981208,6772.0,22483.1,PRIJEM,PREVOD Z UCTU,DUCHOD
303200,1032,0.5831720243254299,True,981005,49765.0,116602.1,PRIJEM,PREVOD Z UCTU,
586535,1997,0.5831699061220814,True,980413,6965.0,39217.8,PRIJEM,PREVOD Z UCTU,DUCHOD
601202,2047,0.5831661922731526,True,981208,4727.0,45817.1,PRIJEM,PREVOD Z UCTU,DUCHOD
1052479,3600,0.5831647193098836,True,980905,6623.0,57226.3,PRIJEM,PREVOD Z UCTU,DUCHOD
1028180,3511,0.5831597218555026,True,961009,5485.0,17455.0,PRIJEM,PREVOD Z UCTU,DUCHOD
753773,2572,0.5831565186966403,True,980107,48819.0,106898.9,PRIJEM,PREVOD Z UCTU,
796144,2712,0.5831560546424539,True,981111,6604.0,48312.7,PRIJEM,PREVOD Z UCTU,DUCHOD
625623,2137,0.5831407732149818,True,971212,29380.0,73627.5,PRIJEM,PREVOD Z UCTU,
1298807,4434,0.5831367410648217,True,961101,23903.0,24473.3,VYBER,VYBER,
2675921,8856,0.5831344311675143,True,981226,46170.0,192662.5,PRIJEM,VKLAD,
77669,259,0.5831332908793784,True,941205,6523.0,26793.1,PRIJEM,PREVOD Z UCTU,DUCHOD
1278723,4375,0.5831311481304524,True,980413,47883.0,109983.6,PRIJEM,PREVOD Z UCTU,
234969,802,0.5831289511331424,True,971212,5376.0,47759.9,PRIJEM,PREVOD Z UCTU,DUCHOD
2655663,8784,0.5831214762197406,True,970210,36791.0,96165.9,PRIJEM,PREVOD Z UCTU,
721541,2471,0.5831199967891341,True,970206,43595.0,108739.8,PRIJEM,PREVOD Z UCTU,
911174,3107,0.5831167498309753,True,960111,6300.0,45092.6,PRIJEM,PREVOD Z UCTU,DUCHOD
1157046,3960,0.5831131739776764,True,930705,4807.0,24535.0,PRIJEM,PREVOD Z UCTU,DUCHOD
240856,822,0.5831092539000372,True,981210,6911.0,34148.3,PRIJEM,PREVOD Z UCTU,DUCHOD
950653,3241,0.5831056628942632,True,931212,6282.0,30570.6,PRIJEM,PREVOD Z UCTU,DUCHOD
