account_id,anomaly_score,is_anomaly
96,0.6582811727545084,True
2335,0.6309804144702541,True
5442,0.630328541067897,True
2982,0.6301647799735842,True
3050,0.6203347466263821,True
3326,0.6185892773656235,True
8341,0.6184437798714517,True
3273,0.6141834259914685,True
5952,0.6126222680048213,True
6083,0.6115426731999951,True
2471,0.6105129160774161,True
1132,0.6094845127280708,True
5661,0.6094426624266516,True
3255,0.6079094794027174,True
5366,0.6072379545330369,True
2932,0.6069132258155753,True
1828,0.6061349455588148,True
2080,0.6042831943452116,True
7049,0.6039687161852715,True
9790,0.6018273736976401,True
7133,0.6016072384545939,True
441,0.601327065300747,True
5708,0.6005239970009671,True
3293,0.600122693096208,True
4130,0.5993280924828263,True
4059,0.5987962526259727,True
3705,0.5986662854667596,True
1404,0.5985082234590344,True
10650,0.5979297654028527,True
4127,0.5960210554998152,True
3678,0.5957802137340622,True
8856,0.5954687272618845,True
10679,0.5949903314866531,True
4318,0.5946333625485031,True
5129,0.5941962466562501,True
378,0.5940447283740473,True
5215,0.5939341493268682,True
3558,0.5938093216646549,True
2959,0.5938065042222825,True
8261,0.5934018322944103,True
3112,0.5928200268127928,True
1789,0.5922664073008951,True
5422,0.5917298499074688,True
2796,0.5916331179211988,True
3834,0.5915920460418506,True
339,0.5908328688010012,True
4361,0.590390240619808,True
5429,0.5894391921187032,True
3521,0.5889919031849766,True
472,0.5885120588944273,True
10079,0.5884425569027898,True
3113,0.5868036784899859,True
3374,0.5863873671313677,True
756,0.5859731125802182,True
5228,0.5859029352113427,True
2170,0.5856227999354774,True
3516,0.585219086922689,True
803,0.584761899296509,True
9265,0.5838656097277567,True
2176,0.5827973846845815,True
2099,0.5826861573397996,True
10789,0.582568340345096,True
5092,0.581712176064819,True
10857,0.5813524801725671,True
3711,0.5812841131509837,True
8127,0.5812259902512679,True
10036,0.5807332920279871,True
10243,0.5806319147126837,True
7957,0.5800922502172388,True
2089,0.5792410338733668,True
4618,0.5792394773050064,True
2260,0.5791163486381208,True
8212,0.5790935889377273,True
1539,0.5788816243615226,True
1407,0.5781786309868088,True
5250,0.5778214595055501,True
5180,0.5776690467130577,True
8260,0.5776660176689826,True
2532,0.5775593231009072,True
1897,0.5775589972522018,True
2305,0.5775153839703057,True
8931,0.5767552704447925,True
5125,0.5766940789088093,True
1538,0.5766010881676037,True
97,0.5765462710389851,True
1106,0.5760061181655113,True
5343,0.5757456175323642,True
2227,0.5756452877555712,True
8564,0.5754944541487084,True
2910,0.5752914409995823,True
6609,0.5748561531864824,False
1766,0.5744475468343567,False
390,0.5744062204584917,False
1032,0.5743907240731669,False
9337,0.5742760484467295,False
11138,0.5742717715663636,False
2762,0.5738457576219133,False
8625,0.5735094703917889,False
1125,0.5734368273714231,False
5011,0.5732052119122412,False
9833,0.5730414957149155,False
3038,0.5730035789436202,False
11079,0.5728491444433804,False
11013,0.5726768799709013,False
1888,0.5726337681998546,False
384,0.5721617567346566,False
7861,0.572058518956219,False
10093,0.5715827718002796,False
3967,0.5715084997769267,False
3035,0.5714733490888249,False
4616,0.5712921435802575,False
1039,0.57123670522193,False
173,0.5711844045644118,False
2051,0.5708782631452365,False
7418,0.5708192559300546,False
2583,0.5707687845814331,False
566,0.5703871435328018,False
4858,0.5697445500362501,False
2892,0.5694010422951763,False
9333,0.5690842694257179,False
2720,0.5683299651306252,False
2023,0.5683292430782649,False
9640,0.5682767842255753,False
3675,0.5682000810715562,False
9455,0.5677857614049452,False
1801,0.5677726487127192,False
1338,0.5676918524920604,False
6148,0.5673725342999308,False
9528,0.5672367116160417,False
2915,0.5666955845326124,False
3413,0.5666754502940397,False
7465,0.5665993729660468,False
1378,0.5665528415473988,False
4128,0.5665413901375709,False
3163,0.5665382636599153,False
5648,0.5659732793789892,False
9203,0.5657907626193088,False
3260,0.5655260939361039,False
9814,0.5654632620365846,False
849,0.5653401948231166,False
9869,0.5651059507452443,False
8982,0.5650878675976,False
10738,0.5649715673589222,False
9307,0.5643079246245927,False
7815,0.5639720917115364,False
2571,0.5639412285389349,False
1641,0.5637997267746955,False
10365,0.5634368144250399,False
10558,0.5633231997124849,False
291,0.5630620091419497,False
4448,0.5630123475326612,False
5283,0.5628540039246763,False
7819,0.5628290174647693,False
3754,0.5627408188922677,False
3713,0.5625557519027138,False
8073,0.5624041510191845,False
1808,0.5620641269890998,False
7795,0.5619788950040895,False
9052,0.5614186830505972,False
940,0.561348661009379,False
4356,0.5613196387755771,False
10670,0.5612851593574822,False
2933,0.561228594011718,False
405,0.5611910758871734,False
8173,0.5611364726379874,False
2322,0.5609042422502658,False
2187,0.5608806059974616,False
7857,0.5607847102676597,False
5700,0.5606903443206989,False
4131,0.5606446018109891,False
71,0.560598793276693,False
7859,0.5604322514255148,False
9491,0.5603023336389686,False
2162,0.5602732786714025,False
3166,0.5602517966495562,False
2995,0.56021642082836,False
666,0.5599198071144214,False
9236,0.5598640256583447,False
3300,0.5597280088179507,False
11053,0.5596375719378691,False
2035,0.5596320884439338,False
211,0.559614737621792,False
11111,0.5595650512009263,False
2599,0.5594428621848441,False
319,0.5591741527719702,False
8998,0.55883622640918,False
11186,0.5586463956833465,False
5927,0.5586358477676872,False
456,0.5585896429588152,False
5213,0.5584526709926906,False
4715,0.5582532420541112,False
1466,0.5581996043977118,False
3906,0.5578717586550772,False
5622,0.5576611137450289,False
1067,0.5575139381619513,False
4462,0.5573959977390918,False
4743,0.5573807430849353,False
2218,0.5573117610785039,False
10343,0.5567847633789833,False
1718,0.5566955346688138,False
3999,0.5565324609685738,False
212,0.5563970737236819,False
8381,0.5558686346863565,False
8519,0.5557905460072778,False
266,0.5554119398238092,False
1953,0.5551691825785859,False
10973,0.5551062022049281,False
722,0.5549672128258283,False
4320,0.5548276850070418,False
10663,0.5545618394951114,False
10361,0.554509552669785,False
2633,0.5544397645203089,False
5066,0.5544356838347281,False
10451,0.5543412467986187,False
655,0.5543225969468247,False
2144,0.5543116380546494,False
7520,0.5541663427779833,False
500,0.5541217833565125,False
311,0.5541182225643039,False
1978,0.553823070657396,False
10411,0.5536930122083826,False
2086,0.553419279156685,False
1091,0.5533652499873176,False
2392,0.5532935453304834,False
4784,0.553261539802993,False
9093,0.5531609264274977,False
2598,0.5531516874503594,False
5591,0.5531066427372582,False
2371,0.5529616833813981,False
7824,0.5529502085033317,False
1934,0.5527732905020513,False
5868,0.5525468471723756,False
2126,0.5523149171107413,False
10644,0.551923005742905,False
10404,0.5519158783692877,False
1330,0.5516744883151835,False
3616,0.5515826417053096,False
7614,0.5515264086685743,False
2346,0.5514764440025222,False
5313,0.5513670109837201,False
4079,0.5511605538263218,False
4081,0.5510814004366356,False
3859,0.5509726561498618,False
867,0.550967326863202,False
2211,0.5509506486774766,False
3634,0.5508251572684841,False
1505,0.5507902126972838,False
1139,0.5504615083159138,False
2741,0.5503736508402441,False
91,0.5502364808811209,False
1605,0.5502082049058635,False
1230,0.5500655551252084,False
10065,0.5500199738500761,False
3646,0.5498344838625381,False
2838,0.549778509629095,False
4794,0.5497076064912348,False
2282,0.549412316750551,False
2555,0.5493136129924318,False
191,0.5489573372659343,False
6306,0.5488642257026844,False
10520,0.5487756852970727,False
10711,0.5485601411137472,False
3290,0.5484986088559949,False
4132,0.5484594022922632,False
6592,0.548315772492154,False
68,0.5482700220053813,False
1589,0.5480775345892984,False
3240,0.5480076882289255,False
10562,0.5479994108796112,False
5698,0.547972769068659,False
17,0.5478899527051464,False
2799,0.5477936700202762,False
2749,0.5477330370345351,False
6463,0.5476223281306534,False
7181,0.5476074590273563,False
5632,0.5473657245903086,False
635,0.5472656989171636,False
10645,0.5471261103699054,False
3103,0.5471171152914637,False
2236,0.5470621704840691,False
8926,0.5469126548810485,False
4533,0.5467779989697982,False
9583,0.5467352475718551,False
2988,0.5464614887280972,False
2247,0.5464203205135905,False
8742,0.5459993673697787,False
2912,0.5459020670199294,False
2262,0.545824645328316,False
5270,0.5457938433094381,False
10613,0.5457655814732049,False
11349,0.5457284171498062,False
10227,0.5456316232551729,False
9422,0.5456007182234361,False
2699,0.5455678521348386,False
1318,0.5453321067474838,False
4746,0.5452671058662414,False
7203,0.5452512579526178,False
132,0.5451797659681784,False
4588,0.5450873269094473,False
3212,0.5450540635613574,False
9707,0.5450236050883044,False
1416,0.5449994742985798,False
1313,0.54464563005446,False
1779,0.5444651051734695,False
37,0.5442448194146909,False
9159,0.5441502362894253,False
2897,0.5440064140814006,False
10063,0.5439766607838826,False
2219,0.5439547957474775,False
2818,0.5438421761249344,False
11317,0.5438122262282484,False
5891,0.5437905244948806,False
6505,0.5436061321152039,False
4321,0.543565979082287,False
4413,0.5435497022287448,False
3945,0.5434806228391978,False
5870,0.5434676257172497,False
3714,0.5434296771541868,False
1430,0.5434287450759532,False
47,0.5431471589837625,False
105,0.5431134441297704,False
8759,0.5430060693643195,False
72,0.5428988489535076,False
5758,0.5428725907145832,False
10364,0.5425860283352755,False
7907,0.54253113498851,False
1374,0.5424355664076072,False
4999,0.5424091727417589,False
3698,0.5422140241008768,False
2062,0.5421957652379598,False
8628,0.5419414495278967,False
5423,0.5419215271721481,False
1583,0.5418939986117653,False
7753,0.5418475649508013,False
9883,0.5416818315658442,False
862,0.5416295674678917,False
2775,0.5413492368109734,False
4014,0.5412180695130331,False
3460,0.5410787852989147,False
4631,0.5410741633282995,False
138,0.5410728455323003,False
3994,0.5409937492474715,False
485,0.5409299690323023,False
1255,0.5408485167606976,False
3674,0.5407247053229126,False
10656,0.540665521042763,False
2419,0.5405966306259811,False
6701,0.5404777783950399,False
6040,0.5404552659342744,False
66,0.5404272034291062,False
7594,0.5404108924184101,False
1772,0.5403191089387505,False
3786,0.5402395035453502,False
1243,0.5401120447032466,False
3875,0.539897559945504,False
5724,0.5398471763772636,False
3958,0.5398003304077982,False
7487,0.5397875270639296,False
3467,0.5396608257166432,False
4514,0.5395363938954526,False
5267,0.5393827252242447,False
6461,0.5392178330689725,False
1097,0.539210496280763,False
1753,0.5391669055268636,False
5602,0.5391482664475239,False
11021,0.5389616465134186,False
2938,0.5388827161522309,False
2545,0.5388669639825926,False
387,0.5388401972057915,False
471,0.5388361046942166,False
521,0.5386615720961356,False
8566,0.5384143603555395,False
438,0.5382619525998755,False
863,0.5382527104586955,False
4585,0.5382078094816087,False
689,0.5378805888079815,False
3051,0.5377643659745975,False
2779,0.5376819656266716,False
1485,0.537643898862472,False
675,0.5375965388835476,False
1935,0.5375552567734533,False
3886,0.5374461721771767,False
9051,0.5374077712735276,False
2600,0.5373952635275352,False
10445,0.5373177571022316,False
3920,0.5372113754778645,False
507,0.5372029127123548,False
1242,0.5371797214781439,False
2449,0.5370986946893263,False
2660,0.5370495088815693,False
3386,0.5369410338797996,False
3734,0.5367987883185348,False
1244,0.5365834264314857,False
6118,0.5365370338079077,False
3325,0.5365174652209631,False
1146,0.5364435383114929,False
1726,0.5363044756327977,False
3869,0.5362534953317561,False
9627,0.5361671849275162,False
9192,0.5361175364672989,False
539,0.5361073048296804,False
3315,0.5360913067140591,False
8919,0.5359962156989809,False
2725,0.5356615593305971,False
5372,0.5356570306669343,False
2918,0.5354752173785855,False
3804,0.5354059268475106,False
10068,0.5354046535426115,False
8377,0.5352698810501888,False
3354,0.5352587217765237,False
10812,0.5350190815668531,False
727,0.5349995593247915,False
2572,0.5349426712333731,False
1695,0.5346647300571502,False
3816,0.5346214382683385,False
8094,0.5343814176470253,False
718,0.5343006030899647,False
8547,0.5340349905885846,False
2859,0.5339527533263746,False
2000,0.5339305271222571,False
6950,0.5339217245987781,False
1922,0.5338412707578218,False
9859,0.5337758406579449,False
1203,0.5337274245440748,False
2649,0.5336502921324858,False
796,0.5333930743404761,False
8405,0.5333482463135263,False
38,0.5333397448257897,False
1939,0.5332153229806373,False
1456,0.5331361201810731,False
5133,0.5331297431060623,False
11231,0.5331289764996049,False
2651,0.5330881811485906,False
3962,0.532999890981368,False
239,0.5328038249540391,False
4415,0.5327345281374741,False
5740,0.5327264241633388,False
3390,0.5325317168157888,False
8321,0.5324434784855508,False
5505,0.5323717979274933,False
1513,0.5323491394241495,False
4259,0.5323020836161176,False
7437,0.5322255698982736,False
6985,0.5320794878674457,False
9188,0.532060904689737,False
2927,0.5320268899925978,False
8039,0.5319855617806525,False
1448,0.5319499778228733,False
7445,0.5318428671292377,False
7033,0.5318093861065774,False
347,0.5316550813919853,False
386,0.5315484350352258,False
1172,0.5315179187284685,False
7136,0.531495164350284,False
10266,0.5314822488235439,False
19,0.5314153633847178,False
2586,0.5312918878092004,False
8041,0.5312873997408255,False
9017,0.531267850673667,False
7733,0.5311393067575552,False
2153,0.5310429962064008,False
9549,0.5309581477768777,False
11295,0.5308759392710485,False
5477,0.5307837206693929,False
4375,0.5306144434265445,False
10439,0.5305662339869702,False
2573,0.530460066565246,False
699,0.530298113830328,False
3507,0.5302006011035346,False
5072,0.5301723163300548,False
377,0.5301365158056246,False
4937,0.5299834720314015,False
2634,0.5299088821574626,False
2601,0.5298137786934954,False
6034,0.5297573403083002,False
3263,0.529689299832721,False
2209,0.5295195540738923,False
10005,0.529386480412971,False
437,0.5292207710559541,False
144,0.5291373588038502,False
9034,0.529036615287292,False
25,0.528998157562614,False
761,0.5289114777713895,False
1022,0.5287044900269777,False
3302,0.528569996714249,False
9199,0.5284268403631743,False
1402,0.5283620537049326,False
645,0.5283453694276737,False
2794,0.5283274334085516,False
314,0.528233939941474,False
442,0.52818113209351,False
3424,0.5281215022375743,False
2069,0.5278317495246476,False
2968,0.5278179442349239,False
2824,0.5277562346870152,False
838,0.527668699892728,False
610,0.5276219508528712,False
7424,0.5274878872365223,False
3367,0.5273228191766898,False
4035,0.5271319933596534,False
5735,0.5270831635243358,False
9377,0.5269163512383996,False
9750,0.5268583033613906,False
4086,0.5267448864044489,False
7894,0.526557508596433,False
3948,0.5265164641462542,False
2551,0.5264487095101558,False
276,0.5263354009027169,False
349,0.5262520610030078,False
1408,0.5261687047904113,False
8899,0.5260956318926888,False
8149,0.526091728559037,False
2527,0.5259167082453469,False
2003,0.5258787712782719,False
1568,0.5258429213543022,False
777,0.5256859140443795,False
244,0.5256781585169908,False
176,0.5256685688436817,False
6400,0.5256485721661481,False
2646,0.5254588357735125,False
4237,0.5254551446717403,False
1725,0.5254341850428198,False
1029,0.5253154154244967,False
5593,0.5250185711493934,False
182,0.5250174842489543,False
1527,0.5248980633061694,False
8475,0.5248657150726929,False
2189,0.5248505952188423,False
1890,0.5248172549946751,False
960,0.5247527686407971,False
3785,0.5247507812829119,False
3629,0.5247021601875695,False
1598,0.5246920866200125,False
793,0.5246617129293553,False
1943,0.524648573363097,False
5574,0.5244951288942161,False
4863,0.5244784208566542,False
2991,0.5244780048650046,False
9633,0.5244423969631549,False
10131,0.5243288575667567,False
1893,0.5242970898880246,False
4276,0.5242711912646876,False
8330,0.5241726731145955,False
1993,0.5241489942660712,False
854,0.5241413214559109,False
7184,0.5239259248845556,False
799,0.5239190532162457,False
1342,0.5238995608613908,False
9353,0.5238461357248458,False
7101,0.5238413817451609,False
4330,0.5238334837246593,False
9225,0.5234485980127883,False
2877,0.5234301254799212,False
7944,0.5234089845726279,False
1994,0.5232996881026555,False
4418,0.5232175008266078,False
196,0.5232066758461733,False
7123,0.5231762753061218,False
738,0.5231253859595157,False
790,0.5230585130613123,False
2352,0.5230463345540897,False
808,0.5229806941408894,False
10954,0.5228990234432019,False
9646,0.5227470002399455,False
8896,0.5226977546835992,False
4103,0.5225433531002941,False
6051,0.5225294209816911,False
10105,0.5223094740859173,False
2486,0.522229483497276,False
2857,0.5222085730892911,False
2706,0.5221785178036371,False
9167,0.5221622208610676,False
3337,0.5221287582289647,False
758,0.5220617410016497,False
1749,0.5219002175228189,False
498,0.5217172235454124,False
11362,0.5217011001274849,False
2894,0.52169714197399,False
4414,0.5216804298155793,False
816,0.5216582535722317,False
10906,0.5215816978566064,False
6636,0.5215555311272797,False
2900,0.5215323898107511,False
1962,0.5212754651171049,False
1247,0.5212565823784535,False
2338,0.5210924094065167,False
5196,0.5209572028733903,False
2050,0.5208926986675063,False
1432,0.5208660995328434,False
3037,0.5207515398219602,False
4408,0.5204607040020784,False
10233,0.5204133092758294,False
2384,0.5204031008262547,False
9041,0.5202944914366415,False
6158,0.5202372606373777,False
1028,0.5201168709505724,False
7231,0.520076762160262,False
8153,0.5200404471983168,False
3526,0.5200218092249682,False
2421,0.5199730452347106,False
844,0.5199056871194507,False
1745,0.5198548541730106,False
1610,0.519845406268289,False
993,0.5197751629742696,False
11141,0.5197691509235922,False
1454,0.5197047922190955,False
9504,0.5197040579638627,False
8316,0.5195494635272164,False
3018,0.5195080574322203,False
2279,0.51944232438337,False
9030,0.5191748780645191,False
1093,0.5191743809955499,False
1464,0.5191607761482794,False
3014,0.5190947729746598,False
4116,0.519091827538708,False
4099,0.5189571044554071,False
7401,0.5189563493158897,False
3296,0.5188728724933275,False
2180,0.5188160606685835,False
1156,0.5187383459565685,False
2550,0.5187215390516273,False
3609,0.5186957797064699,False
4255,0.5186170551230096,False
4851,0.5186029366934722,False
3418,0.5186028651751952,False
298,0.5184769949885938,False
3872,0.5183981360245298,False
2143,0.5183965070767982,False
10049,0.5182939885959459,False
2972,0.5181041023952734,False
10915,0.5179847092615564,False
4423,0.517951166226773,False
1948,0.5179487557526853,False
6715,0.5179370117162009,False
789,0.517625949873689,False
5794,0.5174418079588669,False
3757,0.5173900766131381,False
7965,0.5173782634900892,False
6353,0.5173624755895674,False
2,0.51733827546037,False
9138,0.5173029117749202,False
8159,0.5172462595023941,False
180,0.5172231179001031,False
4894,0.5172126649943666,False
487,0.5170600540644276,False
11359,0.5169917921762932,False
3314,0.5168061713638192,False
9635,0.5167253087269732,False
740,0.516614919343906,False
4470,0.5165884532615916,False
3345,0.5165141171572661,False
1138,0.5165071186399341,False
1359,0.5164809390850285,False
3733,0.5164394027087935,False
1685,0.5163024822509883,False
5428,0.5161713279214706,False
6157,0.5161346043421209,False
2813,0.5161072780646851,False
3156,0.5159012749880287,False
5817,0.5158965007477113,False
4427,0.515855530180686,False
1723,0.5156873130728316,False
1813,0.5156697479440576,False
1754,0.5156044328856355,False
4550,0.5155955893500951,False
8320,0.5155822995398069,False
4969,0.5155029040479486,False
2242,0.5154149517403591,False
4034,0.5154115282200317,False
4907,0.5154006657518215,False
4000,0.5153641022942476,False
4358,0.5153620703834798,False
299,0.5153469527759922,False
6910,0.5152512928294708,False
5445,0.5152388748551997,False
1787,0.5152066849628255,False
2167,0.5151776285509458,False
8327,0.5151710634505774,False
7606,0.5151439489295713,False
3953,0.515083427776953,False
4144,0.5150623034180716,False
8492,0.515041590541542,False
2321,0.5149431477942694,False
141,0.5149110625421602,False
2609,0.5148592228473281,False
2356,0.514744263672825,False
7637,0.5147246998251358,False
227,0.5147041833346876,False
397,0.5146810926223294,False
11042,0.5146739110509532,False
4456,0.514662244088645,False
8957,0.514616104209967,False
2124,0.514542394233038,False
3935,0.5145147596321438,False
9656,0.5144547082619674,False
363,0.5144007817748062,False
4527,0.5143222037110867,False
8533,0.5142468553289038,False
4660,0.5141686284011705,False
4102,0.5140839165324478,False
4519,0.5140324855921474,False
9227,0.5138828515840381,False
1762,0.5138102694950554,False
3866,0.5136792810439806,False
417,0.513609763274008,False
3747,0.5135303545380667,False
6856,0.5135078554710889,False
4377,0.5134294666466801,False
2698,0.5134085524792688,False
4342,0.5133691446939195,False
3862,0.513296270726078,False
1154,0.5132914157290758,False
8523,0.5132719941426732,False
1221,0.5132031180722909,False
3115,0.5131670143911325,False
10905,0.5131563155830767,False
2523,0.5131267671718964,False
6226,0.5130604756442434,False
7082,0.5130080598789948,False
7045,0.5129563565767291,False
3189,0.5128230585160337,False
3788,0.5128021583481615,False
1494,0.5127994399568887,False
3606,0.5126875613517091,False
2390,0.5126871972165677,False
1515,0.5123627832775124,False
1043,0.5122860508413611,False
532,0.5122308482903628,False
672,0.5121708993524912,False
3007,0.5120770386127418,False
6473,0.5117905180110192,False
873,0.5117337045342523,False
2245,0.511720203702983,False
9703,0.5116533029491401,False
3818,0.5116346448965307,False
8051,0.5116189813452022,False
5120,0.5115824375189033,False
9031,0.5113819903789438,False
4337,0.5113788777204458,False
4503,0.51137801407254,False
3387,0.5113560983327476,False
10280,0.5113426842443869,False
9826,0.5112699389610854,False
218,0.5111813372681097,False
1878,0.511179784189925,False
2472,0.511160348037275,False
8680,0.5110924532822023,False
6453,0.5109116870971012,False
67,0.5108544459923482,False
4543,0.510805024085609,False
2754,0.5107722904860642,False
396,0.5107616533752573,False
10351,0.5107429843511495,False
1845,0.5107111304245573,False
1891,0.5106576475823721,False
3268,0.5106186293003417,False
1862,0.5105919376501972,False
1237,0.5105916145511447,False
4727,0.5105270898193769,False
1757,0.5104014832430751,False
3003,0.5103463873296132,False
1000,0.5100830249054776,False
466,0.5100216689319056,False
3617,0.509969261039381,False
4008,0.5099473761113771,False
3364,0.5098935133270157,False
3882,0.5097436842834946,False
3208,0.5095865395014649,False
4949,0.5095774773975777,False
6062,0.5093909377042833,False
1006,0.5093881609159766,False
1750,0.5093599678639925,False
3407,0.5093537754024984,False
426,0.5093477934668043,False
2116,0.5093220400862284,False
6897,0.5092634997981599,False
1649,0.5092235660137171,False
2424,0.5091319431951143,False
6030,0.5091206915682779,False
2318,0.5091117510127217,False
7052,0.5089107728726809,False
9037,0.5088643910430176,False
2418,0.508836633436955,False
3437,0.5088250464883157,False
488,0.5087588824838505,False
811,0.5086530564494358,False
3448,0.508635070873581,False
1843,0.5086075762840473,False
4447,0.5085671860739782,False
1095,0.5085185568480207,False
5369,0.50841991998567,False
8132,0.5083944029165277,False
8027,0.5083483177607426,False
10940,0.5082689555741182,False
6678,0.5081840494486461,False
8026,0.5080878072137112,False
3229,0.5078752061294844,False
3693,0.5076605694018298,False
10257,0.5075613882141728,False
1276,0.5074392055932474,False
337,0.5073049790373678,False
6281,0.5072911772304286,False
2496,0.5072877111218118,False
4214,0.5072764767929325,False
830,0.5071906338859878,False
7011,0.5071725695076982,False
1523,0.5071321378127679,False
236,0.50706608990744,False
3228,0.5070572404906711,False
7454,0.5069795354739232,False
368,0.5069492066890786,False
846,0.5068966099515383,False
6273,0.5068727874097707,False
3353,0.5067897389005538,False
3106,0.506770470718201,False
7966,0.5066924923154105,False
3153,0.5064761840572652,False
3790,0.5063829418579188,False
179,0.5063233592532125,False
1495,0.5063223928871552,False
6649,0.5062366621926785,False
403,0.5062026842302305,False
1019,0.5062019088424159,False
3139,0.5061546509598011,False
9140,0.5061397199043085,False
1329,0.5060304105014828,False
2175,0.506013594306614,False
2013,0.5058186497620185,False
3402,0.505811943112467,False
7745,0.5058038342302157,False
4476,0.5057890162038483,False
1651,0.5057562069395709,False
3909,0.505752995081354,False
139,0.5057323946130469,False
9731,0.5056890241467445,False
3471,0.5056598463860197,False
3368,0.5055658698488994,False
9153,0.5055470884830137,False
366,0.5055434190030434,False
2655,0.5055171351106721,False
1218,0.5054544009064281,False
7674,0.5052142953826693,False
574,0.5052045300943738,False
1644,0.5051826714604855,False
290,0.5051372493888272,False
2142,0.5049735311732599,False
9201,0.5047141125190894,False
2694,0.5047032434743114,False
3591,0.50469269150413,False
1196,0.5046719349740867,False
5033,0.5046631636737775,False
11333,0.5045594418531497,False
1876,0.5045389068284756,False
4001,0.5044646048167059,False
2678,0.5044606051086422,False
3614,0.5043291255931084,False
7546,0.5042495687146474,False
10942,0.5041877639193069,False
7190,0.5040518873524085,False
9730,0.5040323404301037,False
1974,0.5039111131200775,False
1480,0.5038777989640435,False
6265,0.503803166220467,False
3602,0.503764141981816,False
7774,0.5037496300429504,False
2008,0.5035166267368852,False
8489,0.5035156065955976,False
30,0.5034851242854683,False
9006,0.5034140036221716,False
5362,0.5034026746330154,False
4596,0.5032762966771389,False
9156,0.5032169993639898,False
5290,0.5031902950763503,False
2537,0.5031476451983423,False
4354,0.5031003666092109,False
1566,0.5030320855474005,False
2645,0.5030215973511887,False
2394,0.5029804901034958,False
3745,0.5029428750822554,False
9241,0.5029328043780332,False
10607,0.5028633275043563,False
5726,0.5028532443017545,False
1066,0.5028513872820476,False
6555,0.5027791094908088,False
2444,0.5026762349601925,False
3659,0.5026350302000938,False
200,0.5026130512494925,False
9928,0.5025586903900762,False
2494,0.5025010031926688,False
3094,0.502496513307794,False
5126,0.5024676945262835,False
2986,0.5024457513943876,False
3709,0.502434973738124,False
1345,0.502414740912736,False
8129,0.5022944526831051,False
3474,0.502218902617349,False
2261,0.5022170604779987,False
2700,0.50216617948043,False
1068,0.5021489698490607,False
3446,0.5021166221656621,False
7769,0.5021160120898297,False
1563,0.5021051926229989,False
1819,0.502089768200941,False
3382,0.5020386105479786,False
3102,0.5019952280508219,False
1284,0.5019779278885445,False
9560,0.5019322148909434,False
1168,0.5018073661652637,False
3005,0.5018035090652295,False
1841,0.5017670937825138,False
2296,0.5017667751899354,False
1037,0.5017020585839971,False
10694,0.5015901462962032,False
3949,0.5014493518826614,False
2675,0.5013701981052325,False
3916,0.5012936964811974,False
1005,0.501249579430769,False
1453,0.5012144483683831,False
9104,0.501202100738731,False
1305,0.5011705361167504,False
2580,0.5011556218861553,False
2926,0.5011313706613207,False
3064,0.5011042645303183,False
2693,0.501047083611068,False
10022,0.5009806565849225,False
2834,0.5009536841407563,False
4580,0.500947720235039,False
730,0.5008950082823541,False
1387,0.5008659259729543,False
3499,0.5008288574996823,False
2495,0.5006956138338834,False
3084,0.5006369770169592,False
749,0.5005941457331177,False
587,0.5005857868836708,False
3580,0.5004503016486889,False
9263,0.5003959429383876,False
7099,0.500394765626427,False
2355,0.5003796308708067,False
134,0.5003208928163168,False
3033,0.5002839066377065,False
866,0.5002828069690523,False
6472,0.500173203069898,False
7997,0.5001670344901424,False
7990,0.5001667683985821,False
4774,0.5001135441416126,False
3919,0.5000521852510429,False
1632,0.4999775181388234,False
5063,0.49993762018244803,False
133,0.4999247182240699,False
5387,0.4998913121900038,False
8225,0.4998436161614966,False
1339,0.49978490602454945,False
6922,0.4997439211744789,False
7485,0.49971450622959374,False
430,0.49969239432691837,False
3523,0.4996550401675265,False
4003,0.4995469615741427,False
982,0.4994864892723269,False
4156,0.4994421926341215,False
3538,0.4993826619281243,False
167,0.4993794466224905,False
4434,0.4993618656106385,False
2350,0.4993394532348905,False
1869,0.4993026381512818,False
1009,0.4992900072543007,False
998,0.4992890981977109,False
4253,0.49910997832047377,False
7607,0.49908963469210005,False
5481,0.49902422969489185,False
2052,0.49899924388840816,False
3724,0.49897303329182635,False
2566,0.4989231260869486,False
95,0.4989166865859234,False
2410,0.4988955829157163,False
1638,0.49887063345634985,False
18,0.49878618568222677,False
3334,0.4987716371269669,False
772,0.4986859670779161,False
412,0.4986166428112213,False
1083,0.49861135683384794,False
8158,0.4986052243747284,False
2007,0.49844185141793723,False
585,0.49842641869672305,False
2179,0.49841813158032855,False
1886,0.4983575275048451,False
897,0.49832962101656936,False
11271,0.4983225931641869,False
9591,0.49823654164709635,False
7156,0.4982061163007969,False
2122,0.4981818090691666,False
110,0.49817760479084927,False
2484,0.4979895385110769,False
6138,0.4979456251469581,False
1286,0.497943239347662,False
10345,0.4978985001705079,False
3797,0.49772221517987414,False
3510,0.4976714164338767,False
2873,0.49752396664644205,False
2625,0.4974753270570416,False
7562,0.49740157503045324,False
6363,0.4973689397336853,False
6510,0.4973051519801223,False
11265,0.4973014965426191,False
859,0.49729774788637904,False
5256,0.49728487954977224,False
3839,0.4972792107588717,False
10152,0.4971360085343819,False
1114,0.49701264035901777,False
9673,0.4970104941549684,False
3665,0.4969636306630927,False
6688,0.49688149184260505,False
4078,0.4968609266723155,False
3143,0.4967679297236668,False
2862,0.49675295339154435,False
3096,0.4966709767128243,False
869,0.4965204604796917,False
2509,0.4963105195766041,False
4309,0.4962909546997534,False
4350,0.49627366049756033,False
1412,0.4961866981221197,False
1941,0.49607315286348574,False
1735,0.49598873406347976,False
315,0.4959801700673038,False
300,0.495941643385045,False
1004,0.4957446245830746,False
3715,0.4957068206866831,False
215,0.4956794652635518,False
3778,0.4956242289657421,False
4336,0.49561861751573927,False
8558,0.4955266812965385,False
506,0.49552036152871415,False
2097,0.4955128777601262,False
9472,0.49546537998969425,False
1721,0.4953955909787601,False
2522,0.4953828182000355,False
1909,0.495352250366659,False
2721,0.4952815747315468,False
2174,0.49519287009058327,False
4416,0.49503437364775277,False
1060,0.49493927007058847,False
3083,0.4949050036457176,False
3401,0.4948841667140016,False
294,0.4948672307059814,False
3562,0.494857252122167,False
270,0.4947545301263325,False
2817,0.4946593284715112,False
6706,0.49454813292774846,False
3883,0.49438613848315,False
609,0.4942331283434504,False
4538,0.4941983190114886,False
6924,0.49418850502549194,False
1603,0.4940905076638458,False
1511,0.4940753346137336,False
2962,0.4940730473700491,False
1919,0.4940343051218577,False
2658,0.4940026661868891,False
8085,0.4939243081570446,False
1868,0.49388867096400646,False
944,0.4938444427610107,False
1389,0.4936314814351275,False
3059,0.4936159022365667,False
494,0.4936046251162335,False
6792,0.4936007858040636,False
4240,0.4935947711264962,False
64,0.49350933404609393,False
748,0.4934999473119775,False
8784,0.4934876806482163,False
6866,0.4934417871104831,False
3444,0.4933880279460245,False
3679,0.493376631797189,False
2139,0.4932052196501464,False
1026,0.49315895599987264,False
2594,0.4931348359030628,False
2702,0.49312601470941947,False
969,0.49310766162743397,False
2480,0.4930605172637241,False
4484,0.4930158354396144,False
9897,0.49295421836521475,False
1398,0.4929504100522315,False
3404,0.49285504296140725,False
6075,0.4928037286185254,False
3760,0.492654151716428,False
4725,0.4925926367818773,False
6930,0.49252980559811854,False
358,0.4924599907013925,False
3735,0.4924199270116064,False
3861,0.49233653049393467,False
541,0.4923319558867048,False
2458,0.4923140074614885,False
572,0.49217836586461483,False
3664,0.4921667283726492,False
2057,0.4920384296757638,False
2811,0.4920091444948128,False
330,0.4919678741608968,False
1697,0.4918686508419465,False
5944,0.49182533000296463,False
1590,0.49172744331147483,False
1016,0.49171466367432504,False
2300,0.49167794928810543,False
4268,0.4915877117512723,False
784,0.4915540478599635,False
451,0.49149444437129103,False
7721,0.4914039440462705,False
9513,0.4912593537852566,False
10134,0.4911509463649127,False
2622,0.49102527809527335,False
1149,0.4909319839600473,False
4825,0.490874843110269,False
510,0.490826133622571,False
1272,0.4906323363647093,False
2576,0.49051892153024584,False
9494,0.4903232311388891,False
7926,0.4902543117710648,False
4082,0.4901980243194283,False
1498,0.4901561305196333,False
6289,0.4901252841715363,False
1780,0.4900395588493038,False
1267,0.4899391897152439,False
729,0.48992580894372506,False
10652,0.4898637791088608,False
1274,0.48983050799253763,False
1352,0.4896533310447056,False
1760,0.4896514275673048,False
2328,0.48951738784362564,False
3108,0.48936091259855385,False
3074,0.4893231464977085,False
623,0.4892385638914291,False
4158,0.48917923319505047,False
1297,0.4891351429886315,False
7240,0.4890724412033784,False
2707,0.4890603678641485,False
537,0.4889956017214646,False
10963,0.48893925782184666,False
2860,0.48887546091001066,False
3383,0.4888727725086912,False
4681,0.4888209798437074,False
624,0.4887928564909861,False
34,0.4887859397699682,False
1767,0.4887783086524038,False
3461,0.4887119574419584,False
782,0.4886060599583512,False
3185,0.4885867974813325,False
4768,0.4885288987970297,False
1581,0.4885132843307753,False
1591,0.48841222896804454,False
3311,0.488361399914626,False
9828,0.48811162939210423,False
3048,0.48810040789554815,False
5164,0.4879991651545026,False
1715,0.4879704766871625,False
11244,0.48796313773844346,False
3299,0.48790880057324215,False
1932,0.4878847412701276,False
3109,0.48787634987231354,False
285,0.48786200488736736,False
365,0.4877650997632366,False
1309,0.48767742247437706,False
573,0.48764983652491944,False
82,0.4875300428806867,False
3917,0.4875026263675809,False
4258,0.4874380723591007,False
856,0.4874070342938068,False
915,0.4873586118646514,False
3716,0.4873581177692564,False
90,0.48735230156562726,False
578,0.48734706998304217,False
5194,0.48732068960319885,False
3216,0.4872978368585879,False
2109,0.48708453432745824,False
3756,0.4870642380446251,False
3971,0.48705083119205983,False
164,0.48704498136041807,False
1184,0.48702287937085464,False
222,0.48698845903305416,False
2482,0.48689242103573316,False
2666,0.4868486291922005,False
103,0.4868236568087478,False
4269,0.4867881980526704,False
902,0.48677244708575507,False
2715,0.486713116842232,False
778,0.48657880893894856,False
5572,0.4865711078805078,False
3749,0.4864778744296905,False
4088,0.4861435561968903,False
2710,0.4861110922067723,False
3090,0.4860595196597501,False
2028,0.4860325531408493,False
1124,0.48600703729074024,False
1227,0.4859877950846032,False
10440,0.4859352755545083,False
1811,0.4859346743797134,False
243,0.48582306859045377,False
379,0.48580927262243095,False
140,0.485803980827342,False
3864,0.4857301671594738,False
2691,0.485680641309905,False
544,0.485635426485963,False
2445,0.48547003675905337,False
3366,0.4854035634493142,False
1399,0.4852823089765283,False
3276,0.4852279977716721,False
3010,0.48521160260079393,False
3450,0.4852038741207943,False
246,0.4851510723228278,False
882,0.485056237156764,False
5001,0.4850001527384144,False
596,0.48499538307090323,False
2831,0.484945549911924,False
3192,0.4849419074410742,False
3889,0.4849129906728991,False
717,0.48486293426439725,False
7844,0.4847486318673714,False
2966,0.48473748024026175,False
3052,0.48470036046031734,False
2773,0.48462823535718025,False
1050,0.4845026629049526,False
1580,0.48431969143395126,False
2515,0.4843088144373701,False
4190,0.48420235145187457,False
262,0.4841699079621489,False
1983,0.4840897835972063,False
2546,0.4840505259529341,False
1786,0.48401866668483706,False
7632,0.4840004086939403,False
4437,0.4837060890955901,False
1646,0.4836567581107567,False
2501,0.48361806576208216,False
776,0.48360014867386225,False
10018,0.48357599449169714,False
10493,0.4835728637917026,False
3403,0.4835400472996022,False
2040,0.48337159775207256,False
3151,0.48335312300334865,False
4753,0.4833190881554094,False
2777,0.4831345006117639,False
931,0.4831342288836698,False
4066,0.4831190550830058,False
9403,0.4830412797564888,False
5357,0.4830282912399377,False
3476,0.48296232059431315,False
2001,0.48294185043096655,False
6321,0.48290858396562647,False
2228,0.4827915749135909,False
1077,0.48277722099858467,False
885,0.4826141223122195,False
5991,0.48256127324254267,False
4143,0.48253527799174245,False
2934,0.482527508050484,False
1384,0.48252156398728013,False
2763,0.48245502885178787,False
1967,0.4824076198460344,False
2629,0.48228028451245186,False
1832,0.4822088857920857,False
3768,0.48216200346873617,False
1660,0.48201755875495883,False
3253,0.48197152246174385,False
102,0.48193186989902664,False
10297,0.4819292090223886,False
226,0.4819162228317606,False
1071,0.48188063226742445,False
1507,0.4818800519763125,False
2971,0.4818529350995649,False
9235,0.48180687640916253,False
4195,0.4817870239494027,False
1547,0.4817236880192042,False
2970,0.4816763578295721,False
11325,0.48159907703538857,False
3654,0.48158667034458014,False
3230,0.48152756159165383,False
773,0.4815156659540778,False
2791,0.48150090266025886,False
4159,0.48143827698233166,False
10215,0.48141067369669216,False
525,0.48137620390247227,False
2493,0.4813665598817398,False
7274,0.4813177103559599,False
6440,0.4813146216050728,False
704,0.4812750617050197,False
3637,0.4812333530877189,False
712,0.4812304077923408,False
1906,0.4812012681010319,False
1746,0.4811971726650313,False
253,0.4810043019190289,False
3686,0.48097684621543263,False
2201,0.48078709749733506,False
128,0.48073322858802775,False
697,0.4807018469580582,False
225,0.4806568820629206,False
1169,0.4806342713142393,False
1491,0.48062843388847065,False
476,0.48062784497765126,False
2993,0.48061632060369147,False
2039,0.48055900297851234,False
4626,0.4805104290127775,False
3942,0.48050487092977134,False
3743,0.480471525371792,False
10788,0.4804690140798895,False
2819,0.4804534540672679,False
3187,0.4803975476036228,False
2969,0.4803241998025702,False
2487,0.4802954050723068,False
86,0.4802666235502558,False
4204,0.4801939046161604,False
1805,0.4801133809238657,False
2130,0.48011309069926866,False
6064,0.4800692889361035,False
8038,0.48005977700513836,False
6358,0.4800577070271901,False
1518,0.47994205635154746,False
2638,0.4798403880995614,False
4534,0.479836397655787,False
2628,0.47981733693067047,False
11382,0.4798096159328199,False
33,0.479626974655937,False
501,0.4796179548258681,False
1902,0.4794694771053374,False
1437,0.4794088506086355,False
11327,0.47938413114495604,False
2021,0.47932496368283195,False
3329,0.4792791794674021,False
404,0.47924165739342606,False
6397,0.4792201903153486,False
1362,0.4792196809869161,False
1232,0.4791789502354925,False
2072,0.47917694361153307,False
4346,0.47916048868214556,False
9645,0.4790958988446639,False
2753,0.4790865897004856,False
2728,0.4790409855422599,False
3814,0.4790039938252769,False
9208,0.47897166477356584,False
3258,0.47892409354308746,False
1007,0.47884969208501577,False
1256,0.47872707765776096,False
277,0.47872251539804517,False
1033,0.478703181209477,False
3871,0.47862674324972615,False
733,0.47862113477765844,False
2111,0.47859174594572984,False
2635,0.4785729947612399,False
172,0.4784921680191702,False
4803,0.4784657559053152,False
1694,0.4784262757837567,False
2803,0.4783774424770983,False
4995,0.47827458707075077,False
3220,0.4782408880332426,False
8411,0.47810996722486376,False
3428,0.47805671317435533,False
303,0.4780538289773984,False
819,0.47804589175883394,False
279,0.47798868435296316,False
2125,0.47797061236359856,False
3200,0.47797041501082316,False
3127,0.47794866189088225,False
3907,0.4778921808153868,False
1363,0.47788910610830065,False
2241,0.47779962137877857,False
909,0.47779330181431784,False
685,0.4777816587429932,False
736,0.4777555958113012,False
2055,0.4776561439269806,False
8934,0.477655827948448,False
611,0.477598025257424,False
1348,0.4775975734295474,False
1960,0.4775508640644775,False
1809,0.477539226410582,False
399,0.4774944406350362,False
2246,0.47745851344096935,False
3683,0.47736650739729963,False
2929,0.4773635204131364,False
3128,0.47725218566418764,False
281,0.47714592211954165,False
3114,0.4771002021434714,False
851,0.47707349063695376,False
997,0.4769977487990463,False
16,0.476992474098267,False
2632,0.47691827914898133,False
1475,0.47686599873323043,False
3174,0.47685019839360265,False
245,0.47683574664477574,False
2807,0.4766246191597814,False
3496,0.4765473233952435,False
1698,0.4764925429067001,False
3608,0.4764816963213613,False
10884,0.47645921693816967,False
648,0.47643089882173095,False
5305,0.4764181707846149,False
3181,0.4764054529986461,False
1861,0.47639428246907806,False
3138,0.4763681936489123,False
10202,0.47631751386639987,False
938,0.47621621725612706,False
1910,0.4761618763949137,False
7636,0.4761558576181099,False
1127,0.47609747845146083,False
186,0.47606304844007946,False
4343,0.4758559894458463,False
2994,0.4758400977025788,False
9510,0.4757362016637785,False
5118,0.4756842293083687,False
427,0.4756647809119107,False
6512,0.47565618489263733,False
10710,0.4756482097656531,False
2216,0.47562917862000054,False
1461,0.4756056409347512,False
1720,0.4755944701493062,False
160,0.4755450333983112,False
1459,0.47545831830619767,False
625,0.4752628594150585,False
2447,0.47523563003338093,False
3771,0.4752138498214076,False
1145,0.4751939159728564,False
10436,0.4751445102676349,False
3124,0.4751084680515637,False
4332,0.47507608646755817,False
3225,0.4750402969246976,False
845,0.47502721418574373,False
1204,0.47501103950377005,False
10904,0.47497151513099317,False
4150,0.4749337622543661,False
11328,0.4749251772371263,False
2585,0.4749185997580648,False
4293,0.4748494370430114,False
1198,0.47483563142140295,False
2152,0.47483345376229236,False
1592,0.4747987241181683,False
4473,0.47475922402047255,False
2611,0.4747477095431342,False
8169,0.4747007444135935,False
4260,0.4746982948479194,False
757,0.47462026375687477,False
443,0.474586797139882,False
2304,0.4745700484921332,False
1535,0.4745612221551057,False
3222,0.47450375199225897,False
3214,0.4744550628791778,False
3888,0.4742985615164837,False
2852,0.4742960374813843,False
3690,0.47421004744209944,False
4105,0.4742049249063605,False
825,0.4741955531226749,False
8772,0.4741526127086674,False
122,0.47412521850745953,False
10478,0.4740175980364233,False
148,0.4740154917310674,False
6434,0.4740051710641576,False
696,0.4739801044935162,False
2481,0.473971182654612,False
3019,0.47395333364468095,False
620,0.47394956295272744,False
2716,0.4739443668757446,False
7765,0.473908879275874,False
3980,0.47387194055932796,False
149,0.4738375016351417,False
307,0.473759704099279,False
3782,0.47373931464390495,False
1898,0.47372389491254807,False
48,0.47360360357586007,False
4386,0.4735693760186372,False
2266,0.4735263303150924,False
2011,0.47347725137184354,False
5878,0.4734618319722477,False
2056,0.47344245461252554,False
2782,0.4734043605718429,False
1319,0.47338683126897385,False
947,0.4732980621530388,False
853,0.4732950687371183,False
1968,0.4732662301999429,False
1931,0.47326619762647915,False
553,0.4732507406829741,False
3017,0.4731746094377586,False
2435,0.47312572233491496,False
785,0.47308624934698873,False
2464,0.4730787805413343,False
1895,0.4729887143411176,False
3,0.47293887829144027,False
1431,0.4729145737032807,False
1189,0.4729094748119896,False
4140,0.4728863324310571,False
3042,0.4728350324214321,False
3597,0.47278572302724314,False
385,0.4727764656666974,False
2217,0.4727268345481981,False
11123,0.4726096014109858,False
3643,0.472601165148261,False
3823,0.4725909004774308,False
1011,0.4725831786348106,False
2842,0.472546123038003,False
1344,0.47237987923559865,False
3408,0.47230933533358466,False
1366,0.47228756157538215,False
3628,0.47227237977949554,False
967,0.4722092875762166,False
3813,0.4721922335388104,False
29,0.4721453364762017,False
286,0.4720237411875521,False
109,0.4720165168748105,False
1056,0.47198544070190335,False
1678,0.4719182897505244,False
41,0.4717596157055438,False
3221,0.47166652813455423,False
177,0.4716434069149605,False
3279,0.4716360609822952,False
395,0.4715974734752272,False
2156,0.47157927996820853,False
1181,0.4715720307047561,False
2977,0.47155505780416584,False
10807,0.4713714368034027,False
1150,0.47133432068233866,False
1254,0.4713072461770513,False
1614,0.47130595421679977,False
2872,0.4712746712799265,False
2867,0.47123107217615223,False
649,0.4711938590482985,False
950,0.4711413146734666,False
4650,0.47113389585361476,False
2541,0.47104435315567234,False
6686,0.47095855337497494,False
478,0.47094655744134545,False
1777,0.4708057637622359,False
3110,0.47075358214309093,False
308,0.470742882210283,False
928,0.47074124020402636,False
3333,0.4706354495649483,False
1281,0.4706164388186595,False
1200,0.4706020545787355,False
1304,0.4705317653488774,False
2378,0.4705028522864657,False
3490,0.47040837713195693,False
759,0.47040821051071613,False
3259,0.4703984130560497,False
1965,0.47034875721830144,False
3161,0.47029878034708184,False
3512,0.47027211092002325,False
3911,0.4702337797143917,False
6806,0.4702308244433238,False
2240,0.4702037596716437,False
7713,0.47019752350979926,False
223,0.4700654483793634,False
31,0.4700492379272537,False
677,0.4700340832480018,False
934,0.469973933201145,False
3472,0.46993663534626484,False
1636,0.46991778867694645,False
2361,0.4698473828393273,False
1012,0.46980271901862447,False
1171,0.4697727649911329,False
2195,0.469763933317979,False
3269,0.46968707725216857,False
1979,0.46964554742117814,False
1545,0.46962960924687575,False
3752,0.469623118341398,False
3223,0.46959997985531077,False
2647,0.4695803456790264,False
10320,0.4695761438232626,False
1136,0.46956891731350137,False
3825,0.46944500351413415,False
3455,0.46938697583538735,False
671,0.46934029412457984,False
232,0.46930589189946076,False
10148,0.4692838330630695,False
1103,0.4692767518556919,False
683,0.469271211429982,False
4090,0.469226692329042,False
3177,0.46922029664228954,False
2058,0.46921228993492836,False
2996,0.4691671005268596,False
3681,0.46912931247086437,False
1301,0.4691178771327352,False
3965,0.4690397347942243,False
10799,0.4689758963199478,False
2190,0.46895509413759967,False
2670,0.46891733523128026,False
1559,0.4688711949025568,False
195,0.46876934639731743,False
2590,0.46872352813405244,False
1508,0.4687060169391011,False
1804,0.46866432848043565,False
523,0.46865476081973134,False
459,0.4686110944913147,False
4659,0.4685945777638382,False
2697,0.46854578107087663,False
2641,0.4685449185603329,False
3556,0.46849440221487765,False
4349,0.468356083898805,False
5065,0.46835163610103636,False
8776,0.46821890161563023,False
4134,0.46813751136824283,False
361,0.4681013729945796,False
3850,0.4680364491873635,False
5541,0.46794780404438474,False
3410,0.46793012518764765,False
3270,0.4678988318194246,False
4383,0.4677620069062088,False
2783,0.46767974299791815,False
1478,0.46767167774511625,False
886,0.4676243127240792,False
8092,0.46757703431954234,False
1949,0.4675761926842105,False
3988,0.4674908324120836,False
3727,0.46743335596486496,False
1074,0.4674068226500717,False
3318,0.4673831796401192,False
3660,0.4673119778622791,False
3970,0.4673058728602966,False
11320,0.46726986956794314,False
6511,0.4671879092358378,False
425,0.4671870415547468,False
10001,0.4671522577836315,False
880,0.46714124734038875,False
2134,0.4671087053846662,False
477,0.4670919084560224,False
708,0.46703809965352616,False
1360,0.46703416707899753,False
5395,0.4670307793457646,False
2169,0.4669671443464452,False
904,0.4669084369288274,False
3330,0.46688407358687484,False
2998,0.46687669014031924,False
2827,0.4668551996931859,False
3466,0.4667773093743322,False
2068,0.4667676892501707,False
3847,0.4666997530921695,False
10220,0.46663324588049326,False
8268,0.4666165238758579,False
3449,0.46658387716515537,False
7180,0.46648235326957715,False
214,0.4664559369573525,False
1803,0.4663695578437268,False
6872,0.4663662904440305,False
5837,0.4663409740776568,False
3584,0.46632307257851197,False
1449,0.4663134152062221,False
2676,0.46626004783357156,False
2200,0.46625356689706854,False
10911,0.4662367672448538,False
555,0.46616328619615083,False
2535,0.46612612365157446,False
3567,0.4660466832990999,False
6927,0.465977569901166,False
6902,0.4659535516299692,False
1926,0.4659254065123686,False
104,0.4659100501542325,False
2766,0.4658870506120622,False
2082,0.46586052185894566,False
1023,0.46582466239073134,False
293,0.46581735432725097,False
1975,0.4658057162578041,False
1160,0.4657740716491409,False
2164,0.4657287852816521,False
3087,0.46559563714265223,False
1867,0.46543632307371907,False
2582,0.4654301404655302,False
486,0.46542851001458824,False
1328,0.4653920078134351,False
484,0.4653651027602033,False
1970,0.4652485843141104,False
3668,0.46517909015096376,False
3391,0.46515553772622137,False
11069,0.46511954584504644,False
3594,0.465088996468341,False
4052,0.46493620159900234,False
1987,0.4648984750112674,False
1264,0.4647631882472284,False
4994,0.464710477986719,False
1998,0.4646497001414995,False
1544,0.46459874790782507,False
622,0.4645766582604665,False
461,0.4645741557048453,False
9548,0.46455401409616426,False
2808,0.46448007900172933,False
2922,0.4644337445740937,False
3781,0.46436858291548677,False
3656,0.4643326524891292,False
3088,0.46425080771660987,False
65,0.4642354379295205,False
2029,0.4641340811641626,False
4329,0.4640967314644948,False
1567,0.46400242820235044,False
3209,0.46397510283114535,False
3941,0.46392030086127795,False
3346,0.46389592061219737,False
3344,0.4638703576323538,False
4009,0.4638295236198555,False
3513,0.4638144230467397,False
767,0.46375476193024606,False
621,0.463753690446436,False
3227,0.46373209754902084,False
5742,0.4636719274430185,False
2836,0.4636439013994943,False
2254,0.4635918022498731,False
5024,0.4635660390261261,False
4405,0.46356012753226133,False
3312,0.4635265554650745,False
58,0.46351423083134663,False
2574,0.4635126120908797,False
3925,0.4634160451432576,False
1532,0.46341111778071425,False
1626,0.4634048162101668,False
1776,0.46330527903393076,False
797,0.46323505416020544,False
3891,0.4632251170807565,False
665,0.46321481609346493,False
3921,0.4631841794387027,False
1863,0.46318148101848167,False
1166,0.4631726324958314,False
3147,0.4631263629858974,False
1241,0.4630904420007432,False
942,0.46299774023165663,False
10774,0.46290124660059107,False
978,0.4628191324632106,False
4729,0.462811733372058,False
3550,0.4627909842654205,False
10019,0.4627777210164713,False
1250,0.46276120177133034,False
7449,0.462738018539962,False
2372,0.4626929122522969,False
436,0.4626775434991186,False
351,0.46261913166653984,False
815,0.4625536694232517,False
1984,0.4625402235065799,False
1375,0.4625050326388952,False
6425,0.4624969733133363,False
4286,0.4624899467354706,False
2540,0.46245019482603134,False
230,0.4624137724151192,False
1133,0.46227144471918385,False
4033,0.4622573734858475,False
360,0.46224277562592275,False
3361,0.46221567705485916,False
3445,0.46216157131747837,False
4264,0.46207521484728625,False
3389,0.4620428757155184,False
817,0.4620337803293692,False
371,0.46202540359632993,False
3089,0.4619857747390569,False
2087,0.46198276545636,False
344,0.4619756423848497,False
981,0.4619472055059241,False
2268,0.4619456801543221,False
2839,0.46194004258789,False
1713,0.4618779756380677,False
3137,0.46185015332948254,False
2732,0.46182704632400484,False
1440,0.4618156994386059,False
2951,0.4617982133297938,False
1835,0.46176615798429016,False
362,0.46172955884670136,False
1693,0.46169616792534185,False
11065,0.46168854121814856,False
4948,0.4615873559185385,False
257,0.4615444031431444,False
2450,0.4615141297962003,False
3554,0.4614852369828679,False
2930,0.46146946103917225,False
3833,0.46145417865195076,False
2345,0.46142770767563407,False
991,0.4613657711028931,False
1701,0.461354457621366,False
5984,0.4613052288886461,False
11135,0.46130319083431487,False
1929,0.4612662481363748,False
3001,0.46119912676055946,False
2093,0.4611927639389825,False
3766,0.46113661480973156,False
1326,0.4611158006751151,False
9493,0.4611024894804544,False
1101,0.4610905360455535,False
8972,0.46107129009170866,False
1794,0.461039188485797,False
5692,0.4610308110294326,False
2018,0.46100579809449616,False
3213,0.4610048798061548,False
8639,0.46100460850544805,False
3689,0.4609554076248825,False
1392,0.46094937260164026,False
4852,0.46090393123099727,False
1147,0.4608753629009215,False
651,0.4608567963446734,False
3277,0.46080776858090833,False
240,0.46078172049465876,False
1634,0.46075117563867685,False
3375,0.46073824171867234,False
3671,0.4607131816057395,False
543,0.4607043927458471,False
7559,0.4605732255768757,False
5472,0.4605271870941604,False
2705,0.4605202952384481,False
3434,0.4604519860523492,False
5181,0.4603161390831898,False
1010,0.4603031462048587,False
1152,0.460223230608287,False
1885,0.4602155582543848,False
4475,0.4602123082774454,False
4355,0.4600325491107144,False
2295,0.45999489121068904,False
3876,0.45998746425090475,False
1100,0.4599577697820662,False
1963,0.4599453598052309,False
3858,0.45980603883316995,False
813,0.45979352604461,False
2073,0.4597685066877953,False
255,0.45976398514121675,False
3324,0.4595842624125929,False
8645,0.4595725942739393,False
3012,0.459562146812772,False
1316,0.4595487201579146,False
2701,0.45948323056413815,False
2953,0.45946941638046584,False
2592,0.45946177090355367,False
422,0.4593917585776329,False
1396,0.45935737069794885,False
1291,0.45928313523046127,False
1279,0.4592077121126863,False
9433,0.4592022463340958,False
10630,0.4591967325000885,False
2172,0.45915913708702555,False
774,0.45914111531643204,False
2542,0.45909478472571097,False
2413,0.459079877922832,False
2466,0.45907824238256173,False
1179,0.45906165587895637,False
1905,0.4589634469592887,False
1231,0.45894058995657705,False
2032,0.45892926795434924,False
3612,0.45881937844710663,False
388,0.45876725151456116,False
1258,0.4587026202953133,False
61,0.45868589828551326,False
1684,0.458685258822128,False
2544,0.45865383531828574,False
2473,0.45864968810748874,False
3537,0.45862248078768214,False
4171,0.45860970581791355,False
1385,0.45858628303892085,False
1502,0.4585805132456268,False
1482,0.4585616818899816,False
2427,0.4585034792611319,False
1263,0.4583621132877308,False
2767,0.4583456111275231,False
639,0.45830600912361136,False
364,0.4582909843660132,False
1999,0.45828422530989793,False
4225,0.4582579850475146,False
1601,0.45824646337256675,False
2222,0.45824177301274294,False
1880,0.4582317872960869,False
6097,0.4582165065071355,False
2665,0.45811212550420966,False
2265,0.45809412872618266,False
2864,0.4580776738018614,False
151,0.4580749299153014,False
2865,0.4579538393464549,False
1857,0.4579148487183991,False
2781,0.45782897190431204,False
2648,0.45782179412752677,False
1174,0.4578133918124145,False
2123,0.457809349605352,False
4283,0.4577918494626149,False
673,0.45766886699648746,False
2506,0.45766535909323053,False
142,0.4576409640130098,False
3708,0.4576284183172181,False
2441,0.4574741123160045,False
1331,0.4574261907819246,False
2795,0.45741736321802495,False
1151,0.4574110329419831,False
606,0.45735180180573326,False
1259,0.45734664466394165,False
3746,0.45732772539151584,False
1292,0.45726004291793754,False
2428,0.4572095405074323,False
1870,0.45719621776487257,False
2587,0.45718731669602425,False
3342,0.45718275397189206,False
98,0.4570820062414422,False
1914,0.45706890882163304,False
3622,0.4570372228675721,False
829,0.4569865984216051,False
2054,0.45696919778810186,False
3728,0.4569206232241862,False
1185,0.4567776010947832,False
273,0.45676050840527777,False
340,0.4567496926416604,False
263,0.4566863426669776,False
1445,0.4566661613505231,False
7523,0.45666085535016987,False
1522,0.45661967079714977,False
1115,0.45661166514920076,False
168,0.45657781069275666,False
2237,0.4565347299629762,False
2884,0.4564750021271867,False
1108,0.4564557991639368,False
588,0.4564481850486013,False
945,0.45640613596155344,False
3164,0.456376471093303,False
2745,0.45635559856098523,False
3107,0.4563206239642421,False
2810,0.45629172377908755,False
2510,0.45627945509922163,False
2709,0.4562075961806414,False
3672,0.45618551996336404,False
3896,0.456145855373739,False
1992,0.45609146932710043,False
2133,0.45599416825816086,False
5385,0.4559876773296772,False
2067,0.45598428252251066,False
2686,0.45597065682943544,False
540,0.4559177900073753,False
3217,0.4558910713651784,False
123,0.45587472083111996,False
3396,0.45586989583327664,False
1894,0.4558687817982709,False
2949,0.45584966385856396,False
1120,0.4558392798933859,False
309,0.45580905290933793,False
3589,0.45580211546167665,False
3265,0.4557812179056347,False
5774,0.45575801844718966,False
1417,0.4557479608489013,False
1648,0.45572785520398995,False
2379,0.4557143562832932,False
1197,0.4556811427269399,False
1388,0.45565098588598724,False
1874,0.455633908769837,False
3990,0.4555966068410048,False
3119,0.4555961455600677,False
322,0.45557019891440903,False
2904,0.4555344733643754,False
612,0.45545492695679246,False
190,0.45540639680324435,False
962,0.45539955535243987,False
1896,0.4553990633610296,False
3323,0.4553481218455792,False
548,0.4552818830626314,False
3501,0.4552710202062511,False
1903,0.455230585701546,False
2642,0.45522953395055593,False
334,0.45517275993958206,False
3395,0.4551659554625743,False
1625,0.45511615465847544,False
554,0.455106478904943,False
2606,0.45508803645489837,False
1332,0.45507094529787345,False
3573,0.4550705201174205,False
5269,0.4550007450035814,False
3950,0.4549687820103317,False
1814,0.4549247194252444,False
1552,0.4548899975691223,False
7176,0.454871437409213,False
1675,0.4548614229872112,False
150,0.454836444070721,False
3272,0.45480251815692935,False
408,0.45472527014811365,False
13,0.45465260199315544,False
1379,0.4546200614555374,False
1490,0.45455888307205694,False
3723,0.4545236321293561,False
7542,0.4544777915408433,False
3722,0.45445856050997624,False
8505,0.45445732568306607,False
11096,0.4544362872339127,False
3780,0.4543839973112485,False
1051,0.45438361164717156,False
428,0.4541999381574846,False
452,0.45418309184824873,False
2106,0.4541431122510389,False
4296,0.4541415284769873,False
3636,0.4541374705320658,False
5650,0.4541259401488086,False
115,0.4540840005463285,False
1112,0.45407559323135327,False
5358,0.4540467712296431,False
1729,0.4540434677146684,False
3489,0.45403571448478436,False
1320,0.45403067976388345,False
3933,0.45401232937249664,False
1654,0.45400097949915413,False
2936,0.45397156334660765,False
1411,0.4539415353684182,False
3806,0.45385222607749826,False
562,0.4538305262750039,False
3529,0.45381806486296383,False
3477,0.4537872761140362,False
1541,0.45376718719293047,False
2079,0.4537195491848645,False
4173,0.45364805326475,False
4576,0.45361698476164175,False
1447,0.4535787768407869,False
686,0.4535703924402959,False
3765,0.4535237228944362,False
304,0.4534870579620448,False
1208,0.4533934850534875,False
3297,0.4533167045496137,False
874,0.45326050295996917,False
2840,0.4532466073915813,False
83,0.4531994861599944,False
2092,0.4531959357987998,False
1270,0.45316896847813665,False
1438,0.453015638994637,False
3598,0.45288982887259455,False
3755,0.4528403808221488,False
3465,0.4528384575081629,False
1879,0.45274090557090296,False
2823,0.45263645916914863,False
4273,0.45258774347955644,False
840,0.45256388549816623,False
3381,0.4524664949924623,False
1406,0.4524429207795867,False
644,0.4524119048128358,False
2343,0.4523765223736149,False
1830,0.4523736634789788,False
701,0.4523646181066625,False
8,0.45236227604133633,False
1486,0.4523236211606306,False
12,0.45226545528243894,False
208,0.45225108719552753,False
3957,0.4522119639655066,False
8114,0.45220711738983144,False
3981,0.45218383617778407,False
2399,0.4521792450983784,False
1561,0.4521481435478835,False
473,0.45214495436293595,False
709,0.45214354552971375,False
1487,0.4521393508075382,False
595,0.4521112459394152,False
6061,0.4520937151154019,False
468,0.4520270630308318,False
7618,0.4520246805357281,False
2854,0.45199964956702116,False
2607,0.4519958822316281,False
237,0.45196668833110737,False
391,0.4519640989246965,False
7262,0.4519638223703244,False
551,0.45193800282853924,False
2500,0.4519339679948318,False
3600,0.451906973094366,False
8713,0.45179215125735983,False
370,0.45178559683859215,False
3167,0.45177333566197175,False
3440,0.4517593239938399,False
3960,0.4517240202007602,False
3371,0.4517161598630809,False
1165,0.4517031422885202,False
4347,0.4516724309433826,False
9484,0.4516667058408942,False
2504,0.4516636803088326,False
1372,0.45162307542958596,False
374,0.4516121229027613,False
1954,0.45160270437088795,False
4352,0.451536869417995,False
741,0.4515102225028921,False
2009,0.4515088164731196,False
3158,0.4514873051691036,False
4493,0.45148391210139244,False
207,0.4514268810983224,False
3905,0.451424669241219,False
2150,0.45130202931201163,False
1186,0.4512922477362673,False
116,0.4512373138794292,False
3105,0.4512290109204608,False
3844,0.451190669936878,False
475,0.45117714019199245,False
5263,0.45115396272527425,False
112,0.4511248641676298,False
906,0.45107206786667564,False
3972,0.45105725322720985,False
2889,0.4510464628378392,False
2041,0.45101135992167324,False
3586,0.45099180998926336,False
2317,0.45094399844495986,False
992,0.45089537089091053,False
2369,0.4508399738493924,False
3632,0.4507852517890269,False
690,0.45073919459891115,False
3552,0.45073578140708576,False
7828,0.45069475477502824,False
2063,0.450686706757748,False
2511,0.4506611184921889,False
1085,0.45066107374467884,False
9024,0.45064312327913286,False
3497,0.4505955999070872,False
2475,0.4505859620602863,False
3086,0.4505826078485403,False
2850,0.450535292680284,False
1662,0.45051383538529466,False
3923,0.45050586915015145,False
2771,0.45049896006852136,False
10728,0.45048957665439376,False
280,0.4504135747633736,False
333,0.4503837827749008,False
632,0.4503812724953254,False
2879,0.45037628899998333,False
2974,0.4503178080595473,False
3799,0.4502423903064405,False
2454,0.450173960644429,False
3791,0.4501395472603305,False
1872,0.45004660964186344,False
2681,0.45001444817938224,False
449,0.449997649267188,False
2613,0.44999406990222585,False
1667,0.4499699178883389,False
1774,0.4499527519066516,False
2944,0.4499069482724725,False
1551,0.4498885328132985,False
1526,0.44988353685897087,False
1123,0.4498765411666,False
1225,0.44984831291396593,False
158,0.4498435354246477,False
2503,0.44975215305548166,False
2703,0.4497198738912406,False
1555,0.4497066317357006,False
2554,0.44967490928643095,False
3056,0.4496718209884058,False
1732,0.449656430341755,False
1743,0.4496516649998166,False
1560,0.4496352880621157,False
2908,0.44962527285224935,False
328,0.4495716708548781,False
4092,0.4495711699893885,False
653,0.44955849595977726,False
3307,0.44955519381036846,False
1656,0.4495442700881068,False
5912,0.44949770465863237,False
2841,0.44945733892807777,False
2770,0.4494383522319608,False
3433,0.4494292623500472,False
8688,0.4494042865349445,False
977,0.4493468725636241,False
231,0.4493044859061538,False
433,0.4492566224932728,False
9,0.4492496212867996,False
2677,0.4491221056512763,False
9242,0.44905841030629606,False
1324,0.4490445743562314,False
7565,0.44904425568552453,False
398,0.44904407550799924,False
3168,0.4490080042151721,False
5628,0.4489236057339539,False
3657,0.44891330896786763,False
1838,0.44890851729337633,False
1052,0.4489020480891068,False
626,0.448872910910861,False
1252,0.4488584813257682,False
1063,0.4488132502763565,False
2192,0.44878382761490054,False
1048,0.44877961551066187,False
107,0.44876914228264325,False
2488,0.44874293211577554,False
1367,0.44870914581898164,False
2221,0.448705317757567,False
3789,0.4487021559754388,False
51,0.4486989233385338,False
1585,0.44869754603666395,False
4467,0.4486261010597493,False
1269,0.448615161060618,False
9179,0.4486086443991115,False
1055,0.44853892866283857,False
3503,0.44848045623795774,False
3551,0.4483677257767689,False
2453,0.4483541659139964,False
5483,0.4482112420114669,False
2882,0.4481719040470469,False
1806,0.4481567608064628,False
3687,0.4481207900797038,False
125,0.44811198699271837,False
5546,0.44808073136287946,False
2916,0.44802028307084385,False
2845,0.4480152101158801,False
1731,0.4479987131502174,False
3210,0.44799645033854374,False
401,0.4479450325400099,False
6699,0.4479391371400398,False
3770,0.44790798260107184,False
3201,0.4478737252140949,False
575,0.4478233474074046,False
2385,0.4477309298051295,False
3122,0.44767529925353755,False
5317,0.447635510125956,False
3020,0.44762185025294676,False
3624,0.4476064942416284,False
1882,0.44752809527291204,False
3662,0.4474902529365952,False
497,0.44748525772014197,False
11027,0.4474826652308873,False
2467,0.44734916629636606,False
6738,0.44734636028592073,False
1192,0.44733300291054146,False
185,0.44729492909954244,False
2714,0.447250844128349,False
2556,0.4472445750520085,False
2940,0.4472043630178945,False
1519,0.4470410139922118,False
2064,0.44692177502019365,False
2708,0.4469030448010668,False
2470,0.4468856837958911,False
3631,0.44687755041747196,False
1924,0.4468288341885125,False
2452,0.4468097359513642,False
4263,0.44676639347367497,False
3750,0.44672301846312074,False
178,0.4466897520810604,False
1073,0.4466721997059224,False
893,0.44664392806121667,False
9424,0.4465917378712624,False
7890,0.44658954232635595,False
301,0.44658911021777575,False
3076,0.4465600282507973,False
1911,0.44654325908777276,False
3775,0.4464897485247507,False
2712,0.4464657885892695,False
3286,0.44644443545327,False
509,0.44639292187928326,False
4471,0.44636130027899734,False
3267,0.44634169202581736,False
2165,0.4463408042434725,False
1606,0.4463404525266525,False
4589,0.44630606081347834,False
1499,0.4462600591437817,False
1164,0.44620485775949975,False
43,0.44618094930039975,False
2695,0.4461793569499986,False
1652,0.4461535741467103,False
2075,0.44605007586627615,False
7,0.44603299385384,False
2138,0.4460158808472802,False
1688,0.44596941625255776,False
2436,0.4459662658912898,False
2832,0.44595619291877786,False
3218,0.4459395413079816,False
3141,0.4459388058323358,False
1759,0.4458954372853663,False
949,0.44585748661322216,False
2742,0.4458420562794411,False
282,0.4458072277457208,False
3776,0.4457697117741411,False
129,0.4457125320404322,False
2422,0.4456819872886653,False
446,0.4456797881914433,False
1816,0.4456790073718435,False
3832,0.44567355966530264,False
1377,0.4456687453183529,False
3720,0.4456668871228932,False
2344,0.4456401855914629,False
2456,0.44562773595223365,False
1788,0.44555390487885543,False
489,0.4455386075082143,False
9677,0.44552668046947863,False
1944,0.4455044006180816,False
3069,0.4454965654012801,False
3393,0.4454737511799722,False
1623,0.4454276719860522,False
3836,0.4454266247836896,False
2759,0.4454119967414851,False
165,0.4453855704164379,False
939,0.44533715474299707,False
3249,0.44532848566795297,False
974,0.44529201385147543,False
2197,0.44526719816071053,False
1137,0.44526523011620406,False
911,0.44521110685937654,False
2514,0.4451784875295143,False
1540,0.4451371479108752,False
292,0.4451316262241461,False
1657,0.4450868389985704,False
2404,0.4450806940426659,False
9631,0.4450764316473496,False
3021,0.4450562217429159,False
1951,0.4450161860247743,False
546,0.4450048934136621,False
900,0.4449857532928453,False
2184,0.4449695067570098,False
2903,0.44496446107928384,False
619,0.4449455825038274,False
2843,0.4449370675708935,False
2627,0.4449357222112825,False
3399,0.44488073602891287,False
2330,0.44487925861400157,False
1536,0.4448328137535868,False
2990,0.44482280442937844,False
1446,0.44477946943167734,False
2568,0.4447780631102091,False
823,0.4447695619654135,False
1350,0.4447665862129301,False
2888,0.44475743697246656,False
1829,0.44475498003822667,False
4981,0.444736168457758,False
3197,0.44473389402303487,False
2053,0.44472939232565417,False
3968,0.4446799731214904,False
2362,0.4446771612258098,False
2726,0.44465363507322886,False
1361,0.4446187284814941,False
2059,0.4445372421467608,False
1220,0.4445035175322375,False
2878,0.44447200480209126,False
1514,0.4444571629703204,False
3748,0.4444326903284029,False
669,0.4444208998470434,False
3726,0.44430800473182336,False
3605,0.4442228889881863,False
2790,0.44417293359842297,False
2764,0.44415674785156245,False
3036,0.4441424091625764,False
3915,0.444134045879084,False
2736,0.44411143206310577,False
1663,0.44410807798091284,False
1325,0.4440943284862168,False
2816,0.4440884076122624,False
533,0.4440584603651988,False
576,0.44404523220338527,False
618,0.44399794768658457,False
2213,0.4439862754455815,False
3486,0.44397126806412945,False
3264,0.4439398580405367,False
2459,0.44392989267289595,False
1727,0.4439276552016343,False
4537,0.44391506423980365,False
1607,0.4438963712675352,False
781,0.4438930813856802,False
4478,0.44385709592614075,False
1940,0.44384094774644567,False
771,0.44377029416213654,False
2479,0.44375412940042586,False
1058,0.44375122232885555,False
3811,0.4437395016223514,False
1080,0.44366387037272037,False
3897,0.44365460844875754,False
3578,0.4435908859816785,False
84,0.4435752421552239,False
1548,0.4435404474966713,False
2789,0.4435390681103648,False
3406,0.4435375730015082,False
3874,0.44351501856657516,False
4093,0.44351414801305655,False
3195,0.4435008483996665,False
4071,0.4434627828865029,False
3011,0.44345635376724873,False
1381,0.44343511952091913,False
1455,0.443424329097302,False
2370,0.44334880856121994,False
2019,0.4433373696106176,False
2269,0.443315838139059,False
3543,0.44329427109171027,False
4458,0.44325979611195865,False
2319,0.4432366541172134,False
966,0.44319293959319866,False
1733,0.44310168940848893,False
964,0.44307948948721454,False
987,0.4429994611232926,False
2581,0.44287635011570525,False
1847,0.4428761419851458,False
329,0.44285990377081885,False
3777,0.4428163673211202,False
2656,0.44281599601993116,False
2689,0.44278581723826105,False
2332,0.4427345389440985,False
1565,0.44268389110333645,False
877,0.44268128063584966,False
3703,0.44260715516294086,False
316,0.44257376377892244,False
2334,0.4425289400621499,False
641,0.4424885457208234,False
2776,0.4424667049815697,False
2549,0.4424440059988849,False
392,0.44243002495235917,False
1802,0.4424282904006163,False
2226,0.4423986347334512,False
643,0.4423482135625649,False
2911,0.44231539753037646,False
1928,0.44231503847695314,False
1797,0.4423087038575538,False
1287,0.4422424537640757,False
3233,0.4422209319656911,False
2440,0.44215409394376665,False
1397,0.44214737511916097,False
2653,0.44205395890451227,False
440,0.4420495169555412,False
1251,0.44201119797481403,False
5767,0.4419693364899203,False
530,0.4419608536560328,False
99,0.44191333183095705,False
3252,0.4418809146400075,False
3721,0.44187718843193036,False
528,0.441874023204901,False
2147,0.44182234559747213,False
367,0.44178370130038097,False
3878,0.4417826888378901,False
2757,0.44178079931614384,False
1069,0.44165168911342917,False
2252,0.441603684780875,False
1423,0.4415646435665859,False
2652,0.44154352908389394,False
1116,0.4415278280578047,False
910,0.4415187108779569,False
3495,0.44149564766003185,False
3372,0.4414714613952854,False
1474,0.4414153083816347,False
2517,0.44141115013662735,False
2461,0.4413756775011186,False
3204,0.4413637626297518,False
2292,0.4413068136918651,False
1795,0.4412886622809289,False
1599,0.4412551728189898,False
1822,0.44118608485737665,False
2667,0.44111663420650865,False
1586,0.44109327550993405,False
1410,0.4410680925755103,False
3938,0.44105166128767154,False
1040,0.44102678033262327,False
1821,0.44083851709549543,False
1784,0.44081304539863725,False
3238,0.4408050536812351,False
2071,0.44077704602426165,False
120,0.44076367847557085,False
3944,0.440733711560727,False
3954,0.4407123735357626,False
2853,0.4407115147878861,False
2460,0.440697610045327,False
3251,0.4406864169400699,False
3055,0.44067294426384684,False
2010,0.4406627530005584,False
1681,0.4406344057928183,False
2016,0.44062415434012875,False
1210,0.44055111742733233,False
1020,0.44053319603216207,False
857,0.440457305571101,False
3931,0.4403918441420601,False
3534,0.4403917201714797,False
4109,0.4403328499679952,False
522,0.4403117879165475,False
2964,0.44030960407780934,False
463,0.44024885831301297,False
3013,0.4402325034572671,False
3140,0.4402261091232866,False
1277,0.4402146378894849,False
10762,0.4402052826236745,False
3992,0.4401916059864958,False
865,0.4400803803652355,False
1424,0.4400491963251289,False
1553,0.43998996091618464,False
731,0.4399772389078355,False
1323,0.43997535667495086,False
2204,0.4399596738634491,False
2920,0.43994986534537545,False
2267,0.43992141007162555,False
850,0.4398933556586225,False
2423,0.43980157367581973,False
393,0.43975466980208394,False
4368,0.4397436341024757,False
2602,0.43968008173107764,False
511,0.43967371926597765,False
2584,0.43964831082475064,False
1537,0.4396251054036981,False
2298,0.4395965873315489,False
678,0.43958082655231906,False
1692,0.43948630271624284,False
3196,0.4394632052830133,False
1183,0.43945335373415123,False
647,0.43945129929543747,False
627,0.43941971321881435,False
2431,0.4394019142706887,False
11054,0.43932813357675726,False
549,0.4392853629318918,False
4069,0.43927288794321256,False
970,0.4392724863853525,False
3579,0.4392674886285296,False
1031,0.43925098585726047,False
6495,0.4392341654829866,False
3884,0.4392062374092656,False
2505,0.43915970429736745,False
3903,0.4391359049322198,False
1687,0.4390779553659745,False
1086,0.43906333399107067,False
256,0.4390577376515233,False
2287,0.43902581232743937,False
3527,0.4390143902810141,False
2793,0.43901299840897223,False
3669,0.4389825256549395,False
721,0.43898250862207294,False
3857,0.43894364405877,False
2578,0.4389334789712206,False
206,0.4389219275517336,False
4119,0.43891782609535074,False
3026,0.4388956137665499,False
3417,0.4388752524085428,False
2136,0.4387882078014176,False
2565,0.43878761502770686,False
297,0.43877743255518165,False
152,0.43873967797583613,False
2547,0.4386996038912958,False
1734,0.43868875861269024,False
1976,0.43866263273627865,False
2552,0.43866028096542686,False
1752,0.43859027162301756,False
4254,0.4385617554672836,False
2004,0.4385602779775996,False
3484,0.4385564540486461,False
1349,0.43855204237885154,False
1450,0.43852315665444846,False
852,0.4385090169852739,False
411,0.4385071945136055,False
3539,0.4385018170157405,False
1182,0.43849390290810253,False
1177,0.43847239388274367,False
3815,0.43842763222887565,False
4047,0.4384040451053045,False
1135,0.43839534935352437,False
3837,0.438336362895896,False
2022,0.43827199038486003,False
2896,0.4381377024590227,False
599,0.43811248946664333,False
3633,0.4380775195706832,False
2752,0.43805827490181243,False
836,0.4380505264101076,False
2286,0.4380332650744103,False
1158,0.4380306158289096,False
1483,0.438012766161181,False
1516,0.43795492522699775,False
2516,0.4379505732170906,False
3431,0.4379450784640517,False
3262,0.437927851471344,False
586,0.4379199751786609,False
3067,0.43791505427336763,False
1311,0.43790014475296374,False
3328,0.43783379427646696,False
3560,0.437821284472596,False
2414,0.4377875420657718,False
1997,0.4377799734694173,False
2095,0.437774894591021,False
1696,0.4376957230869957,False
3331,0.43768523945414994,False
2036,0.4376820716582216,False
716,0.4375419858341474,False
2788,0.43748794378187283,False
2476,0.437480147555621,False
3946,0.43746781263368123,False
470,0.43746092050594904,False
3309,0.4374466784749487,False
2954,0.43744624103577845,False
124,0.43738188134610023,False
234,0.4373201403231753,False
2899,0.4373015728589785,False
1770,0.4372779587857047,False
3908,0.43727237465904356,False
45,0.4372634942595097,False
1764,0.4372477649794161,False
1217,0.43723673177375566,False
1439,0.43702940717171873,False
159,0.4370177731040898,False
1761,0.4370012149414874,False
2411,0.4369930963918483,False
3243,0.43697498336590923,False
3663,0.4369742374721111,False
839,0.4369731211690093,False
710,0.4369619018134486,False
1500,0.43695853117860084,False
660,0.4369388884238551,False
1736,0.4369157975576588,False
577,0.43688566637113413,False
765,0.4368771901435127,False
219,0.43687108882819076,False
680,0.43684364087141486,False
3828,0.43682350022561733,False
2980,0.43680694909732326,False
493,0.4367924333442739,False
1373,0.43670686799447744,False
1477,0.4365973127196922,False
2285,0.43659329094622296,False
3821,0.43658791240496975,False
2913,0.43654492156940133,False
806,0.4365443044970973,False
847,0.43654391526889647,False
356,0.4364528297327653,False
1506,0.4364402680221967,False
4161,0.43639365699005556,False
3359,0.4363594896086067,False
323,0.4363371125440292,False
2902,0.4363194128169947,False
3851,0.4363105393723219,False
1335,0.4362239820540782,False
1542,0.43619339075865543,False
3432,0.4361770869691036,False
2429,0.4361354838002598,False
1947,0.43612936486583564,False
1159,0.4361138783735445,False
3638,0.4360885397675636,False
1081,0.4360813566504752,False
3936,0.43607490089633005,False
1035,0.4360667553694615,False
126,0.43605504318403504,False
2448,0.43603115194915554,False
2299,0.43597687899514115,False
1679,0.43596521707183433,False
1249,0.4359466185955452,False
1452,0.43593857127997276,False
1798,0.4359084877020763,False
4245,0.4358778671588708,False
3894,0.43587476688080334,False
2851,0.4358745002064613,False
2973,0.43586394530032946,False
3899,0.43580450722530983,False
2224,0.4357880991802015,False
828,0.43568391177299814,False
3071,0.4356767372462573,False
1195,0.43566576914578214,False
535,0.43566461471634527,False
181,0.4356317565504217,False
3023,0.43561366750321867,False
2270,0.4356087670521889,False
2907,0.4355763177291187,False
2400,0.4355420013914652,False
3082,0.4354804859985564,False
3569,0.4354404140574416,False
2076,0.4353511132131582,False
460,0.43531949614325294,False
1848,0.43530158133559604,False
3729,0.4352882147512242,False
2780,0.4352724862889989,False
1719,0.435244155139571,False
1892,0.43522432905913955,False
1236,0.4351620947996907,False
1952,0.4351603257085782,False
2999,0.4351269332054968,False
1711,0.43511771841397084,False
278,0.43505483839792436,False
2326,0.4350353367671573,False
3956,0.4349887662870257,False
162,0.43495244397929445,False
3321,0.4349488346009601,False
1904,0.43492785163316855,False
1092,0.43492431137702875,False
3350,0.43488964190211665,False
3024,0.43487414618858294,False
2680,0.4348551977814682,False
4526,0.434846334620876,False
1121,0.4348013561571079,False
1340,0.4347750987436886,False
2684,0.43469088719602095,False
1837,0.4346444946607819,False
1421,0.43457419005613973,False
3767,0.4345712528902503,False
383,0.43455805754918647,False
917,0.43448861769195074,False
1253,0.43445474452190647,False
2829,0.43442809087133155,False
2398,0.43442659038414005,False
1467,0.43435755323788716,False
827,0.4343328861698203,False
1528,0.4343046936223289,False
1543,0.4342042657797124,False
3805,0.4342038393242535,False
804,0.4341043936353348,False
2863,0.4340601369945459,False
3116,0.43404365965012903,False
3045,0.4340188226686879,False
3075,0.4339885968875643,False
1758,0.4339884896922643,False
1280,0.4339593649597808,False
2797,0.4339168907340927,False
1674,0.4338251707860401,False
1493,0.4338042599939089,False
469,0.43376997265356604,False
3145,0.4337676341273231,False
2084,0.4337105912436164,False
2640,0.4336776243719781,False
990,0.43367062353741875,False
2713,0.4336421726395821,False
156,0.43361477023582107,False
2199,0.43353441879451243,False
1665,0.4335342855280879,False
63,0.4335333883305341,False
876,0.43348728846085754,False
1419,0.4334717504109773,False
2760,0.43340499622212625,False
3405,0.433374666772718,False
3172,0.4333746587448912,False
750,0.4332365679444066,False
431,0.43323321456531855,False
3620,0.43323034852931935,False
2354,0.43320264273868336,False
2310,0.43317599465482126,False
598,0.43314037669792244,False
908,0.43311757277271706,False
985,0.433112040677878,False
1985,0.43307440533546504,False
69,0.433041350931273,False
1807,0.43299082597833055,False
519,0.43294146166925807,False
1327,0.4328999659524146,False
2341,0.43287053250486734,False
2118,0.43285107374446996,False
871,0.4328188517332019,False
1689,0.4328109448083959,False
3282,0.4327387380672913,False
2309,0.43273018692792947,False
3566,0.4327222667948989,False
2558,0.43264066802818185,False
1529,0.43263951100913695,False
3732,0.43261393712284896,False
3385,0.4326004216329872,False
1611,0.43259795439972093,False
313,0.4325738742591068,False
73,0.43255805105642753,False
1655,0.43253362379781607,False
3077,0.4325164486382832,False
879,0.4325125107223402,False
3378,0.4325078361512517,False
2158,0.43247162277536916,False
1658,0.43243305382533614,False
3582,0.4324277517143243,False
3132,0.43242760281039566,False
2250,0.4324169773452646,False
3160,0.43232999767220687,False
4385,0.4323290424195724,False
526,0.43230597295070733,False
154,0.4322213925009668,False
1576,0.4321693239411777,False
1205,0.43213712045254615,False
70,0.4321052338833536,False
3843,0.43208332994835325,False
3480,0.4320203144465388,False
3978,0.43201829775357387,False
2349,0.4320020862832239,False
3485,0.4319230803922613,False
589,0.4319191914689626,False
1747,0.4318523615482578,False
2740,0.43181868982656485,False
3419,0.43181849505026376,False
2593,0.4318039711179044,False
2672,0.43180361397731887,False
3926,0.4317168160663075,False
2800,0.4316860532978865,False
2898,0.4316654085395554,False
327,0.4316647921556962,False
1670,0.43160861367673936,False
2718,0.4315562546558736,False
2588,0.4315125627428788,False
188,0.4314876294353802,False
3855,0.43146662689408943,False
503,0.43141075355627095,False
1194,0.4313675678635022,False
975,0.4312929153355152,False
4055,0.43129019668393737,False
1368,0.4311844553903669,False
2244,0.43118403049732335,False
193,0.431157039387308,False
3278,0.43113285348895874,False
326,0.4310926110901103,False
1900,0.43108385625077317,False
3618,0.4310574618146227,False
1577,0.43103131948629225,False
1824,0.4310183158977772,False
348,0.430964937323407,False
2530,0.43094974313051826,False
2316,0.4309420645795526,False
1659,0.4309343398192979,False
842,0.43093384214775365,False
3515,0.4309308072209638,False
268,0.43091583458461546,False
2258,0.43088517087329004,False
1393,0.43085542872022387,False
534,0.4308024448047838,False
3250,0.4307828935994893,False
3072,0.4307361132850137,False
2543,0.43070059254085513,False
341,0.43067734759571286,False
564,0.4306454979337936,False
373,0.4306298666999103,False
3536,0.4305847751307442,False
567,0.4305746028090126,False
662,0.43054654685938243,False
3877,0.43052210343953545,False
135,0.43048860324075394,False
80,0.43048328176185474,False
1180,0.43046864938994894,False
3901,0.43046853137132807,False
1600,0.43045988404803837,False
1044,0.43043829803876804,False
2483,0.43042876399490193,False
2624,0.4304261075399264,False
89,0.4303969449376474,False
3893,0.4303319262454415,False
755,0.4303146476420071,False
1579,0.43030722710126623,False
1958,0.43029374649434304,False
3959,0.430288356877425,False
3487,0.4302617509340945,False
260,0.43025865656479434,False
1296,0.43023980906323395,False
1763,0.43022297762752176,False
1317,0.43020890762703284,False
3438,0.4302032959317443,False
703,0.4302022830099503,False
3739,0.4301056205300623,False
2442,0.4300971569139017,False
805,0.43006591920274984,False
3940,0.4300498493360733,False
4026,0.4299827802428599,False
2787,0.4299473906181546,False
424,0.4299097765495243,False
1521,0.4298424483565004,False
3044,0.4298183915514087,False
679,0.4297657133833916,False
1261,0.4297047950580097,False
2835,0.4296934453877232,False
1246,0.4296896963477052,False
2979,0.4296834115271531,False
1699,0.42967089351630877,False
3254,0.42967050905688503,False
3983,0.42966754529635465,False
3846,0.4296414626119467,False
4010,0.42959911962286,False
3505,0.4295912726243415,False
77,0.42955267128636226,False
961,0.4295419839604601,False
3130,0.42952726131401187,False
1996,0.4295075026199232,False
2825,0.4294373926552924,False
2015,0.4294318371899726,False
1925,0.42942177425023176,False
1991,0.4294081015250479,False
248,0.4294003044826798,False
3000,0.42939939395622756,False
968,0.4293851653518796,False
3274,0.429378029265944,False
1065,0.42937743073140316,False
3758,0.42934102810870856,False
14,0.42930668777180137,False
3565,0.42929355381509376,False
883,0.42928881098125615,False
1664,0.4292838890034672,False
3380,0.4292080511866143,False
843,0.42920456666449286,False
3989,0.4291903933601968,False
2101,0.4291809888317325,False
1141,0.4290413682655698,False
3053,0.4289809948517975,False
228,0.42894641690136986,False
891,0.42890667313349623,False
1669,0.42889935431556914,False
3546,0.42888772045162227,False
1818,0.42887659307708675,False
2208,0.4288442988797803,False
887,0.4287999587570896,False
739,0.42879735089384075,False
822,0.4287934032794932,False
2191,0.42870297130971013,False
2963,0.4286945144214576,False
3710,0.4285965079537063,False
2297,0.4285643430643659,False
2637,0.42847692807858445,False
2756,0.4284397291267024,False
2290,0.42832817996118683,False
2945,0.4282559368551854,False
2234,0.4282457759075463,False
2132,0.4281735535988322,False
2615,0.4281591964513604,False
2947,0.4281355025250463,False
2034,0.4281160741059815,False
2844,0.42811580887731887,False
2747,0.42809157482033977,False
2746,0.42808936466720454,False
2409,0.4279941037249373,False
108,0.427976834185202,False
1594,0.4279566895261831,False
2826,0.42788543540033036,False
905,0.4278851180483263,False
1302,0.4278384022624276,False
2291,0.42779434580506664,False
3807,0.42767619560437964,False
3169,0.42761752578734485,False
2151,0.42761204923858515,False
2405,0.42760106257565317,False
21,0.4275617902888989,False
3648,0.42749313970195796,False
855,0.42748848101967407,False
1206,0.42745189164310116,False
2868,0.4273838269036159,False
3937,0.42737949286565946,False
2333,0.427350974099103,False
3696,0.42731833109173156,False
3006,0.42730773242493475,False
189,0.42729409763259524,False
453,0.4272548540827503,False
235,0.42722776565408244,False
1414,0.42719174080343675,False
3370,0.42717183975411355,False
792,0.42716422915474095,False
1765,0.42714661499501755,False
1178,0.4271037510277679,False
3502,0.4270993265454216,False
2225,0.4270333993954196,False
684,0.42701672568151455,False
1468,0.4269875359884963,False
2406,0.426887876719983,False
760,0.42684424831977436,False
517,0.42676660964757535,False
3808,0.42675296116029426,False
3009,0.4266899021786209,False
600,0.426674148469032,False
922,0.4266661950159021,False
1213,0.42666044351835103,False
956,0.42664033355017383,False
3244,0.42661285455253145,False
994,0.4265774256972157,False
1306,0.42657584922915914,False
3027,0.42656104903949404,False
2045,0.4265497375556279,False
2161,0.42653000588942497,False
3585,0.4265089877323747,False
2325,0.42647970525496837,False
52,0.4264718836861822,False
3928,0.426390678260185,False
2274,0.42638809509777514,False
2044,0.42638330356669935,False
1637,0.4263688773284146,False
213,0.42636707346165065,False
1647,0.4262799859706349,False
2874,0.42627647661640417,False
1756,0.4262701715336,False
3840,0.42616143948068563,False
2533,0.42615657059542184,False
1573,0.426126863811805,False
1314,0.4260581048730756,False
3030,0.4260536038990375,False
3058,0.42604148660982594,False
121,0.4260276983741389,False
295,0.4260177580654869,False
2214,0.4259694583585729,False
1554,0.4258540264714498,False
1315,0.42584016959504944,False
2891,0.42579487017032747,False
3934,0.4257743036346982,False
1018,0.42570150274219876,False
1273,0.4256515707179061,False
916,0.42563493169265865,False
2416,0.4256125592346346,False
3422,0.4256107935637691,False
1391,0.4256042857863878,False
163,0.4256006744766055,False
1496,0.4255351410378216,False
3736,0.4255007286972131,False
608,0.4254266420175791,False
3649,0.4254053519756609,False
287,0.42536211064744917,False
267,0.4253584218539031,False
2104,0.42532160213004394,False
1376,0.4253209482002646,False
1671,0.4253123566962167,False
3779,0.4252908639283252,False
2438,0.4252838790909421,False
4445,0.4252512047335975,False
483,0.4251417649197377,False
39,0.425140045781648,False
81,0.4251394134675682,False
2128,0.42512908624445966,False
1036,0.4251178153335656,False
2744,0.42501598995447465,False
3322,0.4249852659464063,False
1153,0.4249828580848893,False
505,0.42491079386354225,False
516,0.42489214397017094,False
421,0.42488117689536187,False
1079,0.4247603959992764,False
1109,0.4246953579631327,False
1234,0.42466752842778016,False
682,0.4246658308098688,False
3751,0.4246480224741175,False
2375,0.42458397914899015,False
3725,0.4245614848592901,False
492,0.4245512721364934,False
3892,0.4244872023087811,False
1961,0.4244731184036118,False
3593,0.4243845917419588,False
1700,0.4243314827907933,False
3136,0.424315947634805,False
1248,0.42421412178954176,False
32,0.42403555333057624,False
1587,0.42400891312678457,False
1078,0.4239391951100064,False
3963,0.42393613724301393,False
1927,0.4239356667130396,False
807,0.42393051207248067,False
1517,0.4238553749544505,False
1347,0.4238070118428477,False
3995,0.4237972529967423,False
320,0.4237807083640295,False
698,0.4237714825892377,False
1629,0.4236601722721369,False
1717,0.42349844621126204,False
2005,0.4234769523355546,False
788,0.42346072472061974,False
423,0.4233681320016694,False
3848,0.4233016416884426,False
889,0.42325250810092,False
3118,0.42320083535419784,False
4091,0.4231922004103909,False
2383,0.423082019582596,False
2731,0.423065375322406,False
706,0.42305439981152926,False
810,0.4230525898893555,False
3173,0.42299614404064123,False
2030,0.4229499066646662,False
209,0.42284686022085716,False
1233,0.42280643756087216,False
1481,0.4227872207082332,False
603,0.4227241277605041,False
3787,0.422628348540006,False
2183,0.42259954886265894,False
2061,0.42258334730946706,False
1140,0.42248356988538105,False
512,0.42242723571422447,False
1038,0.4224127660120756,False
794,0.42238593867840535,False
2311,0.4223739460311213,False
3377,0.4223109512173561,False
6602,0.4222735344727055,False
591,0.4222524562796577,False
1782,0.4222313252634615,False
3133,0.42220713775686614,False
2561,0.4221772610181837,False
346,0.4221678467811589,False
3966,0.42216215960068976,False
2664,0.4221351609111849,False
2212,0.4221181438254596,False
2439,0.4220452458779017,False
958,0.4220207093814274,False
1853,0.42201483424117114,False
3583,0.42201399800751965,False
2263,0.4220116935669924,False
3235,0.4219981114531106,False
1844,0.42199278596404655,False
241,0.42191956000468905,False
989,0.4218568916885861,False
4463,0.4218149773009892,False
407,0.42180973099931707,False
2837,0.42180255799590083,False
1257,0.4217965945473467,False
3491,0.42161329333729347,False
1072,0.4216122203621168,False
954,0.42160020514673613,False
2377,0.42159179280167125,False
1709,0.4215780726217851,False
1059,0.4215273719185574,False
1134,0.42142970793110107,False
3231,0.4213369464785688,False
1299,0.42127565596774635,False
59,0.4212232865301693,False
3343,0.42122236621135567,False
265,0.4212141682781359,False
3603,0.42121118986267075,False
3985,0.4212050774161183,False
1413,0.42115218703608254,False
932,0.4210693093407249,False
1817,0.4210615643153108,False
547,0.4210535410572904,False
973,0.4210019952333764,False
1877,0.42086632261697304,False
3154,0.42086333350931193,False
3682,0.42071531932260575,False
3211,0.42067986158940374,False
2137,0.42066539471788433,False
888,0.4206575527686862,False
4208,0.4206567944386323,False
4454,0.42064297909755216,False
638,0.4206339815749674,False
1380,0.4206091299524148,False
1322,0.42058015175069063,False
3429,0.42054587146571876,False
382,0.4205397394863541,False
23,0.4205255773545,False
465,0.42050816414070086,False
2141,0.4205008333796966,False
783,0.4204921581572797,False
131,0.42043545795486464,False
2301,0.42036489683322315,False
3241,0.4202071110949631,False
1238,0.4202055499369496,False
3468,0.42020026519427645,False
35,0.42019259826608124,False
1683,0.42018393328278425,False
2155,0.4201740441102709,False
4121,0.42016070201950806,False
3898,0.42015566705328433,False
2743,0.4201483973948183,False
2146,0.4201234001577073,False
3688,0.4201090132107827,False
2443,0.4200910879386262,False
3142,0.4200858174383292,False
1966,0.4200345004824409,False
3205,0.41995940538917537,False
1229,0.4199388186143831,False
3559,0.4198448072565156,False
242,0.41984401952047873,False
1768,0.41982900885185226,False
2351,0.41980654942180706,False
556,0.4197415651544679,False
2437,0.4196703201046133,False
878,0.4195749711283659,False
657,0.419514973486487,False
2569,0.4194879008895047,False
1014,0.41946592591822346,False
3162,0.41940932484782373,False
479,0.4193844633203561,False
1289,0.41934294555131885,False
892,0.41933135842506497,False
3912,0.41931077510021636,False
3568,0.41929751055966147,False
106,0.4192386005664605,False
884,0.41914694166960836,False
1778,0.4191261350680599,False
3360,0.4191013136096501,False
3415,0.41906586107227356,False
3294,0.4189760047348435,False
1471,0.4189359559398077,False
1871,0.4189204342059971,False
3031,0.41883708196682506,False
3319,0.41880206902123424,False
3327,0.41879184859955143,False
3039,0.4187846818476806,False
1612,0.4187442312589386,False
480,0.4187181971757305,False
2623,0.4186432773039672,False
1173,0.41863033744465367,False
1815,0.4186035055862944,False
3809,0.41854784643868087,False
275,0.41852420726147116,False
3658,0.4185218246291436,False
1833,0.418512677719273,False
2639,0.4184309009288057,False
715,0.41841020530869055,False
2881,0.4183907351039428,False
1691,0.41838251221511025,False
2042,0.4183766496039694,False
3653,0.418371210709448,False
2434,0.4183390901685299,False
2115,0.41833831002231336,False
1826,0.4183185049109766,False
2347,0.4182984708573499,False
3041,0.4182486602467196,False
3801,0.4182334201291658,False
3379,0.41812879759437876,False
439,0.41811589235155416,False
2617,0.4180295826477872,False
197,0.4180010127301885,False
4301,0.41792726095988275,False
1945,0.41791991038213516,False
1235,0.41787148583897293,False
2207,0.4178562625175594,False
3655,0.4178167119639488,False
3178,0.41773452266247724,False
3373,0.4176207663217952,False
3091,0.4176125464379403,False
1840,0.4176116792156071,False
629,0.41757683520058564,False
1773,0.41750945643390125,False
2340,0.4174919974848333,False
3914,0.4174455593876697,False
2083,0.41739977139711415,False
3298,0.41734813216361966,False
1981,0.41733000024051703,False
1157,0.4173199995451317,False
1053,0.4172715040050793,False
3131,0.41721879470793993,False
2612,0.41718918239845326,False
2499,0.41716631480789196,False
42,0.4171384272850066,False
3838,0.4170310234822776,False
3224,0.4169868814549349,False
1738,0.41691262227128373,False
1144,0.41690284730139565,False
2312,0.41687814740461765,False
3219,0.41685985746997206,False
2812,0.41673896065437205,False
4379,0.41668827878298714,False
1884,0.4166845469514311,False
1730,0.416683589770092,False
26,0.4166386830501626,False
2288,0.41660824673476077,False
3427,0.4165856388450085,False
2402,0.41644309672415236,False
3613,0.4164389818511019,False
1002,0.4164166543415926,False
259,0.41641251393689155,False
1707,0.41626163283367973,False
1129,0.4162259876834909,False
3078,0.4162246943619234,False
590,0.41617039874762707,False
775,0.41615361039789167,False
2820,0.41609738183822,False
3303,0.41608697684589385,False
3157,0.4160763540376129,False
3561,0.41604031412509024,False
2967,0.4160233873399057,False
2485,0.41600503183504967,False
3463,0.4160031719729219,False
1356,0.4159962778936907,False
2166,0.4158075778792753,False
1126,0.41577750971980404,False
1653,0.4157571841359036,False
1334,0.41567018929725336,False
2210,0.41566127295642863,False
238,0.41556601332892806,False
3008,0.4155116381232748,False
3519,0.4154980522820559,False
389,0.41540394434931044,False
1245,0.41536520515688463,False
1781,0.4153404971131723,False
3576,0.4151931511139737,False
1443,0.41516733850169946,False
3062,0.41510645376907435,False
1812,0.4151024637724278,False
2885,0.4150673308873159,False
1650,0.41500836505572564,False
895,0.4149862579600735,False
3845,0.41484837673712627,False
491,0.4148479879477086,False
2337,0.4148317879836414,False
170,0.4147699810225239,False
2905,0.4146794472695431,False
1913,0.414578897924135,False
1564,0.414562638968325,False
3951,0.4144845865876947,False
786,0.41445325296506297,False
2293,0.4144495771706048,False
100,0.41442074776717125,False
1682,0.4143214010541131,False
1062,0.41426196305189966,False
2430,0.41420640970962075,False
604,0.4141717494488109,False
2674,0.41414958780098576,False
1856,0.4141162068748368,False
2614,0.41410388630369604,False
2085,0.4140962098470655,False
445,0.41408251543292607,False
913,0.41400517894103656,False
3697,0.4140042032679116,False
3955,0.41394730376702465,False
2733,0.4138665999924428,False
1024,0.4138474700939839,False
3135,0.41366598925685233,False
1049,0.4136655341762243,False
1207,0.41366414032971116,False
161,0.4136515212565315,False
702,0.41364816712200003,False
381,0.41364652903498966,False
2765,0.41362904529366706,False
1572,0.41353134864429364,False
3508,0.4134227762559089,False
2342,0.41341109208245685,False
3025,0.4133858548678654,False
2074,0.41338072030120593,False
3049,0.4133660112587373,False
3545,0.4133095852109418,False
3587,0.4132784542184951,False
1628,0.41327525707915386,False
1211,0.41319409484950265,False
3355,0.41315688170998766,False
3964,0.41307647674123477,False
826,0.41306994508355344,False
3997,0.41303716206915414,False
2110,0.41302668065704434,False
848,0.4129667826492847,False
524,0.4129488868927489,False
952,0.4129417378590497,False
2734,0.4128522029135237,False
1769,0.41283112925516646,False
3820,0.4128291741972373,False
2038,0.4128138257509619,False
3261,0.4128050902442752,False
3553,0.41279029082342006,False
1706,0.4127754681267611,False
3544,0.4127296393658675,False
800,0.41272360377533684,False
918,0.4127214475289566,False
652,0.4126510512123011,False
2474,0.4126442309778056,False
923,0.4126425951020502,False
3063,0.4126213175063346,False
3961,0.41258935334685604,False
3699,0.41256234807457265,False
2417,0.41256055857706153,False
3483,0.41251884923251764,False
3993,0.41246907439299113,False
1534,0.41228997902124415,False
2048,0.41228923968221803,False
3625,0.4122401643480836,False
272,0.4122314998623394,False
861,0.41222698072405617,False
2521,0.4122105738758429,False
1042,0.4122081046114042,False
2630,0.41216999133987475,False
3796,0.4121109693161715,False
979,0.41210699826411346,False
216,0.4120604913647564,False
187,0.41205457488611896,False
2784,0.4120511848462306,False
1504,0.41200868026492193,False
1076,0.41197593167324215,False
601,0.4119648526950332,False
1017,0.4119379356534144,False
490,0.4119305561004055,False
2711,0.41192622100748416,False
3982,0.41190335302446096,False
925,0.41188717643038963,False
3289,0.4118169047538425,False
3047,0.41180401963804425,False
1382,0.41178833339255816,False
2376,0.4117640983198302,False
3358,0.41170748349975944,False
518,0.4116806790601746,False
617,0.41162758003068134,False
3520,0.4115281530311482,False
432,0.4114853031900938,False
50,0.411468186874676,False
205,0.4114556695878771,False
1209,0.41143794300448927,False
2077,0.4114377670517222,False
3275,0.41139082176168884,False
953,0.41135024896338634,False
1627,0.4113502393482294,False
1959,0.4113385589369667,False
418,0.41132064647925415,False
406,0.41131580364116116,False
3100,0.41130959539351397,False
419,0.41129546092108177,False
899,0.4112266595537255,False
2673,0.41122333974453784,False
2906,0.41122004408424356,False
1921,0.41121600987839274,False
3308,0.41119911929073244,False
1955,0.41116749360038324,False
2893,0.4111392121971336,False
137,0.411103624412039,False
1938,0.41106642042299657,False
2037,0.41105146487325644,False
447,0.411045818905104,False
127,0.41103089622749456,False
289,0.4110039851270238,False
1615,0.41096392492713707,False
3677,0.4109237539045182,False
3700,0.4108534582928555,False
2987,0.4108271630901917,False
2386,0.41077045209420876,False
820,0.41074108589398006,False
3117,0.41069855036824765,False
3535,0.4106981448033148,False
2306,0.41067851841952363,False
3101,0.4106768821096211,False
2327,0.4106604384798243,False
357,0.4106586743587071,False
3202,0.4105827796599666,False
1740,0.41053451105249406,False
2671,0.41042865849380544,False
3596,0.4103905579092457,False
2895,0.4103759299975587,False
3852,0.4103676271863256,False
36,0.41032991783771783,False
2393,0.4103229002990637,False
2215,0.41031479555949096,False
274,0.4102609397041788,False
2616,0.41025788394089463,False
1294,0.4102578374777049,False
198,0.4102201808727038,False
1608,0.41019898040070596,False
2331,0.41019820279074964,False
119,0.4101555657162186,False
3922,0.41013440043375904,False
2313,0.4100324308235635,False
2875,0.41002791435804503,False
700,0.40992732079678,False
1201,0.4099247705926828,False
3835,0.40992290081040433,False
1061,0.4098959856334916,False
2121,0.40989552998265405,False
3283,0.4098759905334082,False
3717,0.40986078351086946,False
2758,0.40984208953070733,False
1337,0.40970229653417894,False
3226,0.4096763277569372,False
1509,0.4096732070297926,False
2391,0.4096155499679373,False
3057,0.409605318476612,False
3459,0.4095936903167676,False
3287,0.40954063315793554,False
728,0.40952739552904793,False
4389,0.40946553082880555,False
2937,0.4093936181304098,False
3352,0.4093681864318008,False
1686,0.40924999913705923,False
2154,0.40914678472617855,False
3332,0.4091226318201887,False
3952,0.4091200978208544,False
1875,0.40900956458391724,False
943,0.4089796183558165,False
2302,0.4089482942015139,False
821,0.40889062884776606,False
3070,0.4087964736631992,False
995,0.408793014160122,False
3610,0.4087308849867848,False
2570,0.40870198962545246,False
1365,0.40866277499494413,False
1790,0.4086130848675166,False
3571,0.40860319569793424,False
972,0.4085964898605108,False
1434,0.4085553593089237,False
2534,0.4085532711653322,False
2589,0.40855170373962024,False
1098,0.4085268091187073,False
1310,0.40852056655117724,False
3514,0.40839620915784003,False
2256,0.4083561782850531,False
1285,0.40835094357030244,False
85,0.4083262651571415,False
1673,0.4083241660738626,False
302,0.4083030903087842,False
2858,0.40827828152679563,False
2778,0.40823639722321936,False
2548,0.40815616742308086,False
1268,0.4081489243409034,False
593,0.40813963159282834,False
1851,0.40807711342610153,False
613,0.4080225030422431,False
4287,0.4080126993813743,False
3365,0.40800887045637596,False
779,0.40798569868740336,False
515,0.407972760496852,False
640,0.4079523269186077,False
3547,0.4079368275487127,False
481,0.40790522748202945,False
4013,0.40782792436711013,False
2323,0.40780880823433946,False
1690,0.40778204715351485,False
1937,0.407767029760972,False
1087,0.40775558719667654,False
3305,0.4077349080669706,False
1703,0.4077123835368381,False
3423,0.40770985559179684,False
3827,0.4077094084868552,False
101,0.4077036198651408,False
2314,0.4077026700238162,False
1558,0.4076984077248042,False
3555,0.40768915902355946,False
1118,0.4076658953708153,False
1303,0.40766104225253186,False
3927,0.407633434897481,False
1946,0.4076322558406735,False
1742,0.40759938754728775,False
747,0.4075240643525158,False
1990,0.4074865686212526,False
3644,0.40746255353419897,False
2983,0.40741514453549255,False
504,0.4073852676308868,False
2020,0.407353546941644,False
2091,0.40734588473779443,False
1429,0.40733087182395133,False
2049,0.40727143998476184,False
2163,0.40727098622394353,False
2148,0.4072428889242003,False
2490,0.4072402636564564,False
3563,0.40722208756384437,False
402,0.40714404440230856,False
695,0.4071281002946289,False
4328,0.4070837031058799,False
579,0.40707144261649925,False
2433,0.40705386586579945,False
1596,0.40702558687582635,False
284,0.40700861385497955,False
1751,0.4070043982340759,False
946,0.40697587864424134,False
353,0.40692249515131024,False
1355,0.4069223961423058,False
2519,0.40689737582878727,False
2271,0.4067886608316507,False
719,0.4067148917665724,False
2738,0.4066796725698841,False
2952,0.40663194236661426,False
3093,0.4065716493774854,False
907,0.40655833247734635,False
1465,0.4065143721891819,False
1972,0.4064865677443878,False
2528,0.4064122152265762,False
2070,0.40638386056201653,False
1442,0.40636422471024425,False
1054,0.4063121062858485,False
2425,0.40629300409301605,False
3426,0.40626221707849597,False
3306,0.40623134191366816,False
3532,0.4061208355411131,False
2935,0.4061115878700877,False
935,0.4060874668451379,False
3738,0.40607711799476554,False
787,0.4060727158365829,False
834,0.4059370108733675,False
199,0.40592308310493314,False
1435,0.40584011086360167,False
3798,0.405812837944239,False
795,0.4057948658624143,False
1574,0.40579192249426027,False
542,0.4057730575952451,False
1584,0.4057584312905864,False
3348,0.40569536536899825,False
745,0.40567559996015473,False
2497,0.4056209441751488,False
502,0.40559534820257254,False
1866,0.40554330540959377,False
2925,0.4055092555750294,False
963,0.4054658971215153,False
2220,0.4053198993349852,False
1341,0.40530660281901876,False
20,0.4052992832293648,False
15,0.40529240770128744,False
2388,0.405258845891123,False
3517,0.40519797299146126,False
1346,0.40516842986462365,False
2468,0.4051437933698102,False
2564,0.4051423877075877,False
3152,0.4051062436910844,False
2159,0.4050888824704812,False
3860,0.4050857928378973,False
912,0.4049569860393585,False
4439,0.40494951568935916,False
2942,0.4049215355621042,False
3281,0.4049152311835173,False
3651,0.40491208570170184,False
1680,0.4048715854489443,False
174,0.40486655413003053,False
1775,0.40484582108012085,False
3456,0.404837465117774,False
3458,0.40480290655400764,False
1353,0.40479949112085123,False
1593,0.4047740720244312,False
2901,0.40476056500704594,False
1973,0.4046775628336285,False
615,0.4046603093801047,False
467,0.40462148806367143,False
1425,0.404594555579702,False
1635,0.40451686356302663,False
2272,0.4045041339854896,False
1354,0.4044719229919026,False
636,0.4044311104631014,False
630,0.4043986362261448,False
1394,0.40437741330042215,False
3203,0.40436396906409183,False
3479,0.4043457046054327,False
3425,0.4043334664384084,False
2177,0.4043064525098353,False
1497,0.4042696142233964,False
2508,0.40414868162257617,False
435,0.40414408962659515,False
1771,0.4041215863772768,False
2804,0.4040828730383475,False
809,0.40405293416151306,False
2997,0.40403695029223785,False
3842,0.4040355278019415,False
3969,0.4039950221091666,False
766,0.4039947218230271,False
1783,0.40397981250619464,False
1570,0.40382552390313925,False
1915,0.4038186282604539,False
1524,0.4038164954758182,False
2239,0.40378396468544664,False
3493,0.40376784441971025,False
890,0.4037360655153406,False
2396,0.40369698312427166,False
831,0.4035817727550857,False
1839,0.40356645264968105,False
1293,0.40355967956261923,False
2729,0.4035259546317084,False
3528,0.40351886525026615,False
2575,0.40346769515347436,False
2178,0.40345821661819337,False
2876,0.40344110812923556,False
183,0.40343413128490496,False
2861,0.4033893719595067,False
713,0.40337528634742187,False
538,0.4033394916942873,False
2880,0.40329737258065823,False
3199,0.40328027469453126,False
1852,0.4032700706963984,False
2890,0.40320898726276844,False
3841,0.403168972512325,False
770,0.4031375427442472,False
1834,0.40313523095818904,False
3564,0.40309039823521464,False
2751,0.40304592074796025,False
2389,0.40302395319063405,False
462,0.4030208016463598,False
114,0.4029243503556131,False
2688,0.40288567321556723,False
754,0.402849176404684,False
2336,0.40282967171634254,False
1240,0.40281222519806725,False
3369,0.40281109400520365,False
3524,0.4027370027265224,False
3792,0.4027328502329918,False
3640,0.40267502277186007,False
372,0.4026344625351983,False
2363,0.4026234620607483,False
3194,0.40258633200205374,False
2492,0.40258611890090956,False
1089,0.4025816447630592,False
2255,0.40258077208530757,False
597,0.4025555280733135,False
1705,0.4025180136807158,False
1222,0.402468844779584,False
78,0.4024680871196694,False
2006,0.4024477673775019,False
3592,0.40244445409712026,False
2366,0.40243311927722747,False
550,0.4024144591674137,False
93,0.40239844651059464,False
3570,0.4023511469236385,False
896,0.4023391981295801,False
1881,0.4023377697478855,False
3155,0.40231052791748606,False
3670,0.40230382581268964,False
3085,0.40230092543709123,False
1266,0.4022439809659743,False
837,0.4022394666091062,False
2113,0.4021068354579505,False
3079,0.4021028789007673,False
169,0.40209737360750164,False
3772,0.4020293273323139,False
354,0.4019901421593651,False
1021,0.40197053344372907,False
3412,0.40191541109400963,False
3248,0.4019048798075069,False
3987,0.40189837946016344,False
3930,0.40187076633912105,False
559,0.40186676835217183,False
1796,0.4018502626670709,False
2761,0.4018259858773667,False
3015,0.40180683686382485,False
2105,0.40174575802121565,False
3623,0.401705861195945,False
49,0.40170067895533124,False
2231,0.40169609914545346,False
2957,0.4016944293619395,False
2755,0.401596009723752,False
2373,0.40159000808843,False
3149,0.4015650231717294,False
768,0.40152192499501016,False
4511,0.40151047428186537,False
914,0.4014750952437408,False
3237,0.4013515790677056,False
2562,0.40133049561317524,False
3043,0.40132799487502907,False
3731,0.40131785083525223,False
2078,0.4013155831206194,False
2737,0.40129354551078666,False
1930,0.4012229690180228,False
416,0.40118027827556735,False
1027,0.4011771118176689,False
1110,0.4011620956212,False
3691,0.40108838523185464,False
1003,0.4010749074723212,False
3542,0.4010706068277009,False
3581,0.401042614541823,False
735,0.40103924891689596,False
496,0.4010341721879641,False
607,0.40094676714105254,False
2367,0.4009464635282959,False
692,0.400931740195293,False
376,0.400853284130703,False
3060,0.40084890065655177,False
2924,0.400847057548218,False
1476,0.40078714388624725,False
1199,0.40076099711342794,False
924,0.4007464620391189,False
2809,0.40068610663097043,False
3904,0.4006821440434368,False
305,0.4006807872801939,False
2659,0.4006429325527566,False
3146,0.40059638025086614,False
1575,0.40057915896866403,False
858,0.4005050088238727,False
3028,0.400491117503746,False
2887,0.40047304969918696,False
2182,0.40042735573880683,False
1122,0.4004038011243792,False
3310,0.40040027175587733,False
1977,0.4003936404868417,False
1668,0.4003859925478235,False
1013,0.40037444253961624,False
3763,0.40035589416462414,False
3292,0.4002830320249368,False
764,0.40026170255790805,False
965,0.4002400925659495,False
2956,0.40019329202331216,False
3134,0.4001623905785465,False
2539,0.4001553870207111,False
1473,0.4001434877004401,False
1094,0.40013138212358434,False
184,0.40010600689656467,False
1223,0.40010459177832625,False
3865,0.4000733129979446,False
3435,0.40006369889604454,False
2814,0.40005566121958,False
2353,0.40004797815002335,False
288,0.40004715578439926,False
3464,0.40003172872733567,False
2950,0.3999631158047482,False
2618,0.39994891745518335,False
1030,0.3998871323577745,False
1722,0.39988431008824565,False
3421,0.3998715572994037,False
2489,0.3997658515420392,False
832,0.39974414902147776,False
552,0.3997432661682676,False
2846,0.399741432527112,False
1588,0.39972993727431727,False
751,0.39971093737670993,False
1860,0.39968141063782586,False
1956,0.3996675084583927,False
2114,0.3996604630834861,False
659,0.3996531374957195,False
252,0.3996218248989197,False
2644,0.3996209222290047,False
3206,0.3996133901092538,False
1458,0.3996101594597827,False
474,0.3996035424779154,False
2140,0.39958426839380273,False
3266,0.39958090590244993,False
3061,0.3995542783972392,False
3316,0.3995522700187142,False
3457,0.3995415128300919,False
3918,0.3994964392250221,False
415,0.39943322504537637,False
1708,0.39943068707952334,False
3097,0.3994030923764756,False
1982,0.3993996426619847,False
400,0.3993945354481769,False
2513,0.3993906151970632,False
1578,0.399390255441913,False
3704,0.399375134343856,False
4480,0.3993737763356415,False
1057,0.39936753082222093,False
2257,0.39933279891873663,False
2958,0.3993031063066716,False
62,0.39929781576621765,False
930,0.39925557509325815,False
903,0.3992379739159107,False
1105,0.3992303453494895,False
2768,0.39913618593792505,False
901,0.3990593236315594,False
3718,0.39898280631613925,False
118,0.3989463154159479,False
2985,0.3989074130996607,False
3176,0.3988807922554173,False
1170,0.3988636934004317,False
3320,0.3988516770245805,False
743,0.3987779861029937,False
220,0.3987669997004963,False
996,0.39872534783571595,False
520,0.39870290628840266,False
1422,0.3986636622350988,False
628,0.39865554819758164,False
2620,0.3986518616633562,False
3492,0.3986437717545177,False
3742,0.3986042639223832,False
1630,0.39859491790706447,False
2805,0.39857346835199087,False
1920,0.39854643743464097,False
582,0.3985242401919001,False
1130,0.39852326872802385,False
801,0.3984889173925147,False
592,0.39847788756039265,False
687,0.3984640592041479,False
2597,0.3984151975370109,False
1239,0.3984145606343033,False
3245,0.39839643031990396,False
3498,0.398372296171451,False
936,0.3983620715103138,False
4186,0.3983592781449978,False
3099,0.39833664104972244,False
2357,0.39830953341485725,False
927,0.3982781260823895,False
434,0.3982098862952415,False
2739,0.3982013604418893,False
3482,0.3981466743998675,False
2259,0.398123811766617,False
860,0.3981211987403438,False
44,0.39809189122385563,False
1562,0.3980637934892301,False
2088,0.398042684429979,False
2595,0.39802405320792955,False
3947,0.39800366528968306,False
561,0.3979345808688268,False
343,0.3979227614877855,False
2096,0.3978917553069804,False
3943,0.39788595025388085,False
752,0.3978793308903466,False
1604,0.39787864383681815,False
3256,0.39785862416414736,False
2727,0.3978551204945883,False
3939,0.3978432498458802,False
1887,0.39783944246512126,False
2830,0.397809487592063,False
40,0.3977792592936026,False
1357,0.3977619559931899,False
3533,0.39774105389548586,False
2232,0.3977338473296055,False
3191,0.39771523498102895,False
1488,0.3976914917429939,False
2679,0.3976849257453224,False
2348,0.397649590797046,False
3868,0.3976195998410667,False
3186,0.3976052762616652,False
2276,0.39760120064791277,False
3986,0.3975740204102604,False
3702,0.3975330584945929,False
513,0.39753271574361415,False
1128,0.3975057551323033,False
1624,0.39749799206810493,False
2939,0.3974421980828974,False
3518,0.3974421052261928,False
545,0.3973695127588963,False
3453,0.39736064724334047,False
3730,0.3973125980992587,False
3180,0.39729786267796424,False
3854,0.3972932512580057,False
3977,0.3972838087964493,False
3236,0.3972518327102811,False
4266,0.39720956918122385,False
3822,0.397166771343632,False
192,0.39713684247219533,False
3635,0.3971350641617583,False
204,0.3971116090777074,False
3470,0.3971031915542327,False
3394,0.3970937912156417,False
1161,0.3970914989253174,False
2243,0.39707649743924023,False
929,0.39704563223556866,False
1907,0.3970237323712878,False
3004,0.39700909049186717,False
2802,0.3969988998776481,False
3171,0.39690455279348325,False
306,0.3968820573666636,False
3557,0.3968763795149614,False
2596,0.3968756920988628,False
1401,0.3967803618680965,False
450,0.3967789540629351,False
2469,0.39676367478631175,False
2717,0.39667502950797,False
3411,0.39664668706395206,False
2103,0.39663763628402576,False
4488,0.39661417724022413,False
868,0.396524687962553,False
2946,0.3965166238092795,False
976,0.3964814117684525,False
3824,0.39645283367299833,False
3694,0.3964170937583907,False
2307,0.3964082807605597,False
812,0.3963937991829632,False
2557,0.3963736859234327,False
3284,0.39634020509419854,False
841,0.3963060937725978,False
959,0.3962651324473454,False
3506,0.39622297930634187,False
1710,0.39621841483122416,False
3595,0.3961830697833459,False
2579,0.3961604206042589,False
3032,0.3961487953208922,False
1510,0.39610022737648276,False
3129,0.39609164123321605,False
2750,0.3960904859409333,False
1571,0.39608056148524423,False
744,0.39605622354523323,False
742,0.3960528584521861,False
345,0.39604487376788666,False
1371,0.39601395819693846,False
3667,0.39596714745956774,False
536,0.39591937961974044,False
2408,0.3959127649349156,False
1463,0.39591173419142756,False
271,0.39589063825362775,False
3246,0.3958632012309801,False
1820,0.39585840081344115,False
2465,0.3958523975489206,False
4438,0.3958511655607,False
2685,0.3958148877637828,False
3040,0.3957620658752894,False
4,0.3957592060519223,False
3684,0.3956508075000843,False
1609,0.39564127484796147,False
2928,0.39560906266128926,False
941,0.39557001411027465,False
980,0.3955113078383421,False
1854,0.3955015007106136,False
1969,0.39550086723403083,False
217,0.3954946113379053,False
3910,0.3954887190898729,False
1950,0.3954880928200118,False
2687,0.3954790255166978,False
3590,0.3954245224703956,False
3737,0.395417997623272,False
2017,0.3954034710324045,False
2491,0.3953871742266695,False
1825,0.3953296183733,False
1846,0.39532466772605285,False
2849,0.3952881189146851,False
1556,0.39527421757699605,False
3902,0.39525717267250854,False
3650,0.3952528312666907,False
1672,0.39524496184577007,False
250,0.3952391139681145,False
1064,0.3952282747882242,False
3975,0.3951888597130218,False
688,0.3951686262686089,False
2135,0.3951580904326106,False
1621,0.3951252506661993,False
3575,0.39509634240719343,False
3442,0.3950801391116952,False
1288,0.39505388663249236,False
27,0.39505069748160915,False
2668,0.39505045001510025,False
3885,0.3950452250654847,False
2186,0.3950089715509364,False
3068,0.3949615721709874,False
258,0.3949557588585181,False
2026,0.3949434964528961,False
3984,0.39494017789858576,False
2253,0.3949106763377619,False
3509,0.39488982871150863,False
3856,0.39488012879897744,False
737,0.39486812156173234,False
1936,0.39485853387798125,False
581,0.39482404849950775,False
2821,0.3947815725940313,False
359,0.3947751554308369,False
734,0.3947454650885073,False
2798,0.39470568103036996,False
2525,0.39470125783117804,False
56,0.39468803364691696,False
3692,0.3946180635750337,False
594,0.3946122279435065,False
2847,0.3946107836570076,False
420,0.3946012519758183,False
3890,0.3945850357209881,False
614,0.3945796812907953,False
2324,0.3945732595196703,False
3680,0.39457155531255805,False
693,0.3945636702752196,False
2636,0.3945056036011369,False
3701,0.39441852479921397,False
1831,0.3944127055767741,False
3046,0.3943665311382226,False
153,0.3943439327843889,False
10,0.39433283424454924,False
458,0.39429951406890534,False
3867,0.3942790321989563,False
1957,0.39411953364174984,False
4424,0.3941033098771091,False
1107,0.39406338278240793,False
249,0.39405981761690684,False
1193,0.3940580924333829,False
3317,0.3940451868540992,False
342,0.3940364873094389,False
2315,0.39402605532040746,False
1792,0.39400360807330026,False
3794,0.3939911131739119,False
3639,0.3939856962799328,False
3863,0.39397939684669026,False
3645,0.3939507190610597,False
2989,0.3939339048574484,False
3175,0.3938457433140651,False
3285,0.39382053901101216,False
145,0.39381803731399,False
2108,0.3938137748379819,False
1351,0.3938039255883862,False
3280,0.3937024073743425,False
1512,0.3936484751998058,False
2278,0.39361706271179053,False
565,0.39359736632045933,False
557,0.3935858900219979,False
24,0.3935762518693423,False
79,0.3935709792532171,False
117,0.3935531695230217,False
1995,0.39350062111857886,False
1739,0.3934683808623553,False
261,0.39343715745993074,False
1451,0.39343517591369565,False
864,0.3934293924918361,False
1631,0.39336055339367204,False
1117,0.39335174145929586,False
1405,0.3933355196219465,False
2131,0.3933126572326027,False
3242,0.39330363013186825,False
3184,0.3932570826730158,False
22,0.393237700971428,False
1836,0.3932345216484288,False
1436,0.39322280192715137,False
3443,0.39316724292718397,False
229,0.3931637706987942,False
221,0.39315878524680486,False
2127,0.39313809051602966,False
3998,0.39313095805447584,False
1390,0.39312954003278294,False
3849,0.3930869819315,False
2662,0.39308369536675436,False
2886,0.3930406949909928,False
2094,0.3930093077063964,False
2654,0.3930089508827636,False
3774,0.3929922915233922,False
898,0.3929720279517166,False
2002,0.392945809642462,False
1800,0.39291882702777176,False
2046,0.3929159223904664,False
269,0.39289419471115705,False
352,0.3928605967110623,False
1441,0.3928301915820878,False
711,0.3927981188367569,False
3182,0.3927834317314273,False
1827,0.3927662109491679,False
3469,0.3927497942926756,False
1470,0.39274818775553355,False
563,0.3927455044944373,False
1716,0.3926950604459891,False
1916,0.3925903212594476,False
2923,0.3925642769932933,False
1714,0.3925622397619927,False
2415,0.39248663483860863,False
1088,0.3924740819074464,False
2374,0.39245498816236346,False
1793,0.39242595089659155,False
3335,0.3924078795248174,False
1111,0.3923645773566405,False
3376,0.3923506141740507,False
3676,0.3923273208593283,False
3462,0.3923170579208575,False
3540,0.3922905909162095,False
324,0.39227999363449,False
2914,0.3922638664597403,False
464,0.39225657621969223,False
1484,0.392244059271056,False
317,0.3922260490237138,False
1472,0.3922184405548035,False
3409,0.3921914985483612,False
1444,0.3921833691337387,False
3451,0.3921689938872125,False
605,0.3920953671511199,False
3719,0.3920938064437139,False
1321,0.39205674068335594,False
2560,0.39204253796574845,False
1546,0.3920048301272833,False
2960,0.3919690493730155,False
3819,0.3919610028548821,False
1214,0.391929883411029,False
2801,0.39192244627219247,False
2223,0.3918508148977372,False
2303,0.39184969449802715,False
1918,0.3918355246325657,False
2833,0.3917995458099787,False
2806,0.39178498572964787,False
2451,0.3917614356729961,False
3712,0.3917583160558844,False
531,0.3917524094633469,False
1426,0.39172931093836444,False
2559,0.3916859580796269,False
3626,0.3916775238483846,False
2275,0.3916773022697465,False
55,0.3916695435655214,False
1933,0.39166520953704465,False
2696,0.3916391256969891,False
3436,0.391635732076124,False
1113,0.3915942615510701,False
3098,0.3915693061476587,False
318,0.39154248771402245,False
650,0.39154082037395127,False
1865,0.3915051644036487,False
57,0.3914800078887409,False
3795,0.3914160660993256,False
1642,0.3914124251218956,False
637,0.3913919916301859,False
2047,0.3913783501529158,False
2360,0.3913562315026011,False
2194,0.39133048472599813,False
1617,0.3913014449105725,False
1,0.39128163558988727,False
3759,0.39124173807629126,False
2978,0.39120779057909516,False
2457,0.39120444692737616,False
2883,0.39115463501652836,False
2722,0.39111443043957855,False
2919,0.3911070237584154,False
3641,0.3911055001155648,False
616,0.39108682004044015,False
1336,0.39108194350301145,False
1917,0.3910591776847147,False
1666,0.3910536704162802,False
2477,0.3910483881173042,False
321,0.3909329374512785,False
1333,0.39088719870049793,False
2855,0.3908512566651216,False
1810,0.3908415482030547,False
3232,0.3907927563002953,False
2661,0.39077543340932586,False
1460,0.39070988837367,False
1640,0.3906793143060582,False
2917,0.39065709436808727,False
3887,0.390633321791985,False
3800,0.3906172066164749,False
146,0.39058650257814526,False
2102,0.39058006931363787,False
3239,0.390577592344,False
2538,0.39057484370344775,False
157,0.3905639962311916,False
3548,0.3905364386776313,False
1176,0.39051870564921465,False
1015,0.39051223570270066,False
872,0.39049265962917135,False
3870,0.39042651463564165,False
1901,0.3904192123466927,False
2081,0.3903635601898767,False
3430,0.39034822794121177,False
2563,0.39031953302952016,False
2025,0.39031049451824806,False
2992,0.39028692151301336,False
3188,0.3902704314428564,False
3753,0.390205669873597,False
2060,0.3902001144548541,False
1427,0.39016173999981296,False
2196,0.39015211827857704,False
2065,0.39015163144622333,False
3577,0.3901004054387067,False
726,0.390077810939296,False
1383,0.39006823083978687,False
1090,0.3900583728445739,False
355,0.39005460120302526,False
3179,0.3899392778355693,False
2024,0.38993673415027647,False
210,0.389929030878167,False
3338,0.3899279313754677,False
88,0.3898714078921171,False
3183,0.3898578710825699,False
1912,0.38984092326811165,False
3817,0.38978888306881804,False
3673,0.3897719916010169,False
568,0.3897580847485762,False
3125,0.38973877051577627,False
3288,0.38973016154104384,False
2961,0.3896993918426823,False
3784,0.38969605579096017,False
3121,0.3896894422821711,False
1215,0.3896625067459668,False
1616,0.3896578722814587,False
584,0.389612892935494,False
1602,0.38960292642166316,False
780,0.38960200078878526,False
3022,0.3895588726759798,False
2090,0.3895558916508747,False
3621,0.3894365991648784,False
5,0.3893787979118827,False
3336,0.389313152077324,False
2981,0.38930108117322887,False
201,0.38928572161086566,False
2387,0.3892786977874756,False
2553,0.38926223894912193,False
2730,0.38924561714228373,False
2381,0.38923202609840546,False
2294,0.38921543273721637,False
529,0.38917921904138664,False
3830,0.3891741654303418,False
1737,0.3891690170869496,False
921,0.389148625582521,False
3599,0.3891467476881564,False
3976,0.3891234895792072,False
2502,0.3890942429451767,False
2157,0.3890752869386418,False
3397,0.3890046318327905,False
2401,0.3889894801956045,False
3604,0.3889233039520688,False
3549,0.38867908743384677,False
3080,0.3886592235968432,False
894,0.388648152050547,False
2382,0.38859389973873926,False
3104,0.38852931668720736,False
413,0.38847626152829423,False
2455,0.3884553760226345,False
1142,0.3884341752417441,False
2229,0.3883754421542062,False
1989,0.3883158414407,False
2463,0.38829926456208663,False
1047,0.3882987776939412,False
1075,0.3882984108593459,False
753,0.38829611760763705,False
1369,0.3882747748949923,False
11,0.38826587499545484,False
2193,0.38815825726924963,False
762,0.38815745607275964,False
3111,0.3881519398439022,False
2206,0.3881312417353092,False
1619,0.3881235073841944,False
2631,0.3880962811408232,False
814,0.38804820970946535,False
3301,0.38797056148128856,False
53,0.3879682165876518,False
3271,0.3879632859726893,False
2107,0.387934979399998,False
54,0.3879021189944418,False
988,0.3878433807166599,False
3812,0.3877886420600947,False
410,0.38766700346600713,False
1859,0.38758167395245724,False
3803,0.3875679749799601,False
3810,0.3875474344128559,False
2173,0.3875309600440572,False
130,0.3875036008891884,False
1307,0.3874827458290055,False
676,0.38747802459609215,False
558,0.38744942287113454,False
296,0.38743849222506044,False
1899,0.3874324793378876,False
1295,0.3874148374546464,False
1986,0.3873925330300643,False
1034,0.38736921541287633,False
705,0.387360281012432,False
2160,0.3873160614702744,False
2931,0.3872957004830598,False
166,0.38727218271759883,False
1082,0.3872487749865837,False
2724,0.3872454711451673,False
580,0.38719060583768083,False
3764,0.38712139340041546,False
714,0.38710625767011253,False
3452,0.3870903877581138,False
2621,0.38708978675621003,False
875,0.3870819092765823,False
3647,0.38703040449199166,False
656,0.38699046515103025,False
4442,0.38696148789736134,False
2027,0.38685907140660925,False
725,0.38679100322719484,False
3351,0.3866820109931656,False
429,0.38666726939062696,False
2531,0.38656561460577044,False
1724,0.38654707066944843,False
3574,0.38651607401932647,False
1520,0.38650192453189675,False
338,0.3864157950901456,False
691,0.38637991837388674,False
332,0.3863567488928649,False
732,0.38635052436663647,False
2520,0.3863446739862986,False
3478,0.3863256086218879,False
571,0.3862431279370766,False
3895,0.3862376432573129,False
3362,0.38623016529471993,False
455,0.38621310730088176,False
3773,0.38620671195977174,False
1728,0.38618275980232797,False
3652,0.38613677500345467,False
514,0.3861093345239342,False
3783,0.38610599551164,False
2976,0.3860959923742354,False
957,0.3860840510126827,False
336,0.3860440068280969,False
2117,0.38603886028030593,False
3826,0.3860042019627349,False
2380,0.38594056855596964,False
1908,0.3858806079095682,False
3615,0.3858123406575299,False
6,0.3857540015920004,False
1702,0.3857243413741973,False
1823,0.3856753780196774,False
2792,0.3856752961078814,False
2365,0.3856712177355776,False
2856,0.38558856477581543,False
1549,0.38556103016784243,False
2264,0.385545642959662,False
1358,0.3854566979804864,False
1070,0.38543500727246516,False
2339,0.38538130640074664,False
2420,0.3853244499981572,False
1633,0.3853123139972676,False
802,0.3853096277275625,False
2723,0.38522862207613556,False
1971,0.38522781755871793,False
414,0.3852052375652514,False
1312,0.3851952864573178,False
2395,0.3851933497056213,False
264,0.38517472686403403,False
3193,0.3851105215467513,False
951,0.38505025694795797,False
3932,0.3850138819102676,False
654,0.3850078781829744,False
2690,0.384999609446867,False
2524,0.3849974528572559,False
2608,0.3849972682293664,False
1677,0.38496568734014397,False
1403,0.3848915480952674,False
3695,0.384881073162746,False
1622,0.3848766956881441,False
1704,0.3848583923085574,False
2281,0.3847651894450849,False
3291,0.38476106538102767,False
1104,0.3847422913590982,False
3996,0.3846807527548114,False
3092,0.3846238130174504,False
2567,0.3846065524085736,False
2955,0.38457067631752545,False
2397,0.38454817328595553,False
1479,0.3845444724320638,False
3392,0.3845437974489156,False
1889,0.3845166584015429,False
2364,0.38451566555040867,False
3190,0.3845036456601841,False
1418,0.38450071209618897,False
602,0.3844842925912442,False
2012,0.3844842020282639,False
1216,0.3844814890760209,False
569,0.38446439421730644,False
76,0.3844432564682488,False
2119,0.38439665174358895,False
2112,0.38424987575976227,False
2619,0.38421706469991596,False
1530,0.3841684224091268,False
2446,0.38415830048817234,False
3661,0.384157227674415,False
1271,0.38415004260840013,False
1525,0.38414012901772426,False
2921,0.38411608904207634,False
984,0.3840940502478319,False
3148,0.3840810788109926,False
2909,0.3840725838420222,False
1492,0.38403008937494215,False
1219,0.38400059906539613,False
1308,0.3839943239364335,False
2205,0.38395485190988005,False
1503,0.3839470223084077,False
3144,0.3839415559498998,False
694,0.3838836394951614,False
798,0.38386647895964693,False
251,0.38382392592287673,False
1645,0.3838147631144815,False
1226,0.38381389445902697,False
1557,0.3837590383693072,False
1988,0.38375517684954763,False
331,0.3837285509835421,False
2235,0.38372458092226236,False
508,0.38367088339914907,False
664,0.38366150573221,False
1260,0.38360346005535373,False
2650,0.38358511936584355,False
224,0.3835621619760372,False
3349,0.3835374957589552,False
746,0.3835346440856905,False
2870,0.3835237062723958,False
75,0.3834718691997146,False
143,0.38333943021748235,False
1262,0.3833222735829437,False
2507,0.3833076914955427,False
2203,0.3832518164653374,False
3880,0.38324730177508387,False
1613,0.38322021614509355,False
3494,0.38316447747797583,False
2536,0.3831412186128697,False
350,0.3830881778325586,False
2866,0.3830811990995971,False
1791,0.3830463090863239,False
1964,0.38302628015588447,False
3802,0.38302430318770886,False
3913,0.3829815520784518,False
763,0.3829427229590558,False
926,0.38290116569854554,False
3398,0.3828496533222453,False
2043,0.3828325238559897,False
1190,0.3828322352802246,False
325,0.3827864034176359,False
3504,0.3827289702242107,False
919,0.3827276736722826,False
1096,0.38268537428454175,False
3347,0.3826646765477167,False
1785,0.38266390785272997,False
2498,0.3825973164019544,False
444,0.38257850303380425,False
833,0.3825634759885071,False
1618,0.38255194095939904,False
3363,0.38252174402132266,False
870,0.38251626842054914,False
3304,0.38247035702212434,False
2663,0.38246516627350063,False
1855,0.3824193034833282,False
1228,0.3824011204567568,False
2432,0.3823947496040691,False
2185,0.382386070850879,False
3384,0.3823361505866005,False
2657,0.38232844319705517,False
3881,0.38232085332966953,False
3247,0.3823160014380178,False
570,0.3822525559257149,False
3530,0.3822263277747694,False
3234,0.38220884357671825,False
937,0.3821912556752138,False
2407,0.38217428037165463,False
2358,0.38212977197348486,False
1212,0.3820498478431746,False
3439,0.3820300131181312,False
920,0.38201167232964156,False
2289,0.38200326947165514,False
1741,0.3819726329742314,False
454,0.3819270792801876,False
3973,0.3819136689057313,False
1597,0.3818083258666094,False
3793,0.3817008152461106,False
1858,0.381679553927895,False
3706,0.3815829328145757,False
3974,0.38157462722739394,False
3601,0.38146685636714506,False
2280,0.38134301158384265,False
955,0.38132090714076045,False
1395,0.38131055936450087,False
1582,0.3812594559734649,False
3991,0.38123255444461684,False
312,0.3811949235272897,False
3924,0.38118758027213806,False
646,0.38110414272904863,False
2965,0.3810583604076132,False
335,0.38104533624021236,False
375,0.38099004813193704,False
1046,0.3809862956037213,False
2772,0.38098055530172764,False
3357,0.38092985746874886,False
2692,0.38091481225230917,False
2869,0.3808336607869058,False
658,0.38081356073385375,False
2774,0.3807511143789459,False
3029,0.38070389574569985,False
2605,0.38061505390728584,False
971,0.38056228707512535,False
3525,0.3804947448540398,False
3170,0.3804368311817141,False
791,0.38037891455661965,False
3454,0.3803524918599866,False
933,0.3803127789814563,False
3066,0.3802538673403265,False
2610,0.3802430521676563,False
155,0.38022124308583427,False
633,0.38018139821576313,False
1420,0.38016489082141797,False
1712,0.38015254961176315,False
2359,0.38007516690686644,False
3541,0.38007014370934095,False
1469,0.38000890438392715,False
674,0.37997777889326734,False
1187,0.3799610225252941,False
2230,0.3799461209918125,False
1370,0.37990816971963054,False
2403,0.3797074877682642,False
1298,0.37966634351027406,False
2603,0.37958692902232777,False
409,0.37957095119895135,False
631,0.379487246697786,False
1501,0.3794100784514961,False
2526,0.3793879042553772,False
3522,0.3793012718660095,False
1620,0.3792798744583106,False
720,0.3791815459255071,False
2149,0.3791196389559017,False
560,0.37907904197695513,False
3511,0.37904638288377146,False
824,0.3790020690809865,False
2871,0.37894465795511595,False
2033,0.3787472304873949,False
3126,0.37872828727833063,False
283,0.37870187580862313,False
113,0.3786840778761656,False
136,0.3786234686772642,False
3016,0.3784812509559092,False
1188,0.37846821425205757,False
1265,0.3784586133693809,False
2591,0.3783449164258365,False
2329,0.37833932724554803,False
3339,0.37833265645672115,False
1045,0.37826609246758597,False
3979,0.3777910566387494,False
3769,0.37779043480514024,False
3741,0.37774159197368873,False
1980,0.3776746483718493,False
194,0.37747957090154577,False
2066,0.37737135053828097,False
2577,0.37691585875036043,False
171,0.37661262663359774,False
1799,0.3765715794766908,False
1102,0.3765585925888894,False
3588,0.37650100549397625,False
1550,0.37641795305739334,False
3531,0.3763330541952748,False
1275,0.3761818685871507,False
2233,0.376077724280015,False
2719,0.3760218560769563,False
1155,0.37601847759299734,False
3120,0.3754971372879104,False
1744,0.3750281490515365,False
986,0.3749561474559157,False
2604,0.3747752226747299,False
3572,0.37441516674772274,False
1008,0.3730269605185231,False
